compound_event_id,start_date,end_date,duration_days,n_selected_days,event_type,event_type_name,daily_cluster_counts,total_clusters,min_daily_clusters,max_daily_clusters,n_single_cluster_days,n_multi_cluster_days,event_eps,event_min_samples,mean_area_km2,mean_axis_ratio,axial_mean_azimuth_deg,axial_resultant_length,largest_ellipse_id,largest_ellipse_date,largest_ellipse_area_km2
1,1983-07-13,1983-07-13,1,1,2,Spatially Clustered,4,4,4,4,0,1,2.6315789473684212,8,482981.96871502086,0.4479254500454961,72.55090346095255,0.49415974312524896,1,1983-07-13,790893.7982339282
2,1987-07-23,1987-07-27,5,5,3,Temporally Clustered,1-1-1-1-1,5,1,1,5,0,3.5217391304347827,9,3406235.8557003373,0.6962892634216156,-43.83171975893806,0.9805759358281158,9,1987-07-27,3617358.7046664474
3,1991-06-04,1991-06-05,2,2,3,Temporally Clustered,2-2,4,2,2,0,2,3.242857142857143,8,1220332.3943084232,0.7005223444098176,-5.608481700881171,0.5730805185942988,13,1991-06-05,1391604.9362851547
4,1998-05-24,1998-05-26,3,3,3,Temporally Clustered,2-2-2,6,2,2,0,3,3.272727272727273,8,1315231.3653633923,0.5976617322059767,68.98532754765858,0.5734944904104494,19,1998-05-26,1691752.0450769467
5,1998-08-01,1998-08-11,11,11,4,Compound Clustering (Multi-Type),2-1-1-1-1-1-3-2-2-2-2,18,1,3,5,6,3.34375,8,1890996.8866722127,0.5999220372994115,-37.11568614532833,0.7095186383907957,25,1998-08-05,3719143.4633247466
6,1999-08-18,1999-08-22,5,5,4,Compound Clustering (Multi-Type),4-3-2-1-1,11,1,4,2,3,3.5714285714285716,8,1245192.8451416765,0.6884800066045114,77.01928840539568,0.7032508072126917,48,1999-08-22,2980790.4908226877
7,2000-07-07,2000-07-09,3,3,4,Compound Clustering (Multi-Type),2-2-1,5,1,2,1,2,3.3333333333333335,9,1582257.9385032598,0.5192984744643676,-54.5229715689223,0.5792109744820843,53,2000-07-09,2786813.40424396
8,2000-07-28,2000-08-02,6,6,4,Compound Clustering (Multi-Type),2-2-1-1-1-1,8,1,2,4,2,3.3846153846153846,9,2207820.0147850774,0.4749422450278714,60.70694987097329,0.7875173168478306,58,2000-07-30,3261364.380769941
9,2001-07-28,2001-07-30,3,3,4,Compound Clustering (Multi-Type),1-2-2,5,1,2,1,2,3.5625,9,1477177.3867701597,0.6605999547555449,-9.0564511967045,0.5280344546144173,62,2001-07-28,2678205.374785724
10,2001-08-07,2001-08-12,6,6,4,Compound Clustering (Multi-Type),3-3-3-2-1-1,13,1,3,2,4,3.4107142857142856,10,1089369.7351674975,0.5455748379195396,-22.043278709038987,0.35005976853381265,67,2001-08-07,2349719.955294122
11,2002-07-16,2002-07-20,5,5,4,Compound Clustering (Multi-Type),3-2-1-1-3,10,1,3,2,3,3.764705882352941,9,1736291.3592071526,0.6401314374263603,58.0939307320765,0.3434865283356778,86,2002-07-19,4860803.725702407
12,2002-07-31,2002-07-31,1,1,1,Widespread (Isolated),1,1,1,1,1,0,3.18,10,2008285.8541831207,0.47303544594536723,28.268843334175216,1.0,90,2002-07-31,2008285.8541831207
13,2002-08-06,2002-08-07,2,2,3,Temporally Clustered,4-3,7,3,4,0,2,2.8448275862068964,10,536018.8535572925,0.6175510139385698,5.906610159947817,0.31148286669252373,97,2002-08-07,897540.1852786447
14,2006-08-20,2006-08-23,4,4,3,Temporally Clustered,2-4-3-2,11,2,4,0,4,3.7916666666666665,9,1172543.2795041797,0.6161681480309033,-77.89265540773624,0.1520441307256287,104,2006-08-22,3158053.491710955
15,2007-07-25,2007-08-01,8,8,4,Compound Clustering (Multi-Type),2-1-1-1-2-2-2-1,12,1,2,4,4,3.4210526315789473,9,1740294.5436294554,0.5983544734649769,-30.83002809382954,0.43087050526591203,120,2007-08-01,2984801.288163022
16,2010-06-18,2010-06-22,5,5,3,Temporally Clustered,5-4-3-3-4,19,3,5,0,5,3.1486486486486487,8,654202.7695390846,0.5297069219556817,-82.79104722904398,0.30781022920112155,130,2010-06-20,2090177.9550635067
17,2010-07-08,2010-07-13,6,6,4,Compound Clustering (Multi-Type),3-2-1-2-1-1,10,1,3,3,3,3.380952380952381,9,1323305.969202598,0.5828500098180613,49.79160337150594,0.5060495662038749,143,2010-07-09,2342560.331742774
18,2010-07-16,2010-07-18,3,3,3,Temporally Clustered,3-5-4,12,3,5,0,3,3.125,9,575041.8595801158,0.4629361798785257,59.3905620855561,0.40721310627828733,161,2010-07-18,2349511.4431106183
19,2010-08-01,2010-08-03,3,3,3,Temporally Clustered,2-2-3,7,2,3,0,3,2.840909090909091,8,1104927.3255497718,0.6450339403161036,26.56620584656511,0.6345538408338459,164,2010-08-02,2267725.2931199414
20,2010-08-05,2010-08-21,17,17,4,Compound Clustering (Multi-Type),4-3-3-3-1-1-1-1-1-1-1-2-2-1-1-1-2,29,1,4,10,7,3.392857142857143,9,1854230.2890622565,0.663498639004062,-7.12427826841207,0.2888054178429149,194,2010-08-19,3585652.395054665
21,2011-07-26,2011-08-05,11,11,4,Compound Clustering (Multi-Type),3-3-1-1-1-1-3-3-2-4-4,26,1,4,4,7,3.522727272727273,9,1459340.0564839484,0.5315689968441822,46.60629436542786,0.5175207642967877,205,2011-07-29,4079770.612327572
22,2012-07-13,2012-07-29,17,17,4,Compound Clustering (Multi-Type),2-2-3-2-2-2-2-2-2-2-1-1-1-1-1-1-3,30,1,3,6,11,3.5681818181818183,9,1558685.288592925,0.5485214881564371,-50.16529997989422,0.36318894395526663,226,2012-07-14,3752825.0085132015
23,2015-07-16,2015-07-16,1,1,2,Spatially Clustered,3,3,3,3,0,1,2.96875,8,879219.5655081877,0.583252248122811,2.05251829462172,0.9949518570915262,255,2015-07-16,1711514.1648443607
24,2015-07-28,2015-08-20,24,24,4,Compound Clustering (Multi-Type),1-1-1-1-1-1-1-1-1-1-1-2-2-4-2-3-2-1-2-1-1-1-1-1,34,1,4,17,7,3.6538461538461537,10,2845462.495333227,0.6532121239722064,49.35206200784549,0.15362220602682589,283,2015-08-14,4793893.81516227
25,2016-06-07,2016-06-08,2,2,3,Temporally Clustered,2-2,4,2,2,0,2,3.6578947368421053,10,1552477.1646441212,0.5235901089905062,-32.33505843669505,0.297652504402686,292,2016-06-07,1636214.7916851614
26,2016-07-17,2016-07-18,2,2,3,Temporally Clustered,1-1,2,1,1,2,0,3.0609756097560976,8,2515634.875922542,0.5245046371991284,-8.075046174981651,0.9989242300301497,295,2016-07-17,2609060.086809957
27,2016-08-03,2016-08-03,1,1,1,Widespread (Isolated),1,1,1,1,1,0,3.575,7,2581618.0750895645,0.6141864279277327,-34.47139276618303,1.0,297,2016-08-03,2581618.0750895645
28,2017-06-30,2017-07-06,7,7,4,Compound Clustering (Multi-Type),3-4-2-1-1-2-2,15,1,4,2,5,3.5952380952380953,9,1650915.186197611,0.6565488771744884,67.16073183785497,0.2829929727223018,307,2017-07-03,4750157.629142718
29,2017-07-17,2017-07-18,2,2,3,Temporally Clustered,1-1,2,1,1,2,0,3.5,9,2782040.7522138814,0.6993720340424501,0.7694441576193469,0.978688144135027,313,2017-07-17,2798038.8762947805
30,2017-07-22,2017-07-30,9,9,3,Temporally Clustered,2-3-3-2-2-2-2-3-4,23,2,4,0,9,3.5217391304347827,9,1064506.689242834,0.6356581360438769,27.704078072756545,0.16842157605289315,328,2017-07-27,3630768.137702888
31,2017-08-01,2017-08-13,13,13,4,Compound Clustering (Multi-Type),3-2-2-2-1-1-2-2-3-1-2-2-2,25,1,3,3,10,3.611111111111111,9,1807645.1694451105,0.5812118573131103,-27.404016171696682,0.3172172913068122,348,2017-08-06,4204450.88888185
32,2018-07-09,2018-07-15,7,7,4,Compound Clustering (Multi-Type),1-1-1-1-2-4-2,12,1,4,4,3,3.5434782608695654,9,1889754.556824647,0.6765393294883363,57.8613713656041,0.23944989479005577,366,2018-07-12,3778092.611717459
33,2019-06-26,2019-06-27,2,2,4,Compound Clustering (Multi-Type),1-2,3,1,2,1,1,3.6666666666666665,8,2139103.53587682,0.6340909548672039,18.781971531041663,0.6354542274686338,375,2019-06-26,3280705.5568720335
34,2019-07-18,2019-07-20,3,3,3,Temporally Clustered,2-2-2,6,2,2,0,3,2.988372093023256,8,1003478.8422716778,0.5853250308634385,71.45517498467967,0.8913612601707726,383,2019-07-20,1484707.7099263559
35,2020-07-19,2020-07-21,3,3,3,Temporally Clustered,2-2-2,6,2,2,0,3,3.1,8,1091679.6293995364,0.4813147807212177,77.44868049292998,0.6824244217232759,388,2020-07-21,2142731.076122388
36,2020-07-29,2020-07-31,3,3,3,Temporally Clustered,3-3-2,8,2,3,0,3,3.338709677419355,8,927234.3117927907,0.5608628175622019,-63.790292904077944,0.7233533255931605,396,2020-07-31,2416638.8374307705
37,2021-06-28,2021-07-08,11,11,4,Compound Clustering (Multi-Type),3-3-3-3-2-2-1-2-2-2-2,25,1,3,1,10,3.6875,9,1315659.8507117005,0.5824968233989906,22.46344958639189,0.4141456260523112,413,2021-07-03,4213116.005076589
38,2021-07-18,2021-07-21,4,4,3,Temporally Clustered,1-1-1-1,4,1,1,4,0,3.4615384615384617,8,2532124.363706636,0.8005428262436117,54.73208675177071,0.8927840922050458,426,2021-07-21,2773471.102127803
39,2021-07-26,2021-07-28,3,3,3,Temporally Clustered,3-2-3,8,2,3,0,3,3.5476190476190474,8,1061046.9710311843,0.7070562967194556,73.81303397640545,0.4176605581638391,431,2021-07-27,2357307.685887874
40,2021-07-31,2021-08-09,10,10,3,Temporally Clustered,3-2-3-3-2-2-2-2-2-5,26,2,5,0,10,3.5681818181818183,8,1304279.300899236,0.5894912399046911,16.292940978969554,0.21003852797984418,454,2021-08-08,4268339.192541627
41,2021-08-28,2021-08-28,1,1,1,Widespread (Isolated),1,1,1,1,1,0,3.7666666666666666,8,2628545.67143199,0.8548776149742886,1.3864309866281985,0.9999999999999999,461,2021-08-28,2628545.67143199
42,2022-07-19,2022-07-22,4,4,3,Temporally Clustered,2-4-2-3,11,2,4,0,4,3.05,8,855961.2572223947,0.5871011695821854,38.19057236343991,0.650743459345273,469,2022-07-21,2378837.9975668644
43,2023-07-12,2023-07-12,1,1,2,Spatially Clustered,4,4,4,4,0,1,2.84,8,593859.1418683676,0.6608011358552518,-0.48161364403175355,0.6835407424267222,476,2023-07-12,1186516.1254582698
44,2023-07-15,2023-08-11,28,28,4,Compound Clustering (Multi-Type),1-1-2-1-1-1-1-3-1-1-1-1-1-2-2-4-4-4-4-2-1-1-1-1-2-1-2-2,49,1,4,16,12,3.764705882352941,9,2531807.8002971946,0.6496175774028048,-79.95804463672182,0.20448680831233454,490,2023-07-25,6514507.332676343
45,2023-08-13,2023-08-28,16,16,4,Compound Clustering (Multi-Type),1-1-1-1-2-1-1-1-1-1-2-1-1-1-1-2,19,1,2,13,3,3.7333333333333334,9,2851725.4331214367,0.6013161981275906,-30.160303433464406,0.6218014467222852,541,2023-08-26,4600821.321673834
46,2024-05-20,2024-06-28,40,40,4,Compound Clustering (Multi-Type),2-2-2-2-2-1-1-1-1-1-1-1-1-1-2-1-1-1-1-1-1-4-5-5-2-1-1-1-3-3-2-2-2-2-3-3-3-4-4-3,80,1,5,18,22,3.6470588235294117,11,2053663.5372442908,0.4756771582833359,-89.75877990068989,0.4013510923267149,566,2024-06-04,5879192.192176343
47,2024-07-08,2024-07-29,22,22,4,Compound Clustering (Multi-Type),4-2-2-2-2-1-1-2-2-3-2-2-2-1-1-1-1-2-3-4-3-2,45,1,4,6,16,3.6176470588235294,10,2324401.090879028,0.5284522660720566,-62.74317245114718,0.43745397449734963,640,2024-07-15,5915931.165210725
48,2024-08-05,2024-08-23,19,19,4,Compound Clustering (Multi-Type),2-2-2-2-2-2-1-2-1-1-1-3-1-2-1-1-1-1-2,30,1,3,9,10,3.611111111111111,9,2266314.2162185777,0.5556531160186957,-86.86692529321934,0.32047999751433887,685,2024-08-13,4904080.676153172
49,2025-06-14,2025-06-15,2,2,3,Temporally Clustered,3-4,7,3,4,0,2,3.3793103448275863,7,830661.4202742099,0.5756934395766587,73.57834234830199,0.7771732665823031,700,2025-06-14,2954199.321293613
50,2025-07-14,2025-08-01,19,19,4,Compound Clustering (Multi-Type),1-1-1-1-1-2-5-4-2-2-1-2-2-1-1-2-1-1-2,33,1,5,10,9,3.6470588235294117,10,2529239.5682983645,0.6468684311296731,-36.19466860169203,0.1477373359003621,727,2025-07-24,6274611.539941413
51,2025-08-07,2025-08-15,9,9,4,Compound Clustering (Multi-Type),1-1-2-2-2-1-1-2-2,14,1,2,4,5,3.4285714285714284,9,1701178.4057946154,0.6841574235769757,-43.93190296028709,0.6288741975477384,749,2025-08-13,2772356.9728852585
