date,compound_event_id,day_in_event
1983-07-13,1,1
1987-07-23,2,1
1987-07-24,2,2
1987-07-25,2,3
1987-07-26,2,4
1987-07-27,2,5
1991-06-04,3,1
1991-06-05,3,2
1998-05-24,4,1
1998-05-25,4,2
1998-05-26,4,3
1998-08-01,5,1
1998-08-02,5,2
1998-08-03,5,3
1998-08-04,5,4
1998-08-05,5,5
1998-08-06,5,6
1998-08-07,5,7
1998-08-08,5,8
1998-08-09,5,9
1998-08-10,5,10
1998-08-11,5,11
1999-08-18,6,1
1999-08-19,6,2
1999-08-20,6,3
1999-08-21,6,4
1999-08-22,6,5
2000-07-07,7,1
2000-07-08,7,2
2000-07-09,7,3
2000-07-28,8,1
2000-07-29,8,2
2000-07-30,8,3
2000-07-31,8,4
2000-08-01,8,5
2000-08-02,8,6
2001-07-28,9,1
2001-07-29,9,2
2001-07-30,9,3
2001-08-07,10,1
2001-08-08,10,2
2001-08-09,10,3
2001-08-10,10,4
2001-08-11,10,5
2001-08-12,10,6
2002-07-16,11,1
2002-07-17,11,2
2002-07-18,11,3
2002-07-19,11,4
2002-07-20,11,5
2002-07-31,12,1
2002-08-06,13,1
2002-08-07,13,2
2006-08-20,14,1
2006-08-21,14,2
2006-08-22,14,3
2006-08-23,14,4
2007-07-25,15,1
2007-07-26,15,2
2007-07-27,15,3
2007-07-28,15,4
2007-07-29,15,5
2007-07-30,15,6
2007-07-31,15,7
2007-08-01,15,8
2010-06-18,16,1
2010-06-19,16,2
2010-06-20,16,3
2010-06-21,16,4
2010-06-22,16,5
2010-07-08,17,1
2010-07-09,17,2
2010-07-10,17,3
2010-07-11,17,4
2010-07-12,17,5
2010-07-13,17,6
2010-07-16,18,1
2010-07-17,18,2
2010-07-18,18,3
2010-08-01,19,1
2010-08-02,19,2
2010-08-03,19,3
2010-08-05,20,1
2010-08-06,20,2
2010-08-07,20,3
2010-08-08,20,4
2010-08-09,20,5
2010-08-10,20,6
2010-08-11,20,7
2010-08-12,20,8
2010-08-13,20,9
2010-08-14,20,10
2010-08-15,20,11
2010-08-16,20,12
2010-08-17,20,13
2010-08-18,20,14
2010-08-19,20,15
2010-08-20,20,16
2010-08-21,20,17
2011-07-26,21,1
2011-07-27,21,2
2011-07-28,21,3
2011-07-29,21,4
2011-07-30,21,5
2011-07-31,21,6
2011-08-01,21,7
2011-08-02,21,8
2011-08-03,21,9
2011-08-04,21,10
2011-08-05,21,11
2012-07-13,22,1
2012-07-14,22,2
2012-07-15,22,3
2012-07-16,22,4
2012-07-17,22,5
2012-07-18,22,6
2012-07-19,22,7
2012-07-20,22,8
2012-07-21,22,9
2012-07-22,22,10
2012-07-23,22,11
2012-07-24,22,12
2012-07-25,22,13
2012-07-26,22,14
2012-07-27,22,15
2012-07-28,22,16
2012-07-29,22,17
2015-07-16,23,1
2015-07-28,24,1
2015-07-29,24,2
2015-07-30,24,3
2015-07-31,24,4
2015-08-01,24,5
2015-08-02,24,6
2015-08-03,24,7
2015-08-04,24,8
2015-08-05,24,9
2015-08-06,24,10
2015-08-07,24,11
2015-08-08,24,12
2015-08-09,24,13
2015-08-10,24,14
2015-08-11,24,15
2015-08-12,24,16
2015-08-13,24,17
2015-08-14,24,18
2015-08-15,24,19
2015-08-16,24,20
2015-08-17,24,21
2015-08-18,24,22
2015-08-19,24,23
2015-08-20,24,24
2016-06-07,25,1
2016-06-08,25,2
2016-07-17,26,1
2016-07-18,26,2
2016-08-03,27,1
2017-06-30,28,1
2017-07-01,28,2
2017-07-02,28,3
2017-07-03,28,4
2017-07-04,28,5
2017-07-05,28,6
2017-07-06,28,7
2017-07-17,29,1
2017-07-18,29,2
2017-07-22,30,1
2017-07-23,30,2
2017-07-24,30,3
2017-07-25,30,4
2017-07-26,30,5
2017-07-27,30,6
2017-07-28,30,7
2017-07-29,30,8
2017-07-30,30,9
2017-08-01,31,1
2017-08-02,31,2
2017-08-03,31,3
2017-08-04,31,4
2017-08-05,31,5
2017-08-06,31,6
2017-08-07,31,7
2017-08-08,31,8
2017-08-09,31,9
2017-08-10,31,10
2017-08-11,31,11
2017-08-12,31,12
2017-08-13,31,13
2018-07-09,32,1
2018-07-10,32,2
2018-07-11,32,3
2018-07-12,32,4
2018-07-13,32,5
2018-07-14,32,6
2018-07-15,32,7
2019-06-26,33,1
2019-06-27,33,2
2019-07-18,34,1
2019-07-19,34,2
2019-07-20,34,3
2020-07-19,35,1
2020-07-20,35,2
2020-07-21,35,3
2020-07-29,36,1
2020-07-30,36,2
2020-07-31,36,3
2021-06-28,37,1
2021-06-29,37,2
2021-06-30,37,3
2021-07-01,37,4
2021-07-02,37,5
2021-07-03,37,6
2021-07-04,37,7
2021-07-05,37,8
2021-07-06,37,9
2021-07-07,37,10
2021-07-08,37,11
2021-07-18,38,1
2021-07-19,38,2
2021-07-20,38,3
2021-07-21,38,4
2021-07-26,39,1
2021-07-27,39,2
2021-07-28,39,3
2021-07-31,40,1
2021-08-01,40,2
2021-08-02,40,3
2021-08-03,40,4
2021-08-04,40,5
2021-08-05,40,6
2021-08-06,40,7
2021-08-07,40,8
2021-08-08,40,9
2021-08-09,40,10
2021-08-28,41,1
2022-07-19,42,1
2022-07-20,42,2
2022-07-21,42,3
2022-07-22,42,4
2023-07-12,43,1
2023-07-15,44,1
2023-07-16,44,2
2023-07-17,44,3
2023-07-18,44,4
2023-07-19,44,5
2023-07-20,44,6
2023-07-21,44,7
2023-07-22,44,8
2023-07-23,44,9
2023-07-24,44,10
2023-07-25,44,11
2023-07-26,44,12
2023-07-27,44,13
2023-07-28,44,14
2023-07-29,44,15
2023-07-30,44,16
2023-07-31,44,17
2023-08-01,44,18
2023-08-02,44,19
2023-08-03,44,20
2023-08-04,44,21
2023-08-05,44,22
2023-08-06,44,23
2023-08-07,44,24
2023-08-08,44,25
2023-08-09,44,26
2023-08-10,44,27
2023-08-11,44,28
2023-08-13,45,1
2023-08-14,45,2
2023-08-15,45,3
2023-08-16,45,4
2023-08-17,45,5
2023-08-18,45,6
2023-08-19,45,7
2023-08-20,45,8
2023-08-21,45,9
2023-08-22,45,10
2023-08-23,45,11
2023-08-24,45,12
2023-08-25,45,13
2023-08-26,45,14
2023-08-27,45,15
2023-08-28,45,16
2024-05-20,46,1
2024-05-21,46,2
2024-05-22,46,3
2024-05-23,46,4
2024-05-24,46,5
2024-05-25,46,6
2024-05-26,46,7
2024-05-27,46,8
2024-05-28,46,9
2024-05-29,46,10
2024-05-30,46,11
2024-05-31,46,12
2024-06-01,46,13
2024-06-02,46,14
2024-06-03,46,15
2024-06-04,46,16
2024-06-05,46,17
2024-06-06,46,18
2024-06-07,46,19
2024-06-08,46,20
2024-06-09,46,21
2024-06-10,46,22
2024-06-11,46,23
2024-06-12,46,24
2024-06-13,46,25
2024-06-14,46,26
2024-06-15,46,27
2024-06-16,46,28
2024-06-17,46,29
2024-06-18,46,30
2024-06-19,46,31
2024-06-20,46,32
2024-06-21,46,33
2024-06-22,46,34
2024-06-23,46,35
2024-06-24,46,36
2024-06-25,46,37
2024-06-26,46,38
2024-06-27,46,39
2024-06-28,46,40
2024-07-08,47,1
2024-07-09,47,2
2024-07-10,47,3
2024-07-11,47,4
2024-07-12,47,5
2024-07-13,47,6
2024-07-14,47,7
2024-07-15,47,8
2024-07-16,47,9
2024-07-17,47,10
2024-07-18,47,11
2024-07-19,47,12
2024-07-20,47,13
2024-07-21,47,14
2024-07-22,47,15
2024-07-23,47,16
2024-07-24,47,17
2024-07-25,47,18
2024-07-26,47,19
2024-07-27,47,20
2024-07-28,47,21
2024-07-29,47,22
2024-08-05,48,1
2024-08-06,48,2
2024-08-07,48,3
2024-08-08,48,4
2024-08-09,48,5
2024-08-10,48,6
2024-08-11,48,7
2024-08-12,48,8
2024-08-13,48,9
2024-08-14,48,10
2024-08-15,48,11
2024-08-16,48,12
2024-08-17,48,13
2024-08-18,48,14
2024-08-19,48,15
2024-08-20,48,16
2024-08-21,48,17
2024-08-22,48,18
2024-08-23,48,19
2025-06-14,49,1
2025-06-15,49,2
2025-07-14,50,1
2025-07-15,50,2
2025-07-16,50,3
2025-07-17,50,4
2025-07-18,50,5
2025-07-19,50,6
2025-07-20,50,7
2025-07-21,50,8
2025-07-22,50,9
2025-07-23,50,10
2025-07-24,50,11
2025-07-25,50,12
2025-07-26,50,13
2025-07-27,50,14
2025-07-28,50,15
2025-07-29,50,16
2025-07-30,50,17
2025-07-31,50,18
2025-08-01,50,19
2025-08-07,51,1
2025-08-08,51,2
2025-08-09,51,3
2025-08-10,51,4
2025-08-11,51,5
2025-08-12,51,6
2025-08-13,51,7
2025-08-14,51,8
2025-08-15,51,9
