cell_id,lat,lon,lat_index,lon_index,lat_south,lat_north,lon_west,lon_east
1,10.5,20.5,0,0,10.0,11.0,20.0,21.0
2,10.5,21.5,0,1,10.0,11.0,21.0,22.0
3,10.5,22.5,0,2,10.0,11.0,22.0,23.0
4,10.5,23.5,0,3,10.0,11.0,23.0,24.0
5,10.5,24.5,0,4,10.0,11.0,24.0,25.0
6,10.5,25.5,0,5,10.0,11.0,25.0,26.0
7,10.5,26.5,0,6,10.0,11.0,26.0,27.0
8,10.5,27.5,0,7,10.0,11.0,27.0,28.0
9,10.5,28.5,0,8,10.0,11.0,28.0,29.0
10,10.5,29.5,0,9,10.0,11.0,29.0,30.0
11,10.5,30.5,0,10,10.0,11.0,30.0,31.0
12,10.5,31.5,0,11,10.0,11.0,31.0,32.0
13,10.5,32.5,0,12,10.0,11.0,32.0,33.0
14,10.5,33.5,0,13,10.0,11.0,33.0,34.0
15,10.5,34.5,0,14,10.0,11.0,34.0,35.0
16,10.5,35.5,0,15,10.0,11.0,35.0,36.0
17,10.5,36.5,0,16,10.0,11.0,36.0,37.0
18,10.5,37.5,0,17,10.0,11.0,37.0,38.0
19,10.5,38.5,0,18,10.0,11.0,38.0,39.0
20,10.5,39.5,0,19,10.0,11.0,39.0,40.0
21,10.5,40.5,0,20,10.0,11.0,40.0,41.0
22,10.5,41.5,0,21,10.0,11.0,41.0,42.0
23,10.5,42.5,0,22,10.0,11.0,42.0,43.0
24,10.5,43.5,0,23,10.0,11.0,43.0,44.0
25,10.5,44.5,0,24,10.0,11.0,44.0,45.0
26,10.5,45.5,0,25,10.0,11.0,45.0,46.0
27,10.5,46.5,0,26,10.0,11.0,46.0,47.0
28,10.5,47.5,0,27,10.0,11.0,47.0,48.0
29,10.5,48.5,0,28,10.0,11.0,48.0,49.0
30,10.5,49.5,0,29,10.0,11.0,49.0,50.0
31,10.5,50.5,0,30,10.0,11.0,50.0,51.0
32,10.5,51.5,0,31,10.0,11.0,51.0,52.0
33,10.5,52.5,0,32,10.0,11.0,52.0,53.0
34,10.5,53.5,0,33,10.0,11.0,53.0,54.0
35,10.5,54.5,0,34,10.0,11.0,54.0,55.0
36,10.5,55.5,0,35,10.0,11.0,55.0,56.0
37,10.5,56.5,0,36,10.0,11.0,56.0,57.0
38,10.5,57.5,0,37,10.0,11.0,57.0,58.0
39,10.5,58.5,0,38,10.0,11.0,58.0,59.0
40,10.5,59.5,0,39,10.0,11.0,59.0,60.0
41,10.5,60.5,0,40,10.0,11.0,60.0,61.0
42,10.5,61.5,0,41,10.0,11.0,61.0,62.0
43,10.5,62.5,0,42,10.0,11.0,62.0,63.0
44,10.5,63.5,0,43,10.0,11.0,63.0,64.0
45,10.5,64.5,0,44,10.0,11.0,64.0,65.0
46,10.5,65.5,0,45,10.0,11.0,65.0,66.0
47,10.5,66.5,0,46,10.0,11.0,66.0,67.0
48,10.5,67.5,0,47,10.0,11.0,67.0,68.0
49,10.5,68.5,0,48,10.0,11.0,68.0,69.0
50,10.5,69.5,0,49,10.0,11.0,69.0,70.0
51,11.5,20.5,1,0,11.0,12.0,20.0,21.0
52,11.5,21.5,1,1,11.0,12.0,21.0,22.0
53,11.5,22.5,1,2,11.0,12.0,22.0,23.0
54,11.5,23.5,1,3,11.0,12.0,23.0,24.0
55,11.5,24.5,1,4,11.0,12.0,24.0,25.0
56,11.5,25.5,1,5,11.0,12.0,25.0,26.0
57,11.5,26.5,1,6,11.0,12.0,26.0,27.0
58,11.5,27.5,1,7,11.0,12.0,27.0,28.0
59,11.5,28.5,1,8,11.0,12.0,28.0,29.0
60,11.5,29.5,1,9,11.0,12.0,29.0,30.0
61,11.5,30.5,1,10,11.0,12.0,30.0,31.0
62,11.5,31.5,1,11,11.0,12.0,31.0,32.0
63,11.5,32.5,1,12,11.0,12.0,32.0,33.0
64,11.5,33.5,1,13,11.0,12.0,33.0,34.0
65,11.5,34.5,1,14,11.0,12.0,34.0,35.0
66,11.5,35.5,1,15,11.0,12.0,35.0,36.0
67,11.5,36.5,1,16,11.0,12.0,36.0,37.0
68,11.5,37.5,1,17,11.0,12.0,37.0,38.0
69,11.5,38.5,1,18,11.0,12.0,38.0,39.0
70,11.5,39.5,1,19,11.0,12.0,39.0,40.0
71,11.5,40.5,1,20,11.0,12.0,40.0,41.0
72,11.5,41.5,1,21,11.0,12.0,41.0,42.0
73,11.5,42.5,1,22,11.0,12.0,42.0,43.0
74,11.5,43.5,1,23,11.0,12.0,43.0,44.0
75,11.5,44.5,1,24,11.0,12.0,44.0,45.0
76,11.5,45.5,1,25,11.0,12.0,45.0,46.0
77,11.5,46.5,1,26,11.0,12.0,46.0,47.0
78,11.5,47.5,1,27,11.0,12.0,47.0,48.0
79,11.5,48.5,1,28,11.0,12.0,48.0,49.0
80,11.5,49.5,1,29,11.0,12.0,49.0,50.0
81,11.5,50.5,1,30,11.0,12.0,50.0,51.0
82,11.5,51.5,1,31,11.0,12.0,51.0,52.0
83,11.5,52.5,1,32,11.0,12.0,52.0,53.0
84,11.5,53.5,1,33,11.0,12.0,53.0,54.0
85,11.5,54.5,1,34,11.0,12.0,54.0,55.0
86,11.5,55.5,1,35,11.0,12.0,55.0,56.0
87,11.5,56.5,1,36,11.0,12.0,56.0,57.0
88,11.5,57.5,1,37,11.0,12.0,57.0,58.0
89,11.5,58.5,1,38,11.0,12.0,58.0,59.0
90,11.5,59.5,1,39,11.0,12.0,59.0,60.0
91,11.5,60.5,1,40,11.0,12.0,60.0,61.0
92,11.5,61.5,1,41,11.0,12.0,61.0,62.0
93,11.5,62.5,1,42,11.0,12.0,62.0,63.0
94,11.5,63.5,1,43,11.0,12.0,63.0,64.0
95,11.5,64.5,1,44,11.0,12.0,64.0,65.0
96,11.5,65.5,1,45,11.0,12.0,65.0,66.0
97,11.5,66.5,1,46,11.0,12.0,66.0,67.0
98,11.5,67.5,1,47,11.0,12.0,67.0,68.0
99,11.5,68.5,1,48,11.0,12.0,68.0,69.0
100,11.5,69.5,1,49,11.0,12.0,69.0,70.0
101,12.5,20.5,2,0,12.0,13.0,20.0,21.0
102,12.5,21.5,2,1,12.0,13.0,21.0,22.0
103,12.5,22.5,2,2,12.0,13.0,22.0,23.0
104,12.5,23.5,2,3,12.0,13.0,23.0,24.0
105,12.5,24.5,2,4,12.0,13.0,24.0,25.0
106,12.5,25.5,2,5,12.0,13.0,25.0,26.0
107,12.5,26.5,2,6,12.0,13.0,26.0,27.0
108,12.5,27.5,2,7,12.0,13.0,27.0,28.0
109,12.5,28.5,2,8,12.0,13.0,28.0,29.0
110,12.5,29.5,2,9,12.0,13.0,29.0,30.0
111,12.5,30.5,2,10,12.0,13.0,30.0,31.0
112,12.5,31.5,2,11,12.0,13.0,31.0,32.0
113,12.5,32.5,2,12,12.0,13.0,32.0,33.0
114,12.5,33.5,2,13,12.0,13.0,33.0,34.0
115,12.5,34.5,2,14,12.0,13.0,34.0,35.0
116,12.5,35.5,2,15,12.0,13.0,35.0,36.0
117,12.5,36.5,2,16,12.0,13.0,36.0,37.0
118,12.5,37.5,2,17,12.0,13.0,37.0,38.0
119,12.5,38.5,2,18,12.0,13.0,38.0,39.0
120,12.5,39.5,2,19,12.0,13.0,39.0,40.0
121,12.5,40.5,2,20,12.0,13.0,40.0,41.0
122,12.5,41.5,2,21,12.0,13.0,41.0,42.0
123,12.5,42.5,2,22,12.0,13.0,42.0,43.0
124,12.5,43.5,2,23,12.0,13.0,43.0,44.0
125,12.5,44.5,2,24,12.0,13.0,44.0,45.0
126,12.5,45.5,2,25,12.0,13.0,45.0,46.0
127,12.5,46.5,2,26,12.0,13.0,46.0,47.0
128,12.5,47.5,2,27,12.0,13.0,47.0,48.0
129,12.5,48.5,2,28,12.0,13.0,48.0,49.0
130,12.5,49.5,2,29,12.0,13.0,49.0,50.0
131,12.5,50.5,2,30,12.0,13.0,50.0,51.0
132,12.5,51.5,2,31,12.0,13.0,51.0,52.0
133,12.5,52.5,2,32,12.0,13.0,52.0,53.0
134,12.5,53.5,2,33,12.0,13.0,53.0,54.0
135,12.5,54.5,2,34,12.0,13.0,54.0,55.0
136,12.5,55.5,2,35,12.0,13.0,55.0,56.0
137,12.5,56.5,2,36,12.0,13.0,56.0,57.0
138,12.5,57.5,2,37,12.0,13.0,57.0,58.0
139,12.5,58.5,2,38,12.0,13.0,58.0,59.0
140,12.5,59.5,2,39,12.0,13.0,59.0,60.0
141,12.5,60.5,2,40,12.0,13.0,60.0,61.0
142,12.5,61.5,2,41,12.0,13.0,61.0,62.0
143,12.5,62.5,2,42,12.0,13.0,62.0,63.0
144,12.5,63.5,2,43,12.0,13.0,63.0,64.0
145,12.5,64.5,2,44,12.0,13.0,64.0,65.0
146,12.5,65.5,2,45,12.0,13.0,65.0,66.0
147,12.5,66.5,2,46,12.0,13.0,66.0,67.0
148,12.5,67.5,2,47,12.0,13.0,67.0,68.0
149,12.5,68.5,2,48,12.0,13.0,68.0,69.0
150,12.5,69.5,2,49,12.0,13.0,69.0,70.0
151,13.5,20.5,3,0,13.0,14.0,20.0,21.0
152,13.5,21.5,3,1,13.0,14.0,21.0,22.0
153,13.5,22.5,3,2,13.0,14.0,22.0,23.0
154,13.5,23.5,3,3,13.0,14.0,23.0,24.0
155,13.5,24.5,3,4,13.0,14.0,24.0,25.0
156,13.5,25.5,3,5,13.0,14.0,25.0,26.0
157,13.5,26.5,3,6,13.0,14.0,26.0,27.0
158,13.5,27.5,3,7,13.0,14.0,27.0,28.0
159,13.5,28.5,3,8,13.0,14.0,28.0,29.0
160,13.5,29.5,3,9,13.0,14.0,29.0,30.0
161,13.5,30.5,3,10,13.0,14.0,30.0,31.0
162,13.5,31.5,3,11,13.0,14.0,31.0,32.0
163,13.5,32.5,3,12,13.0,14.0,32.0,33.0
164,13.5,33.5,3,13,13.0,14.0,33.0,34.0
165,13.5,34.5,3,14,13.0,14.0,34.0,35.0
166,13.5,35.5,3,15,13.0,14.0,35.0,36.0
167,13.5,36.5,3,16,13.0,14.0,36.0,37.0
168,13.5,37.5,3,17,13.0,14.0,37.0,38.0
169,13.5,38.5,3,18,13.0,14.0,38.0,39.0
170,13.5,39.5,3,19,13.0,14.0,39.0,40.0
171,13.5,40.5,3,20,13.0,14.0,40.0,41.0
172,13.5,41.5,3,21,13.0,14.0,41.0,42.0
173,13.5,42.5,3,22,13.0,14.0,42.0,43.0
174,13.5,43.5,3,23,13.0,14.0,43.0,44.0
175,13.5,44.5,3,24,13.0,14.0,44.0,45.0
176,13.5,45.5,3,25,13.0,14.0,45.0,46.0
177,13.5,46.5,3,26,13.0,14.0,46.0,47.0
178,13.5,47.5,3,27,13.0,14.0,47.0,48.0
179,13.5,48.5,3,28,13.0,14.0,48.0,49.0
180,13.5,49.5,3,29,13.0,14.0,49.0,50.0
181,13.5,50.5,3,30,13.0,14.0,50.0,51.0
182,13.5,51.5,3,31,13.0,14.0,51.0,52.0
183,13.5,52.5,3,32,13.0,14.0,52.0,53.0
184,13.5,53.5,3,33,13.0,14.0,53.0,54.0
185,13.5,54.5,3,34,13.0,14.0,54.0,55.0
186,13.5,55.5,3,35,13.0,14.0,55.0,56.0
187,13.5,56.5,3,36,13.0,14.0,56.0,57.0
188,13.5,57.5,3,37,13.0,14.0,57.0,58.0
189,13.5,58.5,3,38,13.0,14.0,58.0,59.0
190,13.5,59.5,3,39,13.0,14.0,59.0,60.0
191,13.5,60.5,3,40,13.0,14.0,60.0,61.0
192,13.5,61.5,3,41,13.0,14.0,61.0,62.0
193,13.5,62.5,3,42,13.0,14.0,62.0,63.0
194,13.5,63.5,3,43,13.0,14.0,63.0,64.0
195,13.5,64.5,3,44,13.0,14.0,64.0,65.0
196,13.5,65.5,3,45,13.0,14.0,65.0,66.0
197,13.5,66.5,3,46,13.0,14.0,66.0,67.0
198,13.5,67.5,3,47,13.0,14.0,67.0,68.0
199,13.5,68.5,3,48,13.0,14.0,68.0,69.0
200,13.5,69.5,3,49,13.0,14.0,69.0,70.0
201,14.5,20.5,4,0,14.0,15.0,20.0,21.0
202,14.5,21.5,4,1,14.0,15.0,21.0,22.0
203,14.5,22.5,4,2,14.0,15.0,22.0,23.0
204,14.5,23.5,4,3,14.0,15.0,23.0,24.0
205,14.5,24.5,4,4,14.0,15.0,24.0,25.0
206,14.5,25.5,4,5,14.0,15.0,25.0,26.0
207,14.5,26.5,4,6,14.0,15.0,26.0,27.0
208,14.5,27.5,4,7,14.0,15.0,27.0,28.0
209,14.5,28.5,4,8,14.0,15.0,28.0,29.0
210,14.5,29.5,4,9,14.0,15.0,29.0,30.0
211,14.5,30.5,4,10,14.0,15.0,30.0,31.0
212,14.5,31.5,4,11,14.0,15.0,31.0,32.0
213,14.5,32.5,4,12,14.0,15.0,32.0,33.0
214,14.5,33.5,4,13,14.0,15.0,33.0,34.0
215,14.5,34.5,4,14,14.0,15.0,34.0,35.0
216,14.5,35.5,4,15,14.0,15.0,35.0,36.0
217,14.5,36.5,4,16,14.0,15.0,36.0,37.0
218,14.5,37.5,4,17,14.0,15.0,37.0,38.0
219,14.5,38.5,4,18,14.0,15.0,38.0,39.0
220,14.5,39.5,4,19,14.0,15.0,39.0,40.0
221,14.5,40.5,4,20,14.0,15.0,40.0,41.0
222,14.5,41.5,4,21,14.0,15.0,41.0,42.0
223,14.5,42.5,4,22,14.0,15.0,42.0,43.0
224,14.5,43.5,4,23,14.0,15.0,43.0,44.0
225,14.5,44.5,4,24,14.0,15.0,44.0,45.0
226,14.5,45.5,4,25,14.0,15.0,45.0,46.0
227,14.5,46.5,4,26,14.0,15.0,46.0,47.0
228,14.5,47.5,4,27,14.0,15.0,47.0,48.0
229,14.5,48.5,4,28,14.0,15.0,48.0,49.0
230,14.5,49.5,4,29,14.0,15.0,49.0,50.0
231,14.5,50.5,4,30,14.0,15.0,50.0,51.0
232,14.5,51.5,4,31,14.0,15.0,51.0,52.0
233,14.5,52.5,4,32,14.0,15.0,52.0,53.0
234,14.5,53.5,4,33,14.0,15.0,53.0,54.0
235,14.5,54.5,4,34,14.0,15.0,54.0,55.0
236,14.5,55.5,4,35,14.0,15.0,55.0,56.0
237,14.5,56.5,4,36,14.0,15.0,56.0,57.0
238,14.5,57.5,4,37,14.0,15.0,57.0,58.0
239,14.5,58.5,4,38,14.0,15.0,58.0,59.0
240,14.5,59.5,4,39,14.0,15.0,59.0,60.0
241,14.5,60.5,4,40,14.0,15.0,60.0,61.0
242,14.5,61.5,4,41,14.0,15.0,61.0,62.0
243,14.5,62.5,4,42,14.0,15.0,62.0,63.0
244,14.5,63.5,4,43,14.0,15.0,63.0,64.0
245,14.5,64.5,4,44,14.0,15.0,64.0,65.0
246,14.5,65.5,4,45,14.0,15.0,65.0,66.0
247,14.5,66.5,4,46,14.0,15.0,66.0,67.0
248,14.5,67.5,4,47,14.0,15.0,67.0,68.0
249,14.5,68.5,4,48,14.0,15.0,68.0,69.0
250,14.5,69.5,4,49,14.0,15.0,69.0,70.0
251,15.5,20.5,5,0,15.0,16.0,20.0,21.0
252,15.5,21.5,5,1,15.0,16.0,21.0,22.0
253,15.5,22.5,5,2,15.0,16.0,22.0,23.0
254,15.5,23.5,5,3,15.0,16.0,23.0,24.0
255,15.5,24.5,5,4,15.0,16.0,24.0,25.0
256,15.5,25.5,5,5,15.0,16.0,25.0,26.0
257,15.5,26.5,5,6,15.0,16.0,26.0,27.0
258,15.5,27.5,5,7,15.0,16.0,27.0,28.0
259,15.5,28.5,5,8,15.0,16.0,28.0,29.0
260,15.5,29.5,5,9,15.0,16.0,29.0,30.0
261,15.5,30.5,5,10,15.0,16.0,30.0,31.0
262,15.5,31.5,5,11,15.0,16.0,31.0,32.0
263,15.5,32.5,5,12,15.0,16.0,32.0,33.0
264,15.5,33.5,5,13,15.0,16.0,33.0,34.0
265,15.5,34.5,5,14,15.0,16.0,34.0,35.0
266,15.5,35.5,5,15,15.0,16.0,35.0,36.0
267,15.5,36.5,5,16,15.0,16.0,36.0,37.0
268,15.5,37.5,5,17,15.0,16.0,37.0,38.0
269,15.5,38.5,5,18,15.0,16.0,38.0,39.0
270,15.5,39.5,5,19,15.0,16.0,39.0,40.0
271,15.5,40.5,5,20,15.0,16.0,40.0,41.0
272,15.5,41.5,5,21,15.0,16.0,41.0,42.0
273,15.5,42.5,5,22,15.0,16.0,42.0,43.0
274,15.5,43.5,5,23,15.0,16.0,43.0,44.0
275,15.5,44.5,5,24,15.0,16.0,44.0,45.0
276,15.5,45.5,5,25,15.0,16.0,45.0,46.0
277,15.5,46.5,5,26,15.0,16.0,46.0,47.0
278,15.5,47.5,5,27,15.0,16.0,47.0,48.0
279,15.5,48.5,5,28,15.0,16.0,48.0,49.0
280,15.5,49.5,5,29,15.0,16.0,49.0,50.0
281,15.5,50.5,5,30,15.0,16.0,50.0,51.0
282,15.5,51.5,5,31,15.0,16.0,51.0,52.0
283,15.5,52.5,5,32,15.0,16.0,52.0,53.0
284,15.5,53.5,5,33,15.0,16.0,53.0,54.0
285,15.5,54.5,5,34,15.0,16.0,54.0,55.0
286,15.5,55.5,5,35,15.0,16.0,55.0,56.0
287,15.5,56.5,5,36,15.0,16.0,56.0,57.0
288,15.5,57.5,5,37,15.0,16.0,57.0,58.0
289,15.5,58.5,5,38,15.0,16.0,58.0,59.0
290,15.5,59.5,5,39,15.0,16.0,59.0,60.0
291,15.5,60.5,5,40,15.0,16.0,60.0,61.0
292,15.5,61.5,5,41,15.0,16.0,61.0,62.0
293,15.5,62.5,5,42,15.0,16.0,62.0,63.0
294,15.5,63.5,5,43,15.0,16.0,63.0,64.0
295,15.5,64.5,5,44,15.0,16.0,64.0,65.0
296,15.5,65.5,5,45,15.0,16.0,65.0,66.0
297,15.5,66.5,5,46,15.0,16.0,66.0,67.0
298,15.5,67.5,5,47,15.0,16.0,67.0,68.0
299,15.5,68.5,5,48,15.0,16.0,68.0,69.0
300,15.5,69.5,5,49,15.0,16.0,69.0,70.0
301,16.5,20.5,6,0,16.0,17.0,20.0,21.0
302,16.5,21.5,6,1,16.0,17.0,21.0,22.0
303,16.5,22.5,6,2,16.0,17.0,22.0,23.0
304,16.5,23.5,6,3,16.0,17.0,23.0,24.0
305,16.5,24.5,6,4,16.0,17.0,24.0,25.0
306,16.5,25.5,6,5,16.0,17.0,25.0,26.0
307,16.5,26.5,6,6,16.0,17.0,26.0,27.0
308,16.5,27.5,6,7,16.0,17.0,27.0,28.0
309,16.5,28.5,6,8,16.0,17.0,28.0,29.0
310,16.5,29.5,6,9,16.0,17.0,29.0,30.0
311,16.5,30.5,6,10,16.0,17.0,30.0,31.0
312,16.5,31.5,6,11,16.0,17.0,31.0,32.0
313,16.5,32.5,6,12,16.0,17.0,32.0,33.0
314,16.5,33.5,6,13,16.0,17.0,33.0,34.0
315,16.5,34.5,6,14,16.0,17.0,34.0,35.0
316,16.5,35.5,6,15,16.0,17.0,35.0,36.0
317,16.5,36.5,6,16,16.0,17.0,36.0,37.0
318,16.5,37.5,6,17,16.0,17.0,37.0,38.0
319,16.5,38.5,6,18,16.0,17.0,38.0,39.0
320,16.5,39.5,6,19,16.0,17.0,39.0,40.0
321,16.5,40.5,6,20,16.0,17.0,40.0,41.0
322,16.5,41.5,6,21,16.0,17.0,41.0,42.0
323,16.5,42.5,6,22,16.0,17.0,42.0,43.0
324,16.5,43.5,6,23,16.0,17.0,43.0,44.0
325,16.5,44.5,6,24,16.0,17.0,44.0,45.0
326,16.5,45.5,6,25,16.0,17.0,45.0,46.0
327,16.5,46.5,6,26,16.0,17.0,46.0,47.0
328,16.5,47.5,6,27,16.0,17.0,47.0,48.0
329,16.5,48.5,6,28,16.0,17.0,48.0,49.0
330,16.5,49.5,6,29,16.0,17.0,49.0,50.0
331,16.5,50.5,6,30,16.0,17.0,50.0,51.0
332,16.5,51.5,6,31,16.0,17.0,51.0,52.0
333,16.5,52.5,6,32,16.0,17.0,52.0,53.0
334,16.5,53.5,6,33,16.0,17.0,53.0,54.0
335,16.5,54.5,6,34,16.0,17.0,54.0,55.0
336,16.5,55.5,6,35,16.0,17.0,55.0,56.0
337,16.5,56.5,6,36,16.0,17.0,56.0,57.0
338,16.5,57.5,6,37,16.0,17.0,57.0,58.0
339,16.5,58.5,6,38,16.0,17.0,58.0,59.0
340,16.5,59.5,6,39,16.0,17.0,59.0,60.0
341,16.5,60.5,6,40,16.0,17.0,60.0,61.0
342,16.5,61.5,6,41,16.0,17.0,61.0,62.0
343,16.5,62.5,6,42,16.0,17.0,62.0,63.0
344,16.5,63.5,6,43,16.0,17.0,63.0,64.0
345,16.5,64.5,6,44,16.0,17.0,64.0,65.0
346,16.5,65.5,6,45,16.0,17.0,65.0,66.0
347,16.5,66.5,6,46,16.0,17.0,66.0,67.0
348,16.5,67.5,6,47,16.0,17.0,67.0,68.0
349,16.5,68.5,6,48,16.0,17.0,68.0,69.0
350,16.5,69.5,6,49,16.0,17.0,69.0,70.0
351,17.5,20.5,7,0,17.0,18.0,20.0,21.0
352,17.5,21.5,7,1,17.0,18.0,21.0,22.0
353,17.5,22.5,7,2,17.0,18.0,22.0,23.0
354,17.5,23.5,7,3,17.0,18.0,23.0,24.0
355,17.5,24.5,7,4,17.0,18.0,24.0,25.0
356,17.5,25.5,7,5,17.0,18.0,25.0,26.0
357,17.5,26.5,7,6,17.0,18.0,26.0,27.0
358,17.5,27.5,7,7,17.0,18.0,27.0,28.0
359,17.5,28.5,7,8,17.0,18.0,28.0,29.0
360,17.5,29.5,7,9,17.0,18.0,29.0,30.0
361,17.5,30.5,7,10,17.0,18.0,30.0,31.0
362,17.5,31.5,7,11,17.0,18.0,31.0,32.0
363,17.5,32.5,7,12,17.0,18.0,32.0,33.0
364,17.5,33.5,7,13,17.0,18.0,33.0,34.0
365,17.5,34.5,7,14,17.0,18.0,34.0,35.0
366,17.5,35.5,7,15,17.0,18.0,35.0,36.0
367,17.5,36.5,7,16,17.0,18.0,36.0,37.0
368,17.5,37.5,7,17,17.0,18.0,37.0,38.0
369,17.5,38.5,7,18,17.0,18.0,38.0,39.0
370,17.5,39.5,7,19,17.0,18.0,39.0,40.0
371,17.5,40.5,7,20,17.0,18.0,40.0,41.0
372,17.5,41.5,7,21,17.0,18.0,41.0,42.0
373,17.5,42.5,7,22,17.0,18.0,42.0,43.0
374,17.5,43.5,7,23,17.0,18.0,43.0,44.0
375,17.5,44.5,7,24,17.0,18.0,44.0,45.0
376,17.5,45.5,7,25,17.0,18.0,45.0,46.0
377,17.5,46.5,7,26,17.0,18.0,46.0,47.0
378,17.5,47.5,7,27,17.0,18.0,47.0,48.0
379,17.5,48.5,7,28,17.0,18.0,48.0,49.0
380,17.5,49.5,7,29,17.0,18.0,49.0,50.0
381,17.5,50.5,7,30,17.0,18.0,50.0,51.0
382,17.5,51.5,7,31,17.0,18.0,51.0,52.0
383,17.5,52.5,7,32,17.0,18.0,52.0,53.0
384,17.5,53.5,7,33,17.0,18.0,53.0,54.0
385,17.5,54.5,7,34,17.0,18.0,54.0,55.0
386,17.5,55.5,7,35,17.0,18.0,55.0,56.0
387,17.5,56.5,7,36,17.0,18.0,56.0,57.0
388,17.5,57.5,7,37,17.0,18.0,57.0,58.0
389,17.5,58.5,7,38,17.0,18.0,58.0,59.0
390,17.5,59.5,7,39,17.0,18.0,59.0,60.0
391,17.5,60.5,7,40,17.0,18.0,60.0,61.0
392,17.5,61.5,7,41,17.0,18.0,61.0,62.0
393,17.5,62.5,7,42,17.0,18.0,62.0,63.0
394,17.5,63.5,7,43,17.0,18.0,63.0,64.0
395,17.5,64.5,7,44,17.0,18.0,64.0,65.0
396,17.5,65.5,7,45,17.0,18.0,65.0,66.0
397,17.5,66.5,7,46,17.0,18.0,66.0,67.0
398,17.5,67.5,7,47,17.0,18.0,67.0,68.0
399,17.5,68.5,7,48,17.0,18.0,68.0,69.0
400,17.5,69.5,7,49,17.0,18.0,69.0,70.0
401,18.5,20.5,8,0,18.0,19.0,20.0,21.0
402,18.5,21.5,8,1,18.0,19.0,21.0,22.0
403,18.5,22.5,8,2,18.0,19.0,22.0,23.0
404,18.5,23.5,8,3,18.0,19.0,23.0,24.0
405,18.5,24.5,8,4,18.0,19.0,24.0,25.0
406,18.5,25.5,8,5,18.0,19.0,25.0,26.0
407,18.5,26.5,8,6,18.0,19.0,26.0,27.0
408,18.5,27.5,8,7,18.0,19.0,27.0,28.0
409,18.5,28.5,8,8,18.0,19.0,28.0,29.0
410,18.5,29.5,8,9,18.0,19.0,29.0,30.0
411,18.5,30.5,8,10,18.0,19.0,30.0,31.0
412,18.5,31.5,8,11,18.0,19.0,31.0,32.0
413,18.5,32.5,8,12,18.0,19.0,32.0,33.0
414,18.5,33.5,8,13,18.0,19.0,33.0,34.0
415,18.5,34.5,8,14,18.0,19.0,34.0,35.0
416,18.5,35.5,8,15,18.0,19.0,35.0,36.0
417,18.5,36.5,8,16,18.0,19.0,36.0,37.0
418,18.5,37.5,8,17,18.0,19.0,37.0,38.0
419,18.5,38.5,8,18,18.0,19.0,38.0,39.0
420,18.5,39.5,8,19,18.0,19.0,39.0,40.0
421,18.5,40.5,8,20,18.0,19.0,40.0,41.0
422,18.5,41.5,8,21,18.0,19.0,41.0,42.0
423,18.5,42.5,8,22,18.0,19.0,42.0,43.0
424,18.5,43.5,8,23,18.0,19.0,43.0,44.0
425,18.5,44.5,8,24,18.0,19.0,44.0,45.0
426,18.5,45.5,8,25,18.0,19.0,45.0,46.0
427,18.5,46.5,8,26,18.0,19.0,46.0,47.0
428,18.5,47.5,8,27,18.0,19.0,47.0,48.0
429,18.5,48.5,8,28,18.0,19.0,48.0,49.0
430,18.5,49.5,8,29,18.0,19.0,49.0,50.0
431,18.5,50.5,8,30,18.0,19.0,50.0,51.0
432,18.5,51.5,8,31,18.0,19.0,51.0,52.0
433,18.5,52.5,8,32,18.0,19.0,52.0,53.0
434,18.5,53.5,8,33,18.0,19.0,53.0,54.0
435,18.5,54.5,8,34,18.0,19.0,54.0,55.0
436,18.5,55.5,8,35,18.0,19.0,55.0,56.0
437,18.5,56.5,8,36,18.0,19.0,56.0,57.0
438,18.5,57.5,8,37,18.0,19.0,57.0,58.0
439,18.5,58.5,8,38,18.0,19.0,58.0,59.0
440,18.5,59.5,8,39,18.0,19.0,59.0,60.0
441,18.5,60.5,8,40,18.0,19.0,60.0,61.0
442,18.5,61.5,8,41,18.0,19.0,61.0,62.0
443,18.5,62.5,8,42,18.0,19.0,62.0,63.0
444,18.5,63.5,8,43,18.0,19.0,63.0,64.0
445,18.5,64.5,8,44,18.0,19.0,64.0,65.0
446,18.5,65.5,8,45,18.0,19.0,65.0,66.0
447,18.5,66.5,8,46,18.0,19.0,66.0,67.0
448,18.5,67.5,8,47,18.0,19.0,67.0,68.0
449,18.5,68.5,8,48,18.0,19.0,68.0,69.0
450,18.5,69.5,8,49,18.0,19.0,69.0,70.0
451,19.5,20.5,9,0,19.0,20.0,20.0,21.0
452,19.5,21.5,9,1,19.0,20.0,21.0,22.0
453,19.5,22.5,9,2,19.0,20.0,22.0,23.0
454,19.5,23.5,9,3,19.0,20.0,23.0,24.0
455,19.5,24.5,9,4,19.0,20.0,24.0,25.0
456,19.5,25.5,9,5,19.0,20.0,25.0,26.0
457,19.5,26.5,9,6,19.0,20.0,26.0,27.0
458,19.5,27.5,9,7,19.0,20.0,27.0,28.0
459,19.5,28.5,9,8,19.0,20.0,28.0,29.0
460,19.5,29.5,9,9,19.0,20.0,29.0,30.0
461,19.5,30.5,9,10,19.0,20.0,30.0,31.0
462,19.5,31.5,9,11,19.0,20.0,31.0,32.0
463,19.5,32.5,9,12,19.0,20.0,32.0,33.0
464,19.5,33.5,9,13,19.0,20.0,33.0,34.0
465,19.5,34.5,9,14,19.0,20.0,34.0,35.0
466,19.5,35.5,9,15,19.0,20.0,35.0,36.0
467,19.5,36.5,9,16,19.0,20.0,36.0,37.0
468,19.5,37.5,9,17,19.0,20.0,37.0,38.0
469,19.5,38.5,9,18,19.0,20.0,38.0,39.0
470,19.5,39.5,9,19,19.0,20.0,39.0,40.0
471,19.5,40.5,9,20,19.0,20.0,40.0,41.0
472,19.5,41.5,9,21,19.0,20.0,41.0,42.0
473,19.5,42.5,9,22,19.0,20.0,42.0,43.0
474,19.5,43.5,9,23,19.0,20.0,43.0,44.0
475,19.5,44.5,9,24,19.0,20.0,44.0,45.0
476,19.5,45.5,9,25,19.0,20.0,45.0,46.0
477,19.5,46.5,9,26,19.0,20.0,46.0,47.0
478,19.5,47.5,9,27,19.0,20.0,47.0,48.0
479,19.5,48.5,9,28,19.0,20.0,48.0,49.0
480,19.5,49.5,9,29,19.0,20.0,49.0,50.0
481,19.5,50.5,9,30,19.0,20.0,50.0,51.0
482,19.5,51.5,9,31,19.0,20.0,51.0,52.0
483,19.5,52.5,9,32,19.0,20.0,52.0,53.0
484,19.5,53.5,9,33,19.0,20.0,53.0,54.0
485,19.5,54.5,9,34,19.0,20.0,54.0,55.0
486,19.5,55.5,9,35,19.0,20.0,55.0,56.0
487,19.5,56.5,9,36,19.0,20.0,56.0,57.0
488,19.5,57.5,9,37,19.0,20.0,57.0,58.0
489,19.5,58.5,9,38,19.0,20.0,58.0,59.0
490,19.5,59.5,9,39,19.0,20.0,59.0,60.0
491,19.5,60.5,9,40,19.0,20.0,60.0,61.0
492,19.5,61.5,9,41,19.0,20.0,61.0,62.0
493,19.5,62.5,9,42,19.0,20.0,62.0,63.0
494,19.5,63.5,9,43,19.0,20.0,63.0,64.0
495,19.5,64.5,9,44,19.0,20.0,64.0,65.0
496,19.5,65.5,9,45,19.0,20.0,65.0,66.0
497,19.5,66.5,9,46,19.0,20.0,66.0,67.0
498,19.5,67.5,9,47,19.0,20.0,67.0,68.0
499,19.5,68.5,9,48,19.0,20.0,68.0,69.0
500,19.5,69.5,9,49,19.0,20.0,69.0,70.0
501,20.5,20.5,10,0,20.0,21.0,20.0,21.0
502,20.5,21.5,10,1,20.0,21.0,21.0,22.0
503,20.5,22.5,10,2,20.0,21.0,22.0,23.0
504,20.5,23.5,10,3,20.0,21.0,23.0,24.0
505,20.5,24.5,10,4,20.0,21.0,24.0,25.0
506,20.5,25.5,10,5,20.0,21.0,25.0,26.0
507,20.5,26.5,10,6,20.0,21.0,26.0,27.0
508,20.5,27.5,10,7,20.0,21.0,27.0,28.0
509,20.5,28.5,10,8,20.0,21.0,28.0,29.0
510,20.5,29.5,10,9,20.0,21.0,29.0,30.0
511,20.5,30.5,10,10,20.0,21.0,30.0,31.0
512,20.5,31.5,10,11,20.0,21.0,31.0,32.0
513,20.5,32.5,10,12,20.0,21.0,32.0,33.0
514,20.5,33.5,10,13,20.0,21.0,33.0,34.0
515,20.5,34.5,10,14,20.0,21.0,34.0,35.0
516,20.5,35.5,10,15,20.0,21.0,35.0,36.0
517,20.5,36.5,10,16,20.0,21.0,36.0,37.0
518,20.5,37.5,10,17,20.0,21.0,37.0,38.0
519,20.5,38.5,10,18,20.0,21.0,38.0,39.0
520,20.5,39.5,10,19,20.0,21.0,39.0,40.0
521,20.5,40.5,10,20,20.0,21.0,40.0,41.0
522,20.5,41.5,10,21,20.0,21.0,41.0,42.0
523,20.5,42.5,10,22,20.0,21.0,42.0,43.0
524,20.5,43.5,10,23,20.0,21.0,43.0,44.0
525,20.5,44.5,10,24,20.0,21.0,44.0,45.0
526,20.5,45.5,10,25,20.0,21.0,45.0,46.0
527,20.5,46.5,10,26,20.0,21.0,46.0,47.0
528,20.5,47.5,10,27,20.0,21.0,47.0,48.0
529,20.5,48.5,10,28,20.0,21.0,48.0,49.0
530,20.5,49.5,10,29,20.0,21.0,49.0,50.0
531,20.5,50.5,10,30,20.0,21.0,50.0,51.0
532,20.5,51.5,10,31,20.0,21.0,51.0,52.0
533,20.5,52.5,10,32,20.0,21.0,52.0,53.0
534,20.5,53.5,10,33,20.0,21.0,53.0,54.0
535,20.5,54.5,10,34,20.0,21.0,54.0,55.0
536,20.5,55.5,10,35,20.0,21.0,55.0,56.0
537,20.5,56.5,10,36,20.0,21.0,56.0,57.0
538,20.5,57.5,10,37,20.0,21.0,57.0,58.0
539,20.5,58.5,10,38,20.0,21.0,58.0,59.0
540,20.5,59.5,10,39,20.0,21.0,59.0,60.0
541,20.5,60.5,10,40,20.0,21.0,60.0,61.0
542,20.5,61.5,10,41,20.0,21.0,61.0,62.0
543,20.5,62.5,10,42,20.0,21.0,62.0,63.0
544,20.5,63.5,10,43,20.0,21.0,63.0,64.0
545,20.5,64.5,10,44,20.0,21.0,64.0,65.0
546,20.5,65.5,10,45,20.0,21.0,65.0,66.0
547,20.5,66.5,10,46,20.0,21.0,66.0,67.0
548,20.5,67.5,10,47,20.0,21.0,67.0,68.0
549,20.5,68.5,10,48,20.0,21.0,68.0,69.0
550,20.5,69.5,10,49,20.0,21.0,69.0,70.0
551,21.5,20.5,11,0,21.0,22.0,20.0,21.0
552,21.5,21.5,11,1,21.0,22.0,21.0,22.0
553,21.5,22.5,11,2,21.0,22.0,22.0,23.0
554,21.5,23.5,11,3,21.0,22.0,23.0,24.0
555,21.5,24.5,11,4,21.0,22.0,24.0,25.0
556,21.5,25.5,11,5,21.0,22.0,25.0,26.0
557,21.5,26.5,11,6,21.0,22.0,26.0,27.0
558,21.5,27.5,11,7,21.0,22.0,27.0,28.0
559,21.5,28.5,11,8,21.0,22.0,28.0,29.0
560,21.5,29.5,11,9,21.0,22.0,29.0,30.0
561,21.5,30.5,11,10,21.0,22.0,30.0,31.0
562,21.5,31.5,11,11,21.0,22.0,31.0,32.0
563,21.5,32.5,11,12,21.0,22.0,32.0,33.0
564,21.5,33.5,11,13,21.0,22.0,33.0,34.0
565,21.5,34.5,11,14,21.0,22.0,34.0,35.0
566,21.5,35.5,11,15,21.0,22.0,35.0,36.0
567,21.5,36.5,11,16,21.0,22.0,36.0,37.0
568,21.5,37.5,11,17,21.0,22.0,37.0,38.0
569,21.5,38.5,11,18,21.0,22.0,38.0,39.0
570,21.5,39.5,11,19,21.0,22.0,39.0,40.0
571,21.5,40.5,11,20,21.0,22.0,40.0,41.0
572,21.5,41.5,11,21,21.0,22.0,41.0,42.0
573,21.5,42.5,11,22,21.0,22.0,42.0,43.0
574,21.5,43.5,11,23,21.0,22.0,43.0,44.0
575,21.5,44.5,11,24,21.0,22.0,44.0,45.0
576,21.5,45.5,11,25,21.0,22.0,45.0,46.0
577,21.5,46.5,11,26,21.0,22.0,46.0,47.0
578,21.5,47.5,11,27,21.0,22.0,47.0,48.0
579,21.5,48.5,11,28,21.0,22.0,48.0,49.0
580,21.5,49.5,11,29,21.0,22.0,49.0,50.0
581,21.5,50.5,11,30,21.0,22.0,50.0,51.0
582,21.5,51.5,11,31,21.0,22.0,51.0,52.0
583,21.5,52.5,11,32,21.0,22.0,52.0,53.0
584,21.5,53.5,11,33,21.0,22.0,53.0,54.0
585,21.5,54.5,11,34,21.0,22.0,54.0,55.0
586,21.5,55.5,11,35,21.0,22.0,55.0,56.0
587,21.5,56.5,11,36,21.0,22.0,56.0,57.0
588,21.5,57.5,11,37,21.0,22.0,57.0,58.0
589,21.5,58.5,11,38,21.0,22.0,58.0,59.0
590,21.5,59.5,11,39,21.0,22.0,59.0,60.0
591,21.5,60.5,11,40,21.0,22.0,60.0,61.0
592,21.5,61.5,11,41,21.0,22.0,61.0,62.0
593,21.5,62.5,11,42,21.0,22.0,62.0,63.0
594,21.5,63.5,11,43,21.0,22.0,63.0,64.0
595,21.5,64.5,11,44,21.0,22.0,64.0,65.0
596,21.5,65.5,11,45,21.0,22.0,65.0,66.0
597,21.5,66.5,11,46,21.0,22.0,66.0,67.0
598,21.5,67.5,11,47,21.0,22.0,67.0,68.0
599,21.5,68.5,11,48,21.0,22.0,68.0,69.0
600,21.5,69.5,11,49,21.0,22.0,69.0,70.0
601,22.5,20.5,12,0,22.0,23.0,20.0,21.0
602,22.5,21.5,12,1,22.0,23.0,21.0,22.0
603,22.5,22.5,12,2,22.0,23.0,22.0,23.0
604,22.5,23.5,12,3,22.0,23.0,23.0,24.0
605,22.5,24.5,12,4,22.0,23.0,24.0,25.0
606,22.5,25.5,12,5,22.0,23.0,25.0,26.0
607,22.5,26.5,12,6,22.0,23.0,26.0,27.0
608,22.5,27.5,12,7,22.0,23.0,27.0,28.0
609,22.5,28.5,12,8,22.0,23.0,28.0,29.0
610,22.5,29.5,12,9,22.0,23.0,29.0,30.0
611,22.5,30.5,12,10,22.0,23.0,30.0,31.0
612,22.5,31.5,12,11,22.0,23.0,31.0,32.0
613,22.5,32.5,12,12,22.0,23.0,32.0,33.0
614,22.5,33.5,12,13,22.0,23.0,33.0,34.0
615,22.5,34.5,12,14,22.0,23.0,34.0,35.0
616,22.5,35.5,12,15,22.0,23.0,35.0,36.0
617,22.5,36.5,12,16,22.0,23.0,36.0,37.0
618,22.5,37.5,12,17,22.0,23.0,37.0,38.0
619,22.5,38.5,12,18,22.0,23.0,38.0,39.0
620,22.5,39.5,12,19,22.0,23.0,39.0,40.0
621,22.5,40.5,12,20,22.0,23.0,40.0,41.0
622,22.5,41.5,12,21,22.0,23.0,41.0,42.0
623,22.5,42.5,12,22,22.0,23.0,42.0,43.0
624,22.5,43.5,12,23,22.0,23.0,43.0,44.0
625,22.5,44.5,12,24,22.0,23.0,44.0,45.0
626,22.5,45.5,12,25,22.0,23.0,45.0,46.0
627,22.5,46.5,12,26,22.0,23.0,46.0,47.0
628,22.5,47.5,12,27,22.0,23.0,47.0,48.0
629,22.5,48.5,12,28,22.0,23.0,48.0,49.0
630,22.5,49.5,12,29,22.0,23.0,49.0,50.0
631,22.5,50.5,12,30,22.0,23.0,50.0,51.0
632,22.5,51.5,12,31,22.0,23.0,51.0,52.0
633,22.5,52.5,12,32,22.0,23.0,52.0,53.0
634,22.5,53.5,12,33,22.0,23.0,53.0,54.0
635,22.5,54.5,12,34,22.0,23.0,54.0,55.0
636,22.5,55.5,12,35,22.0,23.0,55.0,56.0
637,22.5,56.5,12,36,22.0,23.0,56.0,57.0
638,22.5,57.5,12,37,22.0,23.0,57.0,58.0
639,22.5,58.5,12,38,22.0,23.0,58.0,59.0
640,22.5,59.5,12,39,22.0,23.0,59.0,60.0
641,22.5,60.5,12,40,22.0,23.0,60.0,61.0
642,22.5,61.5,12,41,22.0,23.0,61.0,62.0
643,22.5,62.5,12,42,22.0,23.0,62.0,63.0
644,22.5,63.5,12,43,22.0,23.0,63.0,64.0
645,22.5,64.5,12,44,22.0,23.0,64.0,65.0
646,22.5,65.5,12,45,22.0,23.0,65.0,66.0
647,22.5,66.5,12,46,22.0,23.0,66.0,67.0
648,22.5,67.5,12,47,22.0,23.0,67.0,68.0
649,22.5,68.5,12,48,22.0,23.0,68.0,69.0
650,22.5,69.5,12,49,22.0,23.0,69.0,70.0
651,23.5,20.5,13,0,23.0,24.0,20.0,21.0
652,23.5,21.5,13,1,23.0,24.0,21.0,22.0
653,23.5,22.5,13,2,23.0,24.0,22.0,23.0
654,23.5,23.5,13,3,23.0,24.0,23.0,24.0
655,23.5,24.5,13,4,23.0,24.0,24.0,25.0
656,23.5,25.5,13,5,23.0,24.0,25.0,26.0
657,23.5,26.5,13,6,23.0,24.0,26.0,27.0
658,23.5,27.5,13,7,23.0,24.0,27.0,28.0
659,23.5,28.5,13,8,23.0,24.0,28.0,29.0
660,23.5,29.5,13,9,23.0,24.0,29.0,30.0
661,23.5,30.5,13,10,23.0,24.0,30.0,31.0
662,23.5,31.5,13,11,23.0,24.0,31.0,32.0
663,23.5,32.5,13,12,23.0,24.0,32.0,33.0
664,23.5,33.5,13,13,23.0,24.0,33.0,34.0
665,23.5,34.5,13,14,23.0,24.0,34.0,35.0
666,23.5,35.5,13,15,23.0,24.0,35.0,36.0
667,23.5,36.5,13,16,23.0,24.0,36.0,37.0
668,23.5,37.5,13,17,23.0,24.0,37.0,38.0
669,23.5,38.5,13,18,23.0,24.0,38.0,39.0
670,23.5,39.5,13,19,23.0,24.0,39.0,40.0
671,23.5,40.5,13,20,23.0,24.0,40.0,41.0
672,23.5,41.5,13,21,23.0,24.0,41.0,42.0
673,23.5,42.5,13,22,23.0,24.0,42.0,43.0
674,23.5,43.5,13,23,23.0,24.0,43.0,44.0
675,23.5,44.5,13,24,23.0,24.0,44.0,45.0
676,23.5,45.5,13,25,23.0,24.0,45.0,46.0
677,23.5,46.5,13,26,23.0,24.0,46.0,47.0
678,23.5,47.5,13,27,23.0,24.0,47.0,48.0
679,23.5,48.5,13,28,23.0,24.0,48.0,49.0
680,23.5,49.5,13,29,23.0,24.0,49.0,50.0
681,23.5,50.5,13,30,23.0,24.0,50.0,51.0
682,23.5,51.5,13,31,23.0,24.0,51.0,52.0
683,23.5,52.5,13,32,23.0,24.0,52.0,53.0
684,23.5,53.5,13,33,23.0,24.0,53.0,54.0
685,23.5,54.5,13,34,23.0,24.0,54.0,55.0
686,23.5,55.5,13,35,23.0,24.0,55.0,56.0
687,23.5,56.5,13,36,23.0,24.0,56.0,57.0
688,23.5,57.5,13,37,23.0,24.0,57.0,58.0
689,23.5,58.5,13,38,23.0,24.0,58.0,59.0
690,23.5,59.5,13,39,23.0,24.0,59.0,60.0
691,23.5,60.5,13,40,23.0,24.0,60.0,61.0
692,23.5,61.5,13,41,23.0,24.0,61.0,62.0
693,23.5,62.5,13,42,23.0,24.0,62.0,63.0
694,23.5,63.5,13,43,23.0,24.0,63.0,64.0
695,23.5,64.5,13,44,23.0,24.0,64.0,65.0
696,23.5,65.5,13,45,23.0,24.0,65.0,66.0
697,23.5,66.5,13,46,23.0,24.0,66.0,67.0
698,23.5,67.5,13,47,23.0,24.0,67.0,68.0
699,23.5,68.5,13,48,23.0,24.0,68.0,69.0
700,23.5,69.5,13,49,23.0,24.0,69.0,70.0
701,24.5,20.5,14,0,24.0,25.0,20.0,21.0
702,24.5,21.5,14,1,24.0,25.0,21.0,22.0
703,24.5,22.5,14,2,24.0,25.0,22.0,23.0
704,24.5,23.5,14,3,24.0,25.0,23.0,24.0
705,24.5,24.5,14,4,24.0,25.0,24.0,25.0
706,24.5,25.5,14,5,24.0,25.0,25.0,26.0
707,24.5,26.5,14,6,24.0,25.0,26.0,27.0
708,24.5,27.5,14,7,24.0,25.0,27.0,28.0
709,24.5,28.5,14,8,24.0,25.0,28.0,29.0
710,24.5,29.5,14,9,24.0,25.0,29.0,30.0
711,24.5,30.5,14,10,24.0,25.0,30.0,31.0
712,24.5,31.5,14,11,24.0,25.0,31.0,32.0
713,24.5,32.5,14,12,24.0,25.0,32.0,33.0
714,24.5,33.5,14,13,24.0,25.0,33.0,34.0
715,24.5,34.5,14,14,24.0,25.0,34.0,35.0
716,24.5,35.5,14,15,24.0,25.0,35.0,36.0
717,24.5,36.5,14,16,24.0,25.0,36.0,37.0
718,24.5,37.5,14,17,24.0,25.0,37.0,38.0
719,24.5,38.5,14,18,24.0,25.0,38.0,39.0
720,24.5,39.5,14,19,24.0,25.0,39.0,40.0
721,24.5,40.5,14,20,24.0,25.0,40.0,41.0
722,24.5,41.5,14,21,24.0,25.0,41.0,42.0
723,24.5,42.5,14,22,24.0,25.0,42.0,43.0
724,24.5,43.5,14,23,24.0,25.0,43.0,44.0
725,24.5,44.5,14,24,24.0,25.0,44.0,45.0
726,24.5,45.5,14,25,24.0,25.0,45.0,46.0
727,24.5,46.5,14,26,24.0,25.0,46.0,47.0
728,24.5,47.5,14,27,24.0,25.0,47.0,48.0
729,24.5,48.5,14,28,24.0,25.0,48.0,49.0
730,24.5,49.5,14,29,24.0,25.0,49.0,50.0
731,24.5,50.5,14,30,24.0,25.0,50.0,51.0
732,24.5,51.5,14,31,24.0,25.0,51.0,52.0
733,24.5,52.5,14,32,24.0,25.0,52.0,53.0
734,24.5,53.5,14,33,24.0,25.0,53.0,54.0
735,24.5,54.5,14,34,24.0,25.0,54.0,55.0
736,24.5,55.5,14,35,24.0,25.0,55.0,56.0
737,24.5,56.5,14,36,24.0,25.0,56.0,57.0
738,24.5,57.5,14,37,24.0,25.0,57.0,58.0
739,24.5,58.5,14,38,24.0,25.0,58.0,59.0
740,24.5,59.5,14,39,24.0,25.0,59.0,60.0
741,24.5,60.5,14,40,24.0,25.0,60.0,61.0
742,24.5,61.5,14,41,24.0,25.0,61.0,62.0
743,24.5,62.5,14,42,24.0,25.0,62.0,63.0
744,24.5,63.5,14,43,24.0,25.0,63.0,64.0
745,24.5,64.5,14,44,24.0,25.0,64.0,65.0
746,24.5,65.5,14,45,24.0,25.0,65.0,66.0
747,24.5,66.5,14,46,24.0,25.0,66.0,67.0
748,24.5,67.5,14,47,24.0,25.0,67.0,68.0
749,24.5,68.5,14,48,24.0,25.0,68.0,69.0
750,24.5,69.5,14,49,24.0,25.0,69.0,70.0
751,25.5,20.5,15,0,25.0,26.0,20.0,21.0
752,25.5,21.5,15,1,25.0,26.0,21.0,22.0
753,25.5,22.5,15,2,25.0,26.0,22.0,23.0
754,25.5,23.5,15,3,25.0,26.0,23.0,24.0
755,25.5,24.5,15,4,25.0,26.0,24.0,25.0
756,25.5,25.5,15,5,25.0,26.0,25.0,26.0
757,25.5,26.5,15,6,25.0,26.0,26.0,27.0
758,25.5,27.5,15,7,25.0,26.0,27.0,28.0
759,25.5,28.5,15,8,25.0,26.0,28.0,29.0
760,25.5,29.5,15,9,25.0,26.0,29.0,30.0
761,25.5,30.5,15,10,25.0,26.0,30.0,31.0
762,25.5,31.5,15,11,25.0,26.0,31.0,32.0
763,25.5,32.5,15,12,25.0,26.0,32.0,33.0
764,25.5,33.5,15,13,25.0,26.0,33.0,34.0
765,25.5,34.5,15,14,25.0,26.0,34.0,35.0
766,25.5,35.5,15,15,25.0,26.0,35.0,36.0
767,25.5,36.5,15,16,25.0,26.0,36.0,37.0
768,25.5,37.5,15,17,25.0,26.0,37.0,38.0
769,25.5,38.5,15,18,25.0,26.0,38.0,39.0
770,25.5,39.5,15,19,25.0,26.0,39.0,40.0
771,25.5,40.5,15,20,25.0,26.0,40.0,41.0
772,25.5,41.5,15,21,25.0,26.0,41.0,42.0
773,25.5,42.5,15,22,25.0,26.0,42.0,43.0
774,25.5,43.5,15,23,25.0,26.0,43.0,44.0
775,25.5,44.5,15,24,25.0,26.0,44.0,45.0
776,25.5,45.5,15,25,25.0,26.0,45.0,46.0
777,25.5,46.5,15,26,25.0,26.0,46.0,47.0
778,25.5,47.5,15,27,25.0,26.0,47.0,48.0
779,25.5,48.5,15,28,25.0,26.0,48.0,49.0
780,25.5,49.5,15,29,25.0,26.0,49.0,50.0
781,25.5,50.5,15,30,25.0,26.0,50.0,51.0
782,25.5,51.5,15,31,25.0,26.0,51.0,52.0
783,25.5,52.5,15,32,25.0,26.0,52.0,53.0
784,25.5,53.5,15,33,25.0,26.0,53.0,54.0
785,25.5,54.5,15,34,25.0,26.0,54.0,55.0
786,25.5,55.5,15,35,25.0,26.0,55.0,56.0
787,25.5,56.5,15,36,25.0,26.0,56.0,57.0
788,25.5,57.5,15,37,25.0,26.0,57.0,58.0
789,25.5,58.5,15,38,25.0,26.0,58.0,59.0
790,25.5,59.5,15,39,25.0,26.0,59.0,60.0
791,25.5,60.5,15,40,25.0,26.0,60.0,61.0
792,25.5,61.5,15,41,25.0,26.0,61.0,62.0
793,25.5,62.5,15,42,25.0,26.0,62.0,63.0
794,25.5,63.5,15,43,25.0,26.0,63.0,64.0
795,25.5,64.5,15,44,25.0,26.0,64.0,65.0
796,25.5,65.5,15,45,25.0,26.0,65.0,66.0
797,25.5,66.5,15,46,25.0,26.0,66.0,67.0
798,25.5,67.5,15,47,25.0,26.0,67.0,68.0
799,25.5,68.5,15,48,25.0,26.0,68.0,69.0
800,25.5,69.5,15,49,25.0,26.0,69.0,70.0
801,26.5,20.5,16,0,26.0,27.0,20.0,21.0
802,26.5,21.5,16,1,26.0,27.0,21.0,22.0
803,26.5,22.5,16,2,26.0,27.0,22.0,23.0
804,26.5,23.5,16,3,26.0,27.0,23.0,24.0
805,26.5,24.5,16,4,26.0,27.0,24.0,25.0
806,26.5,25.5,16,5,26.0,27.0,25.0,26.0
807,26.5,26.5,16,6,26.0,27.0,26.0,27.0
808,26.5,27.5,16,7,26.0,27.0,27.0,28.0
809,26.5,28.5,16,8,26.0,27.0,28.0,29.0
810,26.5,29.5,16,9,26.0,27.0,29.0,30.0
811,26.5,30.5,16,10,26.0,27.0,30.0,31.0
812,26.5,31.5,16,11,26.0,27.0,31.0,32.0
813,26.5,32.5,16,12,26.0,27.0,32.0,33.0
814,26.5,33.5,16,13,26.0,27.0,33.0,34.0
815,26.5,34.5,16,14,26.0,27.0,34.0,35.0
816,26.5,35.5,16,15,26.0,27.0,35.0,36.0
817,26.5,36.5,16,16,26.0,27.0,36.0,37.0
818,26.5,37.5,16,17,26.0,27.0,37.0,38.0
819,26.5,38.5,16,18,26.0,27.0,38.0,39.0
820,26.5,39.5,16,19,26.0,27.0,39.0,40.0
821,26.5,40.5,16,20,26.0,27.0,40.0,41.0
822,26.5,41.5,16,21,26.0,27.0,41.0,42.0
823,26.5,42.5,16,22,26.0,27.0,42.0,43.0
824,26.5,43.5,16,23,26.0,27.0,43.0,44.0
825,26.5,44.5,16,24,26.0,27.0,44.0,45.0
826,26.5,45.5,16,25,26.0,27.0,45.0,46.0
827,26.5,46.5,16,26,26.0,27.0,46.0,47.0
828,26.5,47.5,16,27,26.0,27.0,47.0,48.0
829,26.5,48.5,16,28,26.0,27.0,48.0,49.0
830,26.5,49.5,16,29,26.0,27.0,49.0,50.0
831,26.5,50.5,16,30,26.0,27.0,50.0,51.0
832,26.5,51.5,16,31,26.0,27.0,51.0,52.0
833,26.5,52.5,16,32,26.0,27.0,52.0,53.0
834,26.5,53.5,16,33,26.0,27.0,53.0,54.0
835,26.5,54.5,16,34,26.0,27.0,54.0,55.0
836,26.5,55.5,16,35,26.0,27.0,55.0,56.0
837,26.5,56.5,16,36,26.0,27.0,56.0,57.0
838,26.5,57.5,16,37,26.0,27.0,57.0,58.0
839,26.5,58.5,16,38,26.0,27.0,58.0,59.0
840,26.5,59.5,16,39,26.0,27.0,59.0,60.0
841,26.5,60.5,16,40,26.0,27.0,60.0,61.0
842,26.5,61.5,16,41,26.0,27.0,61.0,62.0
843,26.5,62.5,16,42,26.0,27.0,62.0,63.0
844,26.5,63.5,16,43,26.0,27.0,63.0,64.0
845,26.5,64.5,16,44,26.0,27.0,64.0,65.0
846,26.5,65.5,16,45,26.0,27.0,65.0,66.0
847,26.5,66.5,16,46,26.0,27.0,66.0,67.0
848,26.5,67.5,16,47,26.0,27.0,67.0,68.0
849,26.5,68.5,16,48,26.0,27.0,68.0,69.0
850,26.5,69.5,16,49,26.0,27.0,69.0,70.0
851,27.5,20.5,17,0,27.0,28.0,20.0,21.0
852,27.5,21.5,17,1,27.0,28.0,21.0,22.0
853,27.5,22.5,17,2,27.0,28.0,22.0,23.0
854,27.5,23.5,17,3,27.0,28.0,23.0,24.0
855,27.5,24.5,17,4,27.0,28.0,24.0,25.0
856,27.5,25.5,17,5,27.0,28.0,25.0,26.0
857,27.5,26.5,17,6,27.0,28.0,26.0,27.0
858,27.5,27.5,17,7,27.0,28.0,27.0,28.0
859,27.5,28.5,17,8,27.0,28.0,28.0,29.0
860,27.5,29.5,17,9,27.0,28.0,29.0,30.0
861,27.5,30.5,17,10,27.0,28.0,30.0,31.0
862,27.5,31.5,17,11,27.0,28.0,31.0,32.0
863,27.5,32.5,17,12,27.0,28.0,32.0,33.0
864,27.5,33.5,17,13,27.0,28.0,33.0,34.0
865,27.5,34.5,17,14,27.0,28.0,34.0,35.0
866,27.5,35.5,17,15,27.0,28.0,35.0,36.0
867,27.5,36.5,17,16,27.0,28.0,36.0,37.0
868,27.5,37.5,17,17,27.0,28.0,37.0,38.0
869,27.5,38.5,17,18,27.0,28.0,38.0,39.0
870,27.5,39.5,17,19,27.0,28.0,39.0,40.0
871,27.5,40.5,17,20,27.0,28.0,40.0,41.0
872,27.5,41.5,17,21,27.0,28.0,41.0,42.0
873,27.5,42.5,17,22,27.0,28.0,42.0,43.0
874,27.5,43.5,17,23,27.0,28.0,43.0,44.0
875,27.5,44.5,17,24,27.0,28.0,44.0,45.0
876,27.5,45.5,17,25,27.0,28.0,45.0,46.0
877,27.5,46.5,17,26,27.0,28.0,46.0,47.0
878,27.5,47.5,17,27,27.0,28.0,47.0,48.0
879,27.5,48.5,17,28,27.0,28.0,48.0,49.0
880,27.5,49.5,17,29,27.0,28.0,49.0,50.0
881,27.5,50.5,17,30,27.0,28.0,50.0,51.0
882,27.5,51.5,17,31,27.0,28.0,51.0,52.0
883,27.5,52.5,17,32,27.0,28.0,52.0,53.0
884,27.5,53.5,17,33,27.0,28.0,53.0,54.0
885,27.5,54.5,17,34,27.0,28.0,54.0,55.0
886,27.5,55.5,17,35,27.0,28.0,55.0,56.0
887,27.5,56.5,17,36,27.0,28.0,56.0,57.0
888,27.5,57.5,17,37,27.0,28.0,57.0,58.0
889,27.5,58.5,17,38,27.0,28.0,58.0,59.0
890,27.5,59.5,17,39,27.0,28.0,59.0,60.0
891,27.5,60.5,17,40,27.0,28.0,60.0,61.0
892,27.5,61.5,17,41,27.0,28.0,61.0,62.0
893,27.5,62.5,17,42,27.0,28.0,62.0,63.0
894,27.5,63.5,17,43,27.0,28.0,63.0,64.0
895,27.5,64.5,17,44,27.0,28.0,64.0,65.0
896,27.5,65.5,17,45,27.0,28.0,65.0,66.0
897,27.5,66.5,17,46,27.0,28.0,66.0,67.0
898,27.5,67.5,17,47,27.0,28.0,67.0,68.0
899,27.5,68.5,17,48,27.0,28.0,68.0,69.0
900,27.5,69.5,17,49,27.0,28.0,69.0,70.0
901,28.5,20.5,18,0,28.0,29.0,20.0,21.0
902,28.5,21.5,18,1,28.0,29.0,21.0,22.0
903,28.5,22.5,18,2,28.0,29.0,22.0,23.0
904,28.5,23.5,18,3,28.0,29.0,23.0,24.0
905,28.5,24.5,18,4,28.0,29.0,24.0,25.0
906,28.5,25.5,18,5,28.0,29.0,25.0,26.0
907,28.5,26.5,18,6,28.0,29.0,26.0,27.0
908,28.5,27.5,18,7,28.0,29.0,27.0,28.0
909,28.5,28.5,18,8,28.0,29.0,28.0,29.0
910,28.5,29.5,18,9,28.0,29.0,29.0,30.0
911,28.5,30.5,18,10,28.0,29.0,30.0,31.0
912,28.5,31.5,18,11,28.0,29.0,31.0,32.0
913,28.5,32.5,18,12,28.0,29.0,32.0,33.0
914,28.5,33.5,18,13,28.0,29.0,33.0,34.0
915,28.5,34.5,18,14,28.0,29.0,34.0,35.0
916,28.5,35.5,18,15,28.0,29.0,35.0,36.0
917,28.5,36.5,18,16,28.0,29.0,36.0,37.0
918,28.5,37.5,18,17,28.0,29.0,37.0,38.0
919,28.5,38.5,18,18,28.0,29.0,38.0,39.0
920,28.5,39.5,18,19,28.0,29.0,39.0,40.0
921,28.5,40.5,18,20,28.0,29.0,40.0,41.0
922,28.5,41.5,18,21,28.0,29.0,41.0,42.0
923,28.5,42.5,18,22,28.0,29.0,42.0,43.0
924,28.5,43.5,18,23,28.0,29.0,43.0,44.0
925,28.5,44.5,18,24,28.0,29.0,44.0,45.0
926,28.5,45.5,18,25,28.0,29.0,45.0,46.0
927,28.5,46.5,18,26,28.0,29.0,46.0,47.0
928,28.5,47.5,18,27,28.0,29.0,47.0,48.0
929,28.5,48.5,18,28,28.0,29.0,48.0,49.0
930,28.5,49.5,18,29,28.0,29.0,49.0,50.0
931,28.5,50.5,18,30,28.0,29.0,50.0,51.0
932,28.5,51.5,18,31,28.0,29.0,51.0,52.0
933,28.5,52.5,18,32,28.0,29.0,52.0,53.0
934,28.5,53.5,18,33,28.0,29.0,53.0,54.0
935,28.5,54.5,18,34,28.0,29.0,54.0,55.0
936,28.5,55.5,18,35,28.0,29.0,55.0,56.0
937,28.5,56.5,18,36,28.0,29.0,56.0,57.0
938,28.5,57.5,18,37,28.0,29.0,57.0,58.0
939,28.5,58.5,18,38,28.0,29.0,58.0,59.0
940,28.5,59.5,18,39,28.0,29.0,59.0,60.0
941,28.5,60.5,18,40,28.0,29.0,60.0,61.0
942,28.5,61.5,18,41,28.0,29.0,61.0,62.0
943,28.5,62.5,18,42,28.0,29.0,62.0,63.0
944,28.5,63.5,18,43,28.0,29.0,63.0,64.0
945,28.5,64.5,18,44,28.0,29.0,64.0,65.0
946,28.5,65.5,18,45,28.0,29.0,65.0,66.0
947,28.5,66.5,18,46,28.0,29.0,66.0,67.0
948,28.5,67.5,18,47,28.0,29.0,67.0,68.0
949,28.5,68.5,18,48,28.0,29.0,68.0,69.0
950,28.5,69.5,18,49,28.0,29.0,69.0,70.0
951,29.5,20.5,19,0,29.0,30.0,20.0,21.0
952,29.5,21.5,19,1,29.0,30.0,21.0,22.0
953,29.5,22.5,19,2,29.0,30.0,22.0,23.0
954,29.5,23.5,19,3,29.0,30.0,23.0,24.0
955,29.5,24.5,19,4,29.0,30.0,24.0,25.0
956,29.5,25.5,19,5,29.0,30.0,25.0,26.0
957,29.5,26.5,19,6,29.0,30.0,26.0,27.0
958,29.5,27.5,19,7,29.0,30.0,27.0,28.0
959,29.5,28.5,19,8,29.0,30.0,28.0,29.0
960,29.5,29.5,19,9,29.0,30.0,29.0,30.0
961,29.5,30.5,19,10,29.0,30.0,30.0,31.0
962,29.5,31.5,19,11,29.0,30.0,31.0,32.0
963,29.5,32.5,19,12,29.0,30.0,32.0,33.0
964,29.5,33.5,19,13,29.0,30.0,33.0,34.0
965,29.5,34.5,19,14,29.0,30.0,34.0,35.0
966,29.5,35.5,19,15,29.0,30.0,35.0,36.0
967,29.5,36.5,19,16,29.0,30.0,36.0,37.0
968,29.5,37.5,19,17,29.0,30.0,37.0,38.0
969,29.5,38.5,19,18,29.0,30.0,38.0,39.0
970,29.5,39.5,19,19,29.0,30.0,39.0,40.0
971,29.5,40.5,19,20,29.0,30.0,40.0,41.0
972,29.5,41.5,19,21,29.0,30.0,41.0,42.0
973,29.5,42.5,19,22,29.0,30.0,42.0,43.0
974,29.5,43.5,19,23,29.0,30.0,43.0,44.0
975,29.5,44.5,19,24,29.0,30.0,44.0,45.0
976,29.5,45.5,19,25,29.0,30.0,45.0,46.0
977,29.5,46.5,19,26,29.0,30.0,46.0,47.0
978,29.5,47.5,19,27,29.0,30.0,47.0,48.0
979,29.5,48.5,19,28,29.0,30.0,48.0,49.0
980,29.5,49.5,19,29,29.0,30.0,49.0,50.0
981,29.5,50.5,19,30,29.0,30.0,50.0,51.0
982,29.5,51.5,19,31,29.0,30.0,51.0,52.0
983,29.5,52.5,19,32,29.0,30.0,52.0,53.0
984,29.5,53.5,19,33,29.0,30.0,53.0,54.0
985,29.5,54.5,19,34,29.0,30.0,54.0,55.0
986,29.5,55.5,19,35,29.0,30.0,55.0,56.0
987,29.5,56.5,19,36,29.0,30.0,56.0,57.0
988,29.5,57.5,19,37,29.0,30.0,57.0,58.0
989,29.5,58.5,19,38,29.0,30.0,58.0,59.0
990,29.5,59.5,19,39,29.0,30.0,59.0,60.0
991,29.5,60.5,19,40,29.0,30.0,60.0,61.0
992,29.5,61.5,19,41,29.0,30.0,61.0,62.0
993,29.5,62.5,19,42,29.0,30.0,62.0,63.0
994,29.5,63.5,19,43,29.0,30.0,63.0,64.0
995,29.5,64.5,19,44,29.0,30.0,64.0,65.0
996,29.5,65.5,19,45,29.0,30.0,65.0,66.0
997,29.5,66.5,19,46,29.0,30.0,66.0,67.0
998,29.5,67.5,19,47,29.0,30.0,67.0,68.0
999,29.5,68.5,19,48,29.0,30.0,68.0,69.0
1000,29.5,69.5,19,49,29.0,30.0,69.0,70.0
1001,30.5,20.5,20,0,30.0,31.0,20.0,21.0
1002,30.5,21.5,20,1,30.0,31.0,21.0,22.0
1003,30.5,22.5,20,2,30.0,31.0,22.0,23.0
1004,30.5,23.5,20,3,30.0,31.0,23.0,24.0
1005,30.5,24.5,20,4,30.0,31.0,24.0,25.0
1006,30.5,25.5,20,5,30.0,31.0,25.0,26.0
1007,30.5,26.5,20,6,30.0,31.0,26.0,27.0
1008,30.5,27.5,20,7,30.0,31.0,27.0,28.0
1009,30.5,28.5,20,8,30.0,31.0,28.0,29.0
1010,30.5,29.5,20,9,30.0,31.0,29.0,30.0
1011,30.5,30.5,20,10,30.0,31.0,30.0,31.0
1012,30.5,31.5,20,11,30.0,31.0,31.0,32.0
1013,30.5,32.5,20,12,30.0,31.0,32.0,33.0
1014,30.5,33.5,20,13,30.0,31.0,33.0,34.0
1015,30.5,34.5,20,14,30.0,31.0,34.0,35.0
1016,30.5,35.5,20,15,30.0,31.0,35.0,36.0
1017,30.5,36.5,20,16,30.0,31.0,36.0,37.0
1018,30.5,37.5,20,17,30.0,31.0,37.0,38.0
1019,30.5,38.5,20,18,30.0,31.0,38.0,39.0
1020,30.5,39.5,20,19,30.0,31.0,39.0,40.0
1021,30.5,40.5,20,20,30.0,31.0,40.0,41.0
1022,30.5,41.5,20,21,30.0,31.0,41.0,42.0
1023,30.5,42.5,20,22,30.0,31.0,42.0,43.0
1024,30.5,43.5,20,23,30.0,31.0,43.0,44.0
1025,30.5,44.5,20,24,30.0,31.0,44.0,45.0
1026,30.5,45.5,20,25,30.0,31.0,45.0,46.0
1027,30.5,46.5,20,26,30.0,31.0,46.0,47.0
1028,30.5,47.5,20,27,30.0,31.0,47.0,48.0
1029,30.5,48.5,20,28,30.0,31.0,48.0,49.0
1030,30.5,49.5,20,29,30.0,31.0,49.0,50.0
1031,30.5,50.5,20,30,30.0,31.0,50.0,51.0
1032,30.5,51.5,20,31,30.0,31.0,51.0,52.0
1033,30.5,52.5,20,32,30.0,31.0,52.0,53.0
1034,30.5,53.5,20,33,30.0,31.0,53.0,54.0
1035,30.5,54.5,20,34,30.0,31.0,54.0,55.0
1036,30.5,55.5,20,35,30.0,31.0,55.0,56.0
1037,30.5,56.5,20,36,30.0,31.0,56.0,57.0
1038,30.5,57.5,20,37,30.0,31.0,57.0,58.0
1039,30.5,58.5,20,38,30.0,31.0,58.0,59.0
1040,30.5,59.5,20,39,30.0,31.0,59.0,60.0
1041,30.5,60.5,20,40,30.0,31.0,60.0,61.0
1042,30.5,61.5,20,41,30.0,31.0,61.0,62.0
1043,30.5,62.5,20,42,30.0,31.0,62.0,63.0
1044,30.5,63.5,20,43,30.0,31.0,63.0,64.0
1045,30.5,64.5,20,44,30.0,31.0,64.0,65.0
1046,30.5,65.5,20,45,30.0,31.0,65.0,66.0
1047,30.5,66.5,20,46,30.0,31.0,66.0,67.0
1048,30.5,67.5,20,47,30.0,31.0,67.0,68.0
1049,30.5,68.5,20,48,30.0,31.0,68.0,69.0
1050,30.5,69.5,20,49,30.0,31.0,69.0,70.0
1051,31.5,20.5,21,0,31.0,32.0,20.0,21.0
1052,31.5,21.5,21,1,31.0,32.0,21.0,22.0
1053,31.5,22.5,21,2,31.0,32.0,22.0,23.0
1054,31.5,23.5,21,3,31.0,32.0,23.0,24.0
1055,31.5,24.5,21,4,31.0,32.0,24.0,25.0
1056,31.5,25.5,21,5,31.0,32.0,25.0,26.0
1057,31.5,26.5,21,6,31.0,32.0,26.0,27.0
1058,31.5,27.5,21,7,31.0,32.0,27.0,28.0
1059,31.5,28.5,21,8,31.0,32.0,28.0,29.0
1060,31.5,29.5,21,9,31.0,32.0,29.0,30.0
1061,31.5,30.5,21,10,31.0,32.0,30.0,31.0
1062,31.5,31.5,21,11,31.0,32.0,31.0,32.0
1063,31.5,32.5,21,12,31.0,32.0,32.0,33.0
1064,31.5,33.5,21,13,31.0,32.0,33.0,34.0
1065,31.5,34.5,21,14,31.0,32.0,34.0,35.0
1066,31.5,35.5,21,15,31.0,32.0,35.0,36.0
1067,31.5,36.5,21,16,31.0,32.0,36.0,37.0
1068,31.5,37.5,21,17,31.0,32.0,37.0,38.0
1069,31.5,38.5,21,18,31.0,32.0,38.0,39.0
1070,31.5,39.5,21,19,31.0,32.0,39.0,40.0
1071,31.5,40.5,21,20,31.0,32.0,40.0,41.0
1072,31.5,41.5,21,21,31.0,32.0,41.0,42.0
1073,31.5,42.5,21,22,31.0,32.0,42.0,43.0
1074,31.5,43.5,21,23,31.0,32.0,43.0,44.0
1075,31.5,44.5,21,24,31.0,32.0,44.0,45.0
1076,31.5,45.5,21,25,31.0,32.0,45.0,46.0
1077,31.5,46.5,21,26,31.0,32.0,46.0,47.0
1078,31.5,47.5,21,27,31.0,32.0,47.0,48.0
1079,31.5,48.5,21,28,31.0,32.0,48.0,49.0
1080,31.5,49.5,21,29,31.0,32.0,49.0,50.0
1081,31.5,50.5,21,30,31.0,32.0,50.0,51.0
1082,31.5,51.5,21,31,31.0,32.0,51.0,52.0
1083,31.5,52.5,21,32,31.0,32.0,52.0,53.0
1084,31.5,53.5,21,33,31.0,32.0,53.0,54.0
1085,31.5,54.5,21,34,31.0,32.0,54.0,55.0
1086,31.5,55.5,21,35,31.0,32.0,55.0,56.0
1087,31.5,56.5,21,36,31.0,32.0,56.0,57.0
1088,31.5,57.5,21,37,31.0,32.0,57.0,58.0
1089,31.5,58.5,21,38,31.0,32.0,58.0,59.0
1090,31.5,59.5,21,39,31.0,32.0,59.0,60.0
1091,31.5,60.5,21,40,31.0,32.0,60.0,61.0
1092,31.5,61.5,21,41,31.0,32.0,61.0,62.0
1093,31.5,62.5,21,42,31.0,32.0,62.0,63.0
1094,31.5,63.5,21,43,31.0,32.0,63.0,64.0
1095,31.5,64.5,21,44,31.0,32.0,64.0,65.0
1096,31.5,65.5,21,45,31.0,32.0,65.0,66.0
1097,31.5,66.5,21,46,31.0,32.0,66.0,67.0
1098,31.5,67.5,21,47,31.0,32.0,67.0,68.0
1099,31.5,68.5,21,48,31.0,32.0,68.0,69.0
1100,31.5,69.5,21,49,31.0,32.0,69.0,70.0
1101,32.5,20.5,22,0,32.0,33.0,20.0,21.0
1102,32.5,21.5,22,1,32.0,33.0,21.0,22.0
1103,32.5,22.5,22,2,32.0,33.0,22.0,23.0
1104,32.5,23.5,22,3,32.0,33.0,23.0,24.0
1105,32.5,24.5,22,4,32.0,33.0,24.0,25.0
1106,32.5,25.5,22,5,32.0,33.0,25.0,26.0
1107,32.5,26.5,22,6,32.0,33.0,26.0,27.0
1108,32.5,27.5,22,7,32.0,33.0,27.0,28.0
1109,32.5,28.5,22,8,32.0,33.0,28.0,29.0
1110,32.5,29.5,22,9,32.0,33.0,29.0,30.0
1111,32.5,30.5,22,10,32.0,33.0,30.0,31.0
1112,32.5,31.5,22,11,32.0,33.0,31.0,32.0
1113,32.5,32.5,22,12,32.0,33.0,32.0,33.0
1114,32.5,33.5,22,13,32.0,33.0,33.0,34.0
1115,32.5,34.5,22,14,32.0,33.0,34.0,35.0
1116,32.5,35.5,22,15,32.0,33.0,35.0,36.0
1117,32.5,36.5,22,16,32.0,33.0,36.0,37.0
1118,32.5,37.5,22,17,32.0,33.0,37.0,38.0
1119,32.5,38.5,22,18,32.0,33.0,38.0,39.0
1120,32.5,39.5,22,19,32.0,33.0,39.0,40.0
1121,32.5,40.5,22,20,32.0,33.0,40.0,41.0
1122,32.5,41.5,22,21,32.0,33.0,41.0,42.0
1123,32.5,42.5,22,22,32.0,33.0,42.0,43.0
1124,32.5,43.5,22,23,32.0,33.0,43.0,44.0
1125,32.5,44.5,22,24,32.0,33.0,44.0,45.0
1126,32.5,45.5,22,25,32.0,33.0,45.0,46.0
1127,32.5,46.5,22,26,32.0,33.0,46.0,47.0
1128,32.5,47.5,22,27,32.0,33.0,47.0,48.0
1129,32.5,48.5,22,28,32.0,33.0,48.0,49.0
1130,32.5,49.5,22,29,32.0,33.0,49.0,50.0
1131,32.5,50.5,22,30,32.0,33.0,50.0,51.0
1132,32.5,51.5,22,31,32.0,33.0,51.0,52.0
1133,32.5,52.5,22,32,32.0,33.0,52.0,53.0
1134,32.5,53.5,22,33,32.0,33.0,53.0,54.0
1135,32.5,54.5,22,34,32.0,33.0,54.0,55.0
1136,32.5,55.5,22,35,32.0,33.0,55.0,56.0
1137,32.5,56.5,22,36,32.0,33.0,56.0,57.0
1138,32.5,57.5,22,37,32.0,33.0,57.0,58.0
1139,32.5,58.5,22,38,32.0,33.0,58.0,59.0
1140,32.5,59.5,22,39,32.0,33.0,59.0,60.0
1141,32.5,60.5,22,40,32.0,33.0,60.0,61.0
1142,32.5,61.5,22,41,32.0,33.0,61.0,62.0
1143,32.5,62.5,22,42,32.0,33.0,62.0,63.0
1144,32.5,63.5,22,43,32.0,33.0,63.0,64.0
1145,32.5,64.5,22,44,32.0,33.0,64.0,65.0
1146,32.5,65.5,22,45,32.0,33.0,65.0,66.0
1147,32.5,66.5,22,46,32.0,33.0,66.0,67.0
1148,32.5,67.5,22,47,32.0,33.0,67.0,68.0
1149,32.5,68.5,22,48,32.0,33.0,68.0,69.0
1150,32.5,69.5,22,49,32.0,33.0,69.0,70.0
1151,33.5,20.5,23,0,33.0,34.0,20.0,21.0
1152,33.5,21.5,23,1,33.0,34.0,21.0,22.0
1153,33.5,22.5,23,2,33.0,34.0,22.0,23.0
1154,33.5,23.5,23,3,33.0,34.0,23.0,24.0
1155,33.5,24.5,23,4,33.0,34.0,24.0,25.0
1156,33.5,25.5,23,5,33.0,34.0,25.0,26.0
1157,33.5,26.5,23,6,33.0,34.0,26.0,27.0
1158,33.5,27.5,23,7,33.0,34.0,27.0,28.0
1159,33.5,28.5,23,8,33.0,34.0,28.0,29.0
1160,33.5,29.5,23,9,33.0,34.0,29.0,30.0
1161,33.5,30.5,23,10,33.0,34.0,30.0,31.0
1162,33.5,31.5,23,11,33.0,34.0,31.0,32.0
1163,33.5,32.5,23,12,33.0,34.0,32.0,33.0
1164,33.5,33.5,23,13,33.0,34.0,33.0,34.0
1165,33.5,34.5,23,14,33.0,34.0,34.0,35.0
1166,33.5,35.5,23,15,33.0,34.0,35.0,36.0
1167,33.5,36.5,23,16,33.0,34.0,36.0,37.0
1168,33.5,37.5,23,17,33.0,34.0,37.0,38.0
1169,33.5,38.5,23,18,33.0,34.0,38.0,39.0
1170,33.5,39.5,23,19,33.0,34.0,39.0,40.0
1171,33.5,40.5,23,20,33.0,34.0,40.0,41.0
1172,33.5,41.5,23,21,33.0,34.0,41.0,42.0
1173,33.5,42.5,23,22,33.0,34.0,42.0,43.0
1174,33.5,43.5,23,23,33.0,34.0,43.0,44.0
1175,33.5,44.5,23,24,33.0,34.0,44.0,45.0
1176,33.5,45.5,23,25,33.0,34.0,45.0,46.0
1177,33.5,46.5,23,26,33.0,34.0,46.0,47.0
1178,33.5,47.5,23,27,33.0,34.0,47.0,48.0
1179,33.5,48.5,23,28,33.0,34.0,48.0,49.0
1180,33.5,49.5,23,29,33.0,34.0,49.0,50.0
1181,33.5,50.5,23,30,33.0,34.0,50.0,51.0
1182,33.5,51.5,23,31,33.0,34.0,51.0,52.0
1183,33.5,52.5,23,32,33.0,34.0,52.0,53.0
1184,33.5,53.5,23,33,33.0,34.0,53.0,54.0
1185,33.5,54.5,23,34,33.0,34.0,54.0,55.0
1186,33.5,55.5,23,35,33.0,34.0,55.0,56.0
1187,33.5,56.5,23,36,33.0,34.0,56.0,57.0
1188,33.5,57.5,23,37,33.0,34.0,57.0,58.0
1189,33.5,58.5,23,38,33.0,34.0,58.0,59.0
1190,33.5,59.5,23,39,33.0,34.0,59.0,60.0
1191,33.5,60.5,23,40,33.0,34.0,60.0,61.0
1192,33.5,61.5,23,41,33.0,34.0,61.0,62.0
1193,33.5,62.5,23,42,33.0,34.0,62.0,63.0
1194,33.5,63.5,23,43,33.0,34.0,63.0,64.0
1195,33.5,64.5,23,44,33.0,34.0,64.0,65.0
1196,33.5,65.5,23,45,33.0,34.0,65.0,66.0
1197,33.5,66.5,23,46,33.0,34.0,66.0,67.0
1198,33.5,67.5,23,47,33.0,34.0,67.0,68.0
1199,33.5,68.5,23,48,33.0,34.0,68.0,69.0
1200,33.5,69.5,23,49,33.0,34.0,69.0,70.0
1201,34.5,20.5,24,0,34.0,35.0,20.0,21.0
1202,34.5,21.5,24,1,34.0,35.0,21.0,22.0
1203,34.5,22.5,24,2,34.0,35.0,22.0,23.0
1204,34.5,23.5,24,3,34.0,35.0,23.0,24.0
1205,34.5,24.5,24,4,34.0,35.0,24.0,25.0
1206,34.5,25.5,24,5,34.0,35.0,25.0,26.0
1207,34.5,26.5,24,6,34.0,35.0,26.0,27.0
1208,34.5,27.5,24,7,34.0,35.0,27.0,28.0
1209,34.5,28.5,24,8,34.0,35.0,28.0,29.0
1210,34.5,29.5,24,9,34.0,35.0,29.0,30.0
1211,34.5,30.5,24,10,34.0,35.0,30.0,31.0
1212,34.5,31.5,24,11,34.0,35.0,31.0,32.0
1213,34.5,32.5,24,12,34.0,35.0,32.0,33.0
1214,34.5,33.5,24,13,34.0,35.0,33.0,34.0
1215,34.5,34.5,24,14,34.0,35.0,34.0,35.0
1216,34.5,35.5,24,15,34.0,35.0,35.0,36.0
1217,34.5,36.5,24,16,34.0,35.0,36.0,37.0
1218,34.5,37.5,24,17,34.0,35.0,37.0,38.0
1219,34.5,38.5,24,18,34.0,35.0,38.0,39.0
1220,34.5,39.5,24,19,34.0,35.0,39.0,40.0
1221,34.5,40.5,24,20,34.0,35.0,40.0,41.0
1222,34.5,41.5,24,21,34.0,35.0,41.0,42.0
1223,34.5,42.5,24,22,34.0,35.0,42.0,43.0
1224,34.5,43.5,24,23,34.0,35.0,43.0,44.0
1225,34.5,44.5,24,24,34.0,35.0,44.0,45.0
1226,34.5,45.5,24,25,34.0,35.0,45.0,46.0
1227,34.5,46.5,24,26,34.0,35.0,46.0,47.0
1228,34.5,47.5,24,27,34.0,35.0,47.0,48.0
1229,34.5,48.5,24,28,34.0,35.0,48.0,49.0
1230,34.5,49.5,24,29,34.0,35.0,49.0,50.0
1231,34.5,50.5,24,30,34.0,35.0,50.0,51.0
1232,34.5,51.5,24,31,34.0,35.0,51.0,52.0
1233,34.5,52.5,24,32,34.0,35.0,52.0,53.0
1234,34.5,53.5,24,33,34.0,35.0,53.0,54.0
1235,34.5,54.5,24,34,34.0,35.0,54.0,55.0
1236,34.5,55.5,24,35,34.0,35.0,55.0,56.0
1237,34.5,56.5,24,36,34.0,35.0,56.0,57.0
1238,34.5,57.5,24,37,34.0,35.0,57.0,58.0
1239,34.5,58.5,24,38,34.0,35.0,58.0,59.0
1240,34.5,59.5,24,39,34.0,35.0,59.0,60.0
1241,34.5,60.5,24,40,34.0,35.0,60.0,61.0
1242,34.5,61.5,24,41,34.0,35.0,61.0,62.0
1243,34.5,62.5,24,42,34.0,35.0,62.0,63.0
1244,34.5,63.5,24,43,34.0,35.0,63.0,64.0
1245,34.5,64.5,24,44,34.0,35.0,64.0,65.0
1246,34.5,65.5,24,45,34.0,35.0,65.0,66.0
1247,34.5,66.5,24,46,34.0,35.0,66.0,67.0
1248,34.5,67.5,24,47,34.0,35.0,67.0,68.0
1249,34.5,68.5,24,48,34.0,35.0,68.0,69.0
1250,34.5,69.5,24,49,34.0,35.0,69.0,70.0
1251,35.5,20.5,25,0,35.0,36.0,20.0,21.0
1252,35.5,21.5,25,1,35.0,36.0,21.0,22.0
1253,35.5,22.5,25,2,35.0,36.0,22.0,23.0
1254,35.5,23.5,25,3,35.0,36.0,23.0,24.0
1255,35.5,24.5,25,4,35.0,36.0,24.0,25.0
1256,35.5,25.5,25,5,35.0,36.0,25.0,26.0
1257,35.5,26.5,25,6,35.0,36.0,26.0,27.0
1258,35.5,27.5,25,7,35.0,36.0,27.0,28.0
1259,35.5,28.5,25,8,35.0,36.0,28.0,29.0
1260,35.5,29.5,25,9,35.0,36.0,29.0,30.0
1261,35.5,30.5,25,10,35.0,36.0,30.0,31.0
1262,35.5,31.5,25,11,35.0,36.0,31.0,32.0
1263,35.5,32.5,25,12,35.0,36.0,32.0,33.0
1264,35.5,33.5,25,13,35.0,36.0,33.0,34.0
1265,35.5,34.5,25,14,35.0,36.0,34.0,35.0
1266,35.5,35.5,25,15,35.0,36.0,35.0,36.0
1267,35.5,36.5,25,16,35.0,36.0,36.0,37.0
1268,35.5,37.5,25,17,35.0,36.0,37.0,38.0
1269,35.5,38.5,25,18,35.0,36.0,38.0,39.0
1270,35.5,39.5,25,19,35.0,36.0,39.0,40.0
1271,35.5,40.5,25,20,35.0,36.0,40.0,41.0
1272,35.5,41.5,25,21,35.0,36.0,41.0,42.0
1273,35.5,42.5,25,22,35.0,36.0,42.0,43.0
1274,35.5,43.5,25,23,35.0,36.0,43.0,44.0
1275,35.5,44.5,25,24,35.0,36.0,44.0,45.0
1276,35.5,45.5,25,25,35.0,36.0,45.0,46.0
1277,35.5,46.5,25,26,35.0,36.0,46.0,47.0
1278,35.5,47.5,25,27,35.0,36.0,47.0,48.0
1279,35.5,48.5,25,28,35.0,36.0,48.0,49.0
1280,35.5,49.5,25,29,35.0,36.0,49.0,50.0
1281,35.5,50.5,25,30,35.0,36.0,50.0,51.0
1282,35.5,51.5,25,31,35.0,36.0,51.0,52.0
1283,35.5,52.5,25,32,35.0,36.0,52.0,53.0
1284,35.5,53.5,25,33,35.0,36.0,53.0,54.0
1285,35.5,54.5,25,34,35.0,36.0,54.0,55.0
1286,35.5,55.5,25,35,35.0,36.0,55.0,56.0
1287,35.5,56.5,25,36,35.0,36.0,56.0,57.0
1288,35.5,57.5,25,37,35.0,36.0,57.0,58.0
1289,35.5,58.5,25,38,35.0,36.0,58.0,59.0
1290,35.5,59.5,25,39,35.0,36.0,59.0,60.0
1291,35.5,60.5,25,40,35.0,36.0,60.0,61.0
1292,35.5,61.5,25,41,35.0,36.0,61.0,62.0
1293,35.5,62.5,25,42,35.0,36.0,62.0,63.0
1294,35.5,63.5,25,43,35.0,36.0,63.0,64.0
1295,35.5,64.5,25,44,35.0,36.0,64.0,65.0
1296,35.5,65.5,25,45,35.0,36.0,65.0,66.0
1297,35.5,66.5,25,46,35.0,36.0,66.0,67.0
1298,35.5,67.5,25,47,35.0,36.0,67.0,68.0
1299,35.5,68.5,25,48,35.0,36.0,68.0,69.0
1300,35.5,69.5,25,49,35.0,36.0,69.0,70.0
1301,36.5,20.5,26,0,36.0,37.0,20.0,21.0
1302,36.5,21.5,26,1,36.0,37.0,21.0,22.0
1303,36.5,22.5,26,2,36.0,37.0,22.0,23.0
1304,36.5,23.5,26,3,36.0,37.0,23.0,24.0
1305,36.5,24.5,26,4,36.0,37.0,24.0,25.0
1306,36.5,25.5,26,5,36.0,37.0,25.0,26.0
1307,36.5,26.5,26,6,36.0,37.0,26.0,27.0
1308,36.5,27.5,26,7,36.0,37.0,27.0,28.0
1309,36.5,28.5,26,8,36.0,37.0,28.0,29.0
1310,36.5,29.5,26,9,36.0,37.0,29.0,30.0
1311,36.5,30.5,26,10,36.0,37.0,30.0,31.0
1312,36.5,31.5,26,11,36.0,37.0,31.0,32.0
1313,36.5,32.5,26,12,36.0,37.0,32.0,33.0
1314,36.5,33.5,26,13,36.0,37.0,33.0,34.0
1315,36.5,34.5,26,14,36.0,37.0,34.0,35.0
1316,36.5,35.5,26,15,36.0,37.0,35.0,36.0
1317,36.5,36.5,26,16,36.0,37.0,36.0,37.0
1318,36.5,37.5,26,17,36.0,37.0,37.0,38.0
1319,36.5,38.5,26,18,36.0,37.0,38.0,39.0
1320,36.5,39.5,26,19,36.0,37.0,39.0,40.0
1321,36.5,40.5,26,20,36.0,37.0,40.0,41.0
1322,36.5,41.5,26,21,36.0,37.0,41.0,42.0
1323,36.5,42.5,26,22,36.0,37.0,42.0,43.0
1324,36.5,43.5,26,23,36.0,37.0,43.0,44.0
1325,36.5,44.5,26,24,36.0,37.0,44.0,45.0
1326,36.5,45.5,26,25,36.0,37.0,45.0,46.0
1327,36.5,46.5,26,26,36.0,37.0,46.0,47.0
1328,36.5,47.5,26,27,36.0,37.0,47.0,48.0
1329,36.5,48.5,26,28,36.0,37.0,48.0,49.0
1330,36.5,49.5,26,29,36.0,37.0,49.0,50.0
1331,36.5,50.5,26,30,36.0,37.0,50.0,51.0
1332,36.5,51.5,26,31,36.0,37.0,51.0,52.0
1333,36.5,52.5,26,32,36.0,37.0,52.0,53.0
1334,36.5,53.5,26,33,36.0,37.0,53.0,54.0
1335,36.5,54.5,26,34,36.0,37.0,54.0,55.0
1336,36.5,55.5,26,35,36.0,37.0,55.0,56.0
1337,36.5,56.5,26,36,36.0,37.0,56.0,57.0
1338,36.5,57.5,26,37,36.0,37.0,57.0,58.0
1339,36.5,58.5,26,38,36.0,37.0,58.0,59.0
1340,36.5,59.5,26,39,36.0,37.0,59.0,60.0
1341,36.5,60.5,26,40,36.0,37.0,60.0,61.0
1342,36.5,61.5,26,41,36.0,37.0,61.0,62.0
1343,36.5,62.5,26,42,36.0,37.0,62.0,63.0
1344,36.5,63.5,26,43,36.0,37.0,63.0,64.0
1345,36.5,64.5,26,44,36.0,37.0,64.0,65.0
1346,36.5,65.5,26,45,36.0,37.0,65.0,66.0
1347,36.5,66.5,26,46,36.0,37.0,66.0,67.0
1348,36.5,67.5,26,47,36.0,37.0,67.0,68.0
1349,36.5,68.5,26,48,36.0,37.0,68.0,69.0
1350,36.5,69.5,26,49,36.0,37.0,69.0,70.0
1351,37.5,20.5,27,0,37.0,38.0,20.0,21.0
1352,37.5,21.5,27,1,37.0,38.0,21.0,22.0
1353,37.5,22.5,27,2,37.0,38.0,22.0,23.0
1354,37.5,23.5,27,3,37.0,38.0,23.0,24.0
1355,37.5,24.5,27,4,37.0,38.0,24.0,25.0
1356,37.5,25.5,27,5,37.0,38.0,25.0,26.0
1357,37.5,26.5,27,6,37.0,38.0,26.0,27.0
1358,37.5,27.5,27,7,37.0,38.0,27.0,28.0
1359,37.5,28.5,27,8,37.0,38.0,28.0,29.0
1360,37.5,29.5,27,9,37.0,38.0,29.0,30.0
1361,37.5,30.5,27,10,37.0,38.0,30.0,31.0
1362,37.5,31.5,27,11,37.0,38.0,31.0,32.0
1363,37.5,32.5,27,12,37.0,38.0,32.0,33.0
1364,37.5,33.5,27,13,37.0,38.0,33.0,34.0
1365,37.5,34.5,27,14,37.0,38.0,34.0,35.0
1366,37.5,35.5,27,15,37.0,38.0,35.0,36.0
1367,37.5,36.5,27,16,37.0,38.0,36.0,37.0
1368,37.5,37.5,27,17,37.0,38.0,37.0,38.0
1369,37.5,38.5,27,18,37.0,38.0,38.0,39.0
1370,37.5,39.5,27,19,37.0,38.0,39.0,40.0
1371,37.5,40.5,27,20,37.0,38.0,40.0,41.0
1372,37.5,41.5,27,21,37.0,38.0,41.0,42.0
1373,37.5,42.5,27,22,37.0,38.0,42.0,43.0
1374,37.5,43.5,27,23,37.0,38.0,43.0,44.0
1375,37.5,44.5,27,24,37.0,38.0,44.0,45.0
1376,37.5,45.5,27,25,37.0,38.0,45.0,46.0
1377,37.5,46.5,27,26,37.0,38.0,46.0,47.0
1378,37.5,47.5,27,27,37.0,38.0,47.0,48.0
1379,37.5,48.5,27,28,37.0,38.0,48.0,49.0
1380,37.5,49.5,27,29,37.0,38.0,49.0,50.0
1381,37.5,50.5,27,30,37.0,38.0,50.0,51.0
1382,37.5,51.5,27,31,37.0,38.0,51.0,52.0
1383,37.5,52.5,27,32,37.0,38.0,52.0,53.0
1384,37.5,53.5,27,33,37.0,38.0,53.0,54.0
1385,37.5,54.5,27,34,37.0,38.0,54.0,55.0
1386,37.5,55.5,27,35,37.0,38.0,55.0,56.0
1387,37.5,56.5,27,36,37.0,38.0,56.0,57.0
1388,37.5,57.5,27,37,37.0,38.0,57.0,58.0
1389,37.5,58.5,27,38,37.0,38.0,58.0,59.0
1390,37.5,59.5,27,39,37.0,38.0,59.0,60.0
1391,37.5,60.5,27,40,37.0,38.0,60.0,61.0
1392,37.5,61.5,27,41,37.0,38.0,61.0,62.0
1393,37.5,62.5,27,42,37.0,38.0,62.0,63.0
1394,37.5,63.5,27,43,37.0,38.0,63.0,64.0
1395,37.5,64.5,27,44,37.0,38.0,64.0,65.0
1396,37.5,65.5,27,45,37.0,38.0,65.0,66.0
1397,37.5,66.5,27,46,37.0,38.0,66.0,67.0
1398,37.5,67.5,27,47,37.0,38.0,67.0,68.0
1399,37.5,68.5,27,48,37.0,38.0,68.0,69.0
1400,37.5,69.5,27,49,37.0,38.0,69.0,70.0
1401,38.5,20.5,28,0,38.0,39.0,20.0,21.0
1402,38.5,21.5,28,1,38.0,39.0,21.0,22.0
1403,38.5,22.5,28,2,38.0,39.0,22.0,23.0
1404,38.5,23.5,28,3,38.0,39.0,23.0,24.0
1405,38.5,24.5,28,4,38.0,39.0,24.0,25.0
1406,38.5,25.5,28,5,38.0,39.0,25.0,26.0
1407,38.5,26.5,28,6,38.0,39.0,26.0,27.0
1408,38.5,27.5,28,7,38.0,39.0,27.0,28.0
1409,38.5,28.5,28,8,38.0,39.0,28.0,29.0
1410,38.5,29.5,28,9,38.0,39.0,29.0,30.0
1411,38.5,30.5,28,10,38.0,39.0,30.0,31.0
1412,38.5,31.5,28,11,38.0,39.0,31.0,32.0
1413,38.5,32.5,28,12,38.0,39.0,32.0,33.0
1414,38.5,33.5,28,13,38.0,39.0,33.0,34.0
1415,38.5,34.5,28,14,38.0,39.0,34.0,35.0
1416,38.5,35.5,28,15,38.0,39.0,35.0,36.0
1417,38.5,36.5,28,16,38.0,39.0,36.0,37.0
1418,38.5,37.5,28,17,38.0,39.0,37.0,38.0
1419,38.5,38.5,28,18,38.0,39.0,38.0,39.0
1420,38.5,39.5,28,19,38.0,39.0,39.0,40.0
1421,38.5,40.5,28,20,38.0,39.0,40.0,41.0
1422,38.5,41.5,28,21,38.0,39.0,41.0,42.0
1423,38.5,42.5,28,22,38.0,39.0,42.0,43.0
1424,38.5,43.5,28,23,38.0,39.0,43.0,44.0
1425,38.5,44.5,28,24,38.0,39.0,44.0,45.0
1426,38.5,45.5,28,25,38.0,39.0,45.0,46.0
1427,38.5,46.5,28,26,38.0,39.0,46.0,47.0
1428,38.5,47.5,28,27,38.0,39.0,47.0,48.0
1429,38.5,48.5,28,28,38.0,39.0,48.0,49.0
1430,38.5,49.5,28,29,38.0,39.0,49.0,50.0
1431,38.5,50.5,28,30,38.0,39.0,50.0,51.0
1432,38.5,51.5,28,31,38.0,39.0,51.0,52.0
1433,38.5,52.5,28,32,38.0,39.0,52.0,53.0
1434,38.5,53.5,28,33,38.0,39.0,53.0,54.0
1435,38.5,54.5,28,34,38.0,39.0,54.0,55.0
1436,38.5,55.5,28,35,38.0,39.0,55.0,56.0
1437,38.5,56.5,28,36,38.0,39.0,56.0,57.0
1438,38.5,57.5,28,37,38.0,39.0,57.0,58.0
1439,38.5,58.5,28,38,38.0,39.0,58.0,59.0
1440,38.5,59.5,28,39,38.0,39.0,59.0,60.0
1441,38.5,60.5,28,40,38.0,39.0,60.0,61.0
1442,38.5,61.5,28,41,38.0,39.0,61.0,62.0
1443,38.5,62.5,28,42,38.0,39.0,62.0,63.0
1444,38.5,63.5,28,43,38.0,39.0,63.0,64.0
1445,38.5,64.5,28,44,38.0,39.0,64.0,65.0
1446,38.5,65.5,28,45,38.0,39.0,65.0,66.0
1447,38.5,66.5,28,46,38.0,39.0,66.0,67.0
1448,38.5,67.5,28,47,38.0,39.0,67.0,68.0
1449,38.5,68.5,28,48,38.0,39.0,68.0,69.0
1450,38.5,69.5,28,49,38.0,39.0,69.0,70.0
1451,39.5,20.5,29,0,39.0,40.0,20.0,21.0
1452,39.5,21.5,29,1,39.0,40.0,21.0,22.0
1453,39.5,22.5,29,2,39.0,40.0,22.0,23.0
1454,39.5,23.5,29,3,39.0,40.0,23.0,24.0
1455,39.5,24.5,29,4,39.0,40.0,24.0,25.0
1456,39.5,25.5,29,5,39.0,40.0,25.0,26.0
1457,39.5,26.5,29,6,39.0,40.0,26.0,27.0
1458,39.5,27.5,29,7,39.0,40.0,27.0,28.0
1459,39.5,28.5,29,8,39.0,40.0,28.0,29.0
1460,39.5,29.5,29,9,39.0,40.0,29.0,30.0
1461,39.5,30.5,29,10,39.0,40.0,30.0,31.0
1462,39.5,31.5,29,11,39.0,40.0,31.0,32.0
1463,39.5,32.5,29,12,39.0,40.0,32.0,33.0
1464,39.5,33.5,29,13,39.0,40.0,33.0,34.0
1465,39.5,34.5,29,14,39.0,40.0,34.0,35.0
1466,39.5,35.5,29,15,39.0,40.0,35.0,36.0
1467,39.5,36.5,29,16,39.0,40.0,36.0,37.0
1468,39.5,37.5,29,17,39.0,40.0,37.0,38.0
1469,39.5,38.5,29,18,39.0,40.0,38.0,39.0
1470,39.5,39.5,29,19,39.0,40.0,39.0,40.0
1471,39.5,40.5,29,20,39.0,40.0,40.0,41.0
1472,39.5,41.5,29,21,39.0,40.0,41.0,42.0
1473,39.5,42.5,29,22,39.0,40.0,42.0,43.0
1474,39.5,43.5,29,23,39.0,40.0,43.0,44.0
1475,39.5,44.5,29,24,39.0,40.0,44.0,45.0
1476,39.5,45.5,29,25,39.0,40.0,45.0,46.0
1477,39.5,46.5,29,26,39.0,40.0,46.0,47.0
1478,39.5,47.5,29,27,39.0,40.0,47.0,48.0
1479,39.5,48.5,29,28,39.0,40.0,48.0,49.0
1480,39.5,49.5,29,29,39.0,40.0,49.0,50.0
1481,39.5,50.5,29,30,39.0,40.0,50.0,51.0
1482,39.5,51.5,29,31,39.0,40.0,51.0,52.0
1483,39.5,52.5,29,32,39.0,40.0,52.0,53.0
1484,39.5,53.5,29,33,39.0,40.0,53.0,54.0
1485,39.5,54.5,29,34,39.0,40.0,54.0,55.0
1486,39.5,55.5,29,35,39.0,40.0,55.0,56.0
1487,39.5,56.5,29,36,39.0,40.0,56.0,57.0
1488,39.5,57.5,29,37,39.0,40.0,57.0,58.0
1489,39.5,58.5,29,38,39.0,40.0,58.0,59.0
1490,39.5,59.5,29,39,39.0,40.0,59.0,60.0
1491,39.5,60.5,29,40,39.0,40.0,60.0,61.0
1492,39.5,61.5,29,41,39.0,40.0,61.0,62.0
1493,39.5,62.5,29,42,39.0,40.0,62.0,63.0
1494,39.5,63.5,29,43,39.0,40.0,63.0,64.0
1495,39.5,64.5,29,44,39.0,40.0,64.0,65.0
1496,39.5,65.5,29,45,39.0,40.0,65.0,66.0
1497,39.5,66.5,29,46,39.0,40.0,66.0,67.0
1498,39.5,67.5,29,47,39.0,40.0,67.0,68.0
1499,39.5,68.5,29,48,39.0,40.0,68.0,69.0
1500,39.5,69.5,29,49,39.0,40.0,69.0,70.0
1501,40.5,20.5,30,0,40.0,41.0,20.0,21.0
1502,40.5,21.5,30,1,40.0,41.0,21.0,22.0
1503,40.5,22.5,30,2,40.0,41.0,22.0,23.0
1504,40.5,23.5,30,3,40.0,41.0,23.0,24.0
1505,40.5,24.5,30,4,40.0,41.0,24.0,25.0
1506,40.5,25.5,30,5,40.0,41.0,25.0,26.0
1507,40.5,26.5,30,6,40.0,41.0,26.0,27.0
1508,40.5,27.5,30,7,40.0,41.0,27.0,28.0
1509,40.5,28.5,30,8,40.0,41.0,28.0,29.0
1510,40.5,29.5,30,9,40.0,41.0,29.0,30.0
1511,40.5,30.5,30,10,40.0,41.0,30.0,31.0
1512,40.5,31.5,30,11,40.0,41.0,31.0,32.0
1513,40.5,32.5,30,12,40.0,41.0,32.0,33.0
1514,40.5,33.5,30,13,40.0,41.0,33.0,34.0
1515,40.5,34.5,30,14,40.0,41.0,34.0,35.0
1516,40.5,35.5,30,15,40.0,41.0,35.0,36.0
1517,40.5,36.5,30,16,40.0,41.0,36.0,37.0
1518,40.5,37.5,30,17,40.0,41.0,37.0,38.0
1519,40.5,38.5,30,18,40.0,41.0,38.0,39.0
1520,40.5,39.5,30,19,40.0,41.0,39.0,40.0
1521,40.5,40.5,30,20,40.0,41.0,40.0,41.0
1522,40.5,41.5,30,21,40.0,41.0,41.0,42.0
1523,40.5,42.5,30,22,40.0,41.0,42.0,43.0
1524,40.5,43.5,30,23,40.0,41.0,43.0,44.0
1525,40.5,44.5,30,24,40.0,41.0,44.0,45.0
1526,40.5,45.5,30,25,40.0,41.0,45.0,46.0
1527,40.5,46.5,30,26,40.0,41.0,46.0,47.0
1528,40.5,47.5,30,27,40.0,41.0,47.0,48.0
1529,40.5,48.5,30,28,40.0,41.0,48.0,49.0
1530,40.5,49.5,30,29,40.0,41.0,49.0,50.0
1531,40.5,50.5,30,30,40.0,41.0,50.0,51.0
1532,40.5,51.5,30,31,40.0,41.0,51.0,52.0
1533,40.5,52.5,30,32,40.0,41.0,52.0,53.0
1534,40.5,53.5,30,33,40.0,41.0,53.0,54.0
1535,40.5,54.5,30,34,40.0,41.0,54.0,55.0
1536,40.5,55.5,30,35,40.0,41.0,55.0,56.0
1537,40.5,56.5,30,36,40.0,41.0,56.0,57.0
1538,40.5,57.5,30,37,40.0,41.0,57.0,58.0
1539,40.5,58.5,30,38,40.0,41.0,58.0,59.0
1540,40.5,59.5,30,39,40.0,41.0,59.0,60.0
1541,40.5,60.5,30,40,40.0,41.0,60.0,61.0
1542,40.5,61.5,30,41,40.0,41.0,61.0,62.0
1543,40.5,62.5,30,42,40.0,41.0,62.0,63.0
1544,40.5,63.5,30,43,40.0,41.0,63.0,64.0
1545,40.5,64.5,30,44,40.0,41.0,64.0,65.0
1546,40.5,65.5,30,45,40.0,41.0,65.0,66.0
1547,40.5,66.5,30,46,40.0,41.0,66.0,67.0
1548,40.5,67.5,30,47,40.0,41.0,67.0,68.0
1549,40.5,68.5,30,48,40.0,41.0,68.0,69.0
1550,40.5,69.5,30,49,40.0,41.0,69.0,70.0
1551,41.5,20.5,31,0,41.0,42.0,20.0,21.0
1552,41.5,21.5,31,1,41.0,42.0,21.0,22.0
1553,41.5,22.5,31,2,41.0,42.0,22.0,23.0
1554,41.5,23.5,31,3,41.0,42.0,23.0,24.0
1555,41.5,24.5,31,4,41.0,42.0,24.0,25.0
1556,41.5,25.5,31,5,41.0,42.0,25.0,26.0
1557,41.5,26.5,31,6,41.0,42.0,26.0,27.0
1558,41.5,27.5,31,7,41.0,42.0,27.0,28.0
1559,41.5,28.5,31,8,41.0,42.0,28.0,29.0
1560,41.5,29.5,31,9,41.0,42.0,29.0,30.0
1561,41.5,30.5,31,10,41.0,42.0,30.0,31.0
1562,41.5,31.5,31,11,41.0,42.0,31.0,32.0
1563,41.5,32.5,31,12,41.0,42.0,32.0,33.0
1564,41.5,33.5,31,13,41.0,42.0,33.0,34.0
1565,41.5,34.5,31,14,41.0,42.0,34.0,35.0
1566,41.5,35.5,31,15,41.0,42.0,35.0,36.0
1567,41.5,36.5,31,16,41.0,42.0,36.0,37.0
1568,41.5,37.5,31,17,41.0,42.0,37.0,38.0
1569,41.5,38.5,31,18,41.0,42.0,38.0,39.0
1570,41.5,39.5,31,19,41.0,42.0,39.0,40.0
1571,41.5,40.5,31,20,41.0,42.0,40.0,41.0
1572,41.5,41.5,31,21,41.0,42.0,41.0,42.0
1573,41.5,42.5,31,22,41.0,42.0,42.0,43.0
1574,41.5,43.5,31,23,41.0,42.0,43.0,44.0
1575,41.5,44.5,31,24,41.0,42.0,44.0,45.0
1576,41.5,45.5,31,25,41.0,42.0,45.0,46.0
1577,41.5,46.5,31,26,41.0,42.0,46.0,47.0
1578,41.5,47.5,31,27,41.0,42.0,47.0,48.0
1579,41.5,48.5,31,28,41.0,42.0,48.0,49.0
1580,41.5,49.5,31,29,41.0,42.0,49.0,50.0
1581,41.5,50.5,31,30,41.0,42.0,50.0,51.0
1582,41.5,51.5,31,31,41.0,42.0,51.0,52.0
1583,41.5,52.5,31,32,41.0,42.0,52.0,53.0
1584,41.5,53.5,31,33,41.0,42.0,53.0,54.0
1585,41.5,54.5,31,34,41.0,42.0,54.0,55.0
1586,41.5,55.5,31,35,41.0,42.0,55.0,56.0
1587,41.5,56.5,31,36,41.0,42.0,56.0,57.0
1588,41.5,57.5,31,37,41.0,42.0,57.0,58.0
1589,41.5,58.5,31,38,41.0,42.0,58.0,59.0
1590,41.5,59.5,31,39,41.0,42.0,59.0,60.0
1591,41.5,60.5,31,40,41.0,42.0,60.0,61.0
1592,41.5,61.5,31,41,41.0,42.0,61.0,62.0
1593,41.5,62.5,31,42,41.0,42.0,62.0,63.0
1594,41.5,63.5,31,43,41.0,42.0,63.0,64.0
1595,41.5,64.5,31,44,41.0,42.0,64.0,65.0
1596,41.5,65.5,31,45,41.0,42.0,65.0,66.0
1597,41.5,66.5,31,46,41.0,42.0,66.0,67.0
1598,41.5,67.5,31,47,41.0,42.0,67.0,68.0
1599,41.5,68.5,31,48,41.0,42.0,68.0,69.0
1600,41.5,69.5,31,49,41.0,42.0,69.0,70.0
1601,42.5,20.5,32,0,42.0,43.0,20.0,21.0
1602,42.5,21.5,32,1,42.0,43.0,21.0,22.0
1603,42.5,22.5,32,2,42.0,43.0,22.0,23.0
1604,42.5,23.5,32,3,42.0,43.0,23.0,24.0
1605,42.5,24.5,32,4,42.0,43.0,24.0,25.0
1606,42.5,25.5,32,5,42.0,43.0,25.0,26.0
1607,42.5,26.5,32,6,42.0,43.0,26.0,27.0
1608,42.5,27.5,32,7,42.0,43.0,27.0,28.0
1609,42.5,28.5,32,8,42.0,43.0,28.0,29.0
1610,42.5,29.5,32,9,42.0,43.0,29.0,30.0
1611,42.5,30.5,32,10,42.0,43.0,30.0,31.0
1612,42.5,31.5,32,11,42.0,43.0,31.0,32.0
1613,42.5,32.5,32,12,42.0,43.0,32.0,33.0
1614,42.5,33.5,32,13,42.0,43.0,33.0,34.0
1615,42.5,34.5,32,14,42.0,43.0,34.0,35.0
1616,42.5,35.5,32,15,42.0,43.0,35.0,36.0
1617,42.5,36.5,32,16,42.0,43.0,36.0,37.0
1618,42.5,37.5,32,17,42.0,43.0,37.0,38.0
1619,42.5,38.5,32,18,42.0,43.0,38.0,39.0
1620,42.5,39.5,32,19,42.0,43.0,39.0,40.0
1621,42.5,40.5,32,20,42.0,43.0,40.0,41.0
1622,42.5,41.5,32,21,42.0,43.0,41.0,42.0
1623,42.5,42.5,32,22,42.0,43.0,42.0,43.0
1624,42.5,43.5,32,23,42.0,43.0,43.0,44.0
1625,42.5,44.5,32,24,42.0,43.0,44.0,45.0
1626,42.5,45.5,32,25,42.0,43.0,45.0,46.0
1627,42.5,46.5,32,26,42.0,43.0,46.0,47.0
1628,42.5,47.5,32,27,42.0,43.0,47.0,48.0
1629,42.5,48.5,32,28,42.0,43.0,48.0,49.0
1630,42.5,49.5,32,29,42.0,43.0,49.0,50.0
1631,42.5,50.5,32,30,42.0,43.0,50.0,51.0
1632,42.5,51.5,32,31,42.0,43.0,51.0,52.0
1633,42.5,52.5,32,32,42.0,43.0,52.0,53.0
1634,42.5,53.5,32,33,42.0,43.0,53.0,54.0
1635,42.5,54.5,32,34,42.0,43.0,54.0,55.0
1636,42.5,55.5,32,35,42.0,43.0,55.0,56.0
1637,42.5,56.5,32,36,42.0,43.0,56.0,57.0
1638,42.5,57.5,32,37,42.0,43.0,57.0,58.0
1639,42.5,58.5,32,38,42.0,43.0,58.0,59.0
1640,42.5,59.5,32,39,42.0,43.0,59.0,60.0
1641,42.5,60.5,32,40,42.0,43.0,60.0,61.0
1642,42.5,61.5,32,41,42.0,43.0,61.0,62.0
1643,42.5,62.5,32,42,42.0,43.0,62.0,63.0
1644,42.5,63.5,32,43,42.0,43.0,63.0,64.0
1645,42.5,64.5,32,44,42.0,43.0,64.0,65.0
1646,42.5,65.5,32,45,42.0,43.0,65.0,66.0
1647,42.5,66.5,32,46,42.0,43.0,66.0,67.0
1648,42.5,67.5,32,47,42.0,43.0,67.0,68.0
1649,42.5,68.5,32,48,42.0,43.0,68.0,69.0
1650,42.5,69.5,32,49,42.0,43.0,69.0,70.0
1651,43.5,20.5,33,0,43.0,44.0,20.0,21.0
1652,43.5,21.5,33,1,43.0,44.0,21.0,22.0
1653,43.5,22.5,33,2,43.0,44.0,22.0,23.0
1654,43.5,23.5,33,3,43.0,44.0,23.0,24.0
1655,43.5,24.5,33,4,43.0,44.0,24.0,25.0
1656,43.5,25.5,33,5,43.0,44.0,25.0,26.0
1657,43.5,26.5,33,6,43.0,44.0,26.0,27.0
1658,43.5,27.5,33,7,43.0,44.0,27.0,28.0
1659,43.5,28.5,33,8,43.0,44.0,28.0,29.0
1660,43.5,29.5,33,9,43.0,44.0,29.0,30.0
1661,43.5,30.5,33,10,43.0,44.0,30.0,31.0
1662,43.5,31.5,33,11,43.0,44.0,31.0,32.0
1663,43.5,32.5,33,12,43.0,44.0,32.0,33.0
1664,43.5,33.5,33,13,43.0,44.0,33.0,34.0
1665,43.5,34.5,33,14,43.0,44.0,34.0,35.0
1666,43.5,35.5,33,15,43.0,44.0,35.0,36.0
1667,43.5,36.5,33,16,43.0,44.0,36.0,37.0
1668,43.5,37.5,33,17,43.0,44.0,37.0,38.0
1669,43.5,38.5,33,18,43.0,44.0,38.0,39.0
1670,43.5,39.5,33,19,43.0,44.0,39.0,40.0
1671,43.5,40.5,33,20,43.0,44.0,40.0,41.0
1672,43.5,41.5,33,21,43.0,44.0,41.0,42.0
1673,43.5,42.5,33,22,43.0,44.0,42.0,43.0
1674,43.5,43.5,33,23,43.0,44.0,43.0,44.0
1675,43.5,44.5,33,24,43.0,44.0,44.0,45.0
1676,43.5,45.5,33,25,43.0,44.0,45.0,46.0
1677,43.5,46.5,33,26,43.0,44.0,46.0,47.0
1678,43.5,47.5,33,27,43.0,44.0,47.0,48.0
1679,43.5,48.5,33,28,43.0,44.0,48.0,49.0
1680,43.5,49.5,33,29,43.0,44.0,49.0,50.0
1681,43.5,50.5,33,30,43.0,44.0,50.0,51.0
1682,43.5,51.5,33,31,43.0,44.0,51.0,52.0
1683,43.5,52.5,33,32,43.0,44.0,52.0,53.0
1684,43.5,53.5,33,33,43.0,44.0,53.0,54.0
1685,43.5,54.5,33,34,43.0,44.0,54.0,55.0
1686,43.5,55.5,33,35,43.0,44.0,55.0,56.0
1687,43.5,56.5,33,36,43.0,44.0,56.0,57.0
1688,43.5,57.5,33,37,43.0,44.0,57.0,58.0
1689,43.5,58.5,33,38,43.0,44.0,58.0,59.0
1690,43.5,59.5,33,39,43.0,44.0,59.0,60.0
1691,43.5,60.5,33,40,43.0,44.0,60.0,61.0
1692,43.5,61.5,33,41,43.0,44.0,61.0,62.0
1693,43.5,62.5,33,42,43.0,44.0,62.0,63.0
1694,43.5,63.5,33,43,43.0,44.0,63.0,64.0
1695,43.5,64.5,33,44,43.0,44.0,64.0,65.0
1696,43.5,65.5,33,45,43.0,44.0,65.0,66.0
1697,43.5,66.5,33,46,43.0,44.0,66.0,67.0
1698,43.5,67.5,33,47,43.0,44.0,67.0,68.0
1699,43.5,68.5,33,48,43.0,44.0,68.0,69.0
1700,43.5,69.5,33,49,43.0,44.0,69.0,70.0
1701,44.5,20.5,34,0,44.0,45.0,20.0,21.0
1702,44.5,21.5,34,1,44.0,45.0,21.0,22.0
1703,44.5,22.5,34,2,44.0,45.0,22.0,23.0
1704,44.5,23.5,34,3,44.0,45.0,23.0,24.0
1705,44.5,24.5,34,4,44.0,45.0,24.0,25.0
1706,44.5,25.5,34,5,44.0,45.0,25.0,26.0
1707,44.5,26.5,34,6,44.0,45.0,26.0,27.0
1708,44.5,27.5,34,7,44.0,45.0,27.0,28.0
1709,44.5,28.5,34,8,44.0,45.0,28.0,29.0
1710,44.5,29.5,34,9,44.0,45.0,29.0,30.0
1711,44.5,30.5,34,10,44.0,45.0,30.0,31.0
1712,44.5,31.5,34,11,44.0,45.0,31.0,32.0
1713,44.5,32.5,34,12,44.0,45.0,32.0,33.0
1714,44.5,33.5,34,13,44.0,45.0,33.0,34.0
1715,44.5,34.5,34,14,44.0,45.0,34.0,35.0
1716,44.5,35.5,34,15,44.0,45.0,35.0,36.0
1717,44.5,36.5,34,16,44.0,45.0,36.0,37.0
1718,44.5,37.5,34,17,44.0,45.0,37.0,38.0
1719,44.5,38.5,34,18,44.0,45.0,38.0,39.0
1720,44.5,39.5,34,19,44.0,45.0,39.0,40.0
1721,44.5,40.5,34,20,44.0,45.0,40.0,41.0
1722,44.5,41.5,34,21,44.0,45.0,41.0,42.0
1723,44.5,42.5,34,22,44.0,45.0,42.0,43.0
1724,44.5,43.5,34,23,44.0,45.0,43.0,44.0
1725,44.5,44.5,34,24,44.0,45.0,44.0,45.0
1726,44.5,45.5,34,25,44.0,45.0,45.0,46.0
1727,44.5,46.5,34,26,44.0,45.0,46.0,47.0
1728,44.5,47.5,34,27,44.0,45.0,47.0,48.0
1729,44.5,48.5,34,28,44.0,45.0,48.0,49.0
1730,44.5,49.5,34,29,44.0,45.0,49.0,50.0
1731,44.5,50.5,34,30,44.0,45.0,50.0,51.0
1732,44.5,51.5,34,31,44.0,45.0,51.0,52.0
1733,44.5,52.5,34,32,44.0,45.0,52.0,53.0
1734,44.5,53.5,34,33,44.0,45.0,53.0,54.0
1735,44.5,54.5,34,34,44.0,45.0,54.0,55.0
1736,44.5,55.5,34,35,44.0,45.0,55.0,56.0
1737,44.5,56.5,34,36,44.0,45.0,56.0,57.0
1738,44.5,57.5,34,37,44.0,45.0,57.0,58.0
1739,44.5,58.5,34,38,44.0,45.0,58.0,59.0
1740,44.5,59.5,34,39,44.0,45.0,59.0,60.0
1741,44.5,60.5,34,40,44.0,45.0,60.0,61.0
1742,44.5,61.5,34,41,44.0,45.0,61.0,62.0
1743,44.5,62.5,34,42,44.0,45.0,62.0,63.0
1744,44.5,63.5,34,43,44.0,45.0,63.0,64.0
1745,44.5,64.5,34,44,44.0,45.0,64.0,65.0
1746,44.5,65.5,34,45,44.0,45.0,65.0,66.0
1747,44.5,66.5,34,46,44.0,45.0,66.0,67.0
1748,44.5,67.5,34,47,44.0,45.0,67.0,68.0
1749,44.5,68.5,34,48,44.0,45.0,68.0,69.0
1750,44.5,69.5,34,49,44.0,45.0,69.0,70.0
1751,45.5,20.5,35,0,45.0,46.0,20.0,21.0
1752,45.5,21.5,35,1,45.0,46.0,21.0,22.0
1753,45.5,22.5,35,2,45.0,46.0,22.0,23.0
1754,45.5,23.5,35,3,45.0,46.0,23.0,24.0
1755,45.5,24.5,35,4,45.0,46.0,24.0,25.0
1756,45.5,25.5,35,5,45.0,46.0,25.0,26.0
1757,45.5,26.5,35,6,45.0,46.0,26.0,27.0
1758,45.5,27.5,35,7,45.0,46.0,27.0,28.0
1759,45.5,28.5,35,8,45.0,46.0,28.0,29.0
1760,45.5,29.5,35,9,45.0,46.0,29.0,30.0
1761,45.5,30.5,35,10,45.0,46.0,30.0,31.0
1762,45.5,31.5,35,11,45.0,46.0,31.0,32.0
1763,45.5,32.5,35,12,45.0,46.0,32.0,33.0
1764,45.5,33.5,35,13,45.0,46.0,33.0,34.0
1765,45.5,34.5,35,14,45.0,46.0,34.0,35.0
1766,45.5,35.5,35,15,45.0,46.0,35.0,36.0
1767,45.5,36.5,35,16,45.0,46.0,36.0,37.0
1768,45.5,37.5,35,17,45.0,46.0,37.0,38.0
1769,45.5,38.5,35,18,45.0,46.0,38.0,39.0
1770,45.5,39.5,35,19,45.0,46.0,39.0,40.0
1771,45.5,40.5,35,20,45.0,46.0,40.0,41.0
1772,45.5,41.5,35,21,45.0,46.0,41.0,42.0
1773,45.5,42.5,35,22,45.0,46.0,42.0,43.0
1774,45.5,43.5,35,23,45.0,46.0,43.0,44.0
1775,45.5,44.5,35,24,45.0,46.0,44.0,45.0
1776,45.5,45.5,35,25,45.0,46.0,45.0,46.0
1777,45.5,46.5,35,26,45.0,46.0,46.0,47.0
1778,45.5,47.5,35,27,45.0,46.0,47.0,48.0
1779,45.5,48.5,35,28,45.0,46.0,48.0,49.0
1780,45.5,49.5,35,29,45.0,46.0,49.0,50.0
1781,45.5,50.5,35,30,45.0,46.0,50.0,51.0
1782,45.5,51.5,35,31,45.0,46.0,51.0,52.0
1783,45.5,52.5,35,32,45.0,46.0,52.0,53.0
1784,45.5,53.5,35,33,45.0,46.0,53.0,54.0
1785,45.5,54.5,35,34,45.0,46.0,54.0,55.0
1786,45.5,55.5,35,35,45.0,46.0,55.0,56.0
1787,45.5,56.5,35,36,45.0,46.0,56.0,57.0
1788,45.5,57.5,35,37,45.0,46.0,57.0,58.0
1789,45.5,58.5,35,38,45.0,46.0,58.0,59.0
1790,45.5,59.5,35,39,45.0,46.0,59.0,60.0
1791,45.5,60.5,35,40,45.0,46.0,60.0,61.0
1792,45.5,61.5,35,41,45.0,46.0,61.0,62.0
1793,45.5,62.5,35,42,45.0,46.0,62.0,63.0
1794,45.5,63.5,35,43,45.0,46.0,63.0,64.0
1795,45.5,64.5,35,44,45.0,46.0,64.0,65.0
1796,45.5,65.5,35,45,45.0,46.0,65.0,66.0
1797,45.5,66.5,35,46,45.0,46.0,66.0,67.0
1798,45.5,67.5,35,47,45.0,46.0,67.0,68.0
1799,45.5,68.5,35,48,45.0,46.0,68.0,69.0
1800,45.5,69.5,35,49,45.0,46.0,69.0,70.0
