event_type,year,mean_duration_days,ols_fitted_days
3,1987,5.0,3.286099448423478
3,1991,2.0,3.314007573886556
3,1998,3.0,3.3628467934469413
3,2002,2.0,3.3907549189100195
3,2006,4.0,3.418663044373096
3,2010,3.6666666666666665,3.446571169836174
3,2016,2.0,3.4884333580307896
3,2017,5.5,3.495410389396559
3,2019,3.0,3.509364452128098
3,2020,3.0,3.516341483493866
3,2021,5.666666666666667,3.5233185148596355
3,2022,4.0,3.530295546225405
3,2025,2.0,3.5512266403227137
4,1998,11.0,5.451211277116499
4,1999,5.0,5.882691820714058
4,2000,4.5,6.3141723643116165
4,2001,4.5,6.745652907909175
4,2002,5.0,7.17713345150662
4,2007,8.0,9.3345361694943
4,2010,11.5,10.628977800286975
4,2011,11.0,11.060458343884534
4,2012,17.0,11.491938887481979
4,2015,24.0,12.786380518274655
4,2017,10.0,13.649341605469658
4,2018,7.0,14.080822149067217
4,2019,2.0,14.512302692664775
4,2021,11.0,15.375263779859893
4,2023,22.0,16.238224867054896
4,2024,27.0,16.669705410652455
4,2025,14.0,17.101185954250013
