date,n_heatwave_cells,heatwave_fraction_of_domain,n_exceeding_cells,n_heatwave_and_exceeding_cells,heatwave_share_of_exceeding_cells
1983-07-13,379,0.21055555555555555,498,360,0.7228915662650602
1987-07-23,390,0.21666666666666667,448,383,0.8549107142857143
1987-07-24,444,0.24666666666666667,525,420,0.8
1987-07-25,504,0.28,525,486,0.9257142857142857
1987-07-26,521,0.28944444444444445,535,493,0.9214953271028037
1987-07-27,508,0.2822222222222222,613,501,0.8172920065252854
1991-06-04,376,0.2088888888888889,430,357,0.8302325581395349
1991-06-05,374,0.20777777777777778,412,363,0.8810679611650486
1998-05-24,374,0.20777777777777778,446,373,0.8363228699551569
1998-05-25,378,0.21,422,368,0.8720379146919431
1998-05-26,371,0.2061111111111111,385,351,0.9116883116883117
1998-08-01,437,0.2427777777777778,469,422,0.8997867803837953
1998-08-02,539,0.29944444444444446,533,500,0.9380863039399625
1998-08-03,608,0.3377777777777778,699,591,0.8454935622317596
1998-08-04,583,0.3238888888888889,627,557,0.8883572567783095
1998-08-05,556,0.3088888888888889,537,522,0.9720670391061452
1998-08-06,530,0.29444444444444445,534,509,0.9531835205992509
1998-08-07,454,0.25222222222222224,495,437,0.8828282828282829
1998-08-08,429,0.23833333333333334,433,403,0.930715935334873
1998-08-09,434,0.2411111111111111,432,379,0.8773148148148148
1998-08-10,444,0.24666666666666667,561,432,0.7700534759358288
1998-08-11,412,0.2288888888888889,489,363,0.7423312883435583
1999-08-18,420,0.23333333333333334,449,408,0.9086859688195991
1999-08-19,487,0.27055555555555555,599,470,0.7846410684474123
1999-08-20,507,0.2816666666666667,620,476,0.7677419354838709
1999-08-21,476,0.2644444444444444,546,463,0.847985347985348
1999-08-22,431,0.23944444444444443,497,418,0.8410462776659959
2000-07-07,386,0.21444444444444444,396,341,0.8611111111111112
2000-07-08,449,0.24944444444444444,532,405,0.7612781954887218
2000-07-09,420,0.23333333333333334,621,404,0.6505636070853462
2000-07-28,453,0.25166666666666665,450,422,0.9377777777777778
2000-07-29,558,0.31,565,529,0.9362831858407079
2000-07-30,584,0.3244444444444444,656,569,0.8673780487804879
2000-07-31,561,0.31166666666666665,631,548,0.8684627575277337
2000-08-01,454,0.25222222222222224,473,441,0.9323467230443975
2000-08-02,380,0.2111111111111111,379,351,0.9261213720316622
2001-07-28,383,0.2127777777777778,453,373,0.8233995584988962
2001-07-29,373,0.20722222222222222,378,348,0.9206349206349206
2001-07-30,380,0.2111111111111111,400,362,0.905
2001-08-07,382,0.21222222222222223,387,344,0.8888888888888888
2001-08-08,421,0.2338888888888889,417,381,0.9136690647482014
2001-08-09,442,0.24555555555555555,482,411,0.8526970954356846
2001-08-10,438,0.24333333333333335,500,430,0.86
2001-08-11,447,0.24833333333333332,505,437,0.8653465346534653
2001-08-12,391,0.21722222222222223,416,367,0.8822115384615384
2002-07-16,414,0.23,468,408,0.8717948717948718
2002-07-17,488,0.27111111111111114,519,460,0.8863198458574181
2002-07-18,584,0.3244444444444444,688,574,0.8343023255813954
2002-07-19,572,0.31777777777777777,723,562,0.7773167358229599
2002-07-20,461,0.2561111111111111,559,456,0.815742397137746
2002-07-31,378,0.21,440,373,0.8477272727272728
2002-08-06,383,0.2127777777777778,454,374,0.8237885462555066
2002-08-07,374,0.20777777777777778,407,367,0.9017199017199017
2006-08-20,405,0.225,455,378,0.8307692307692308
2006-08-21,455,0.25277777777777777,494,437,0.8846153846153846
2006-08-22,438,0.24333333333333335,508,429,0.844488188976378
2006-08-23,377,0.20944444444444443,452,350,0.7743362831858407
2007-07-25,408,0.22666666666666666,425,403,0.9482352941176471
2007-07-26,455,0.25277777777777777,487,446,0.9158110882956879
2007-07-27,450,0.25,491,440,0.8961303462321792
2007-07-28,483,0.2683333333333333,555,474,0.8540540540540541
2007-07-29,492,0.2733333333333333,529,476,0.8998109640831758
2007-07-30,478,0.26555555555555554,496,464,0.9354838709677419
2007-07-31,410,0.22777777777777777,455,403,0.8857142857142857
2007-08-01,380,0.2111111111111111,385,341,0.8857142857142857
2010-06-18,388,0.21555555555555556,397,383,0.964735516372796
2010-06-19,444,0.24666666666666667,450,413,0.9177777777777778
2010-06-20,502,0.2788888888888889,596,488,0.8187919463087249
2010-06-21,462,0.25666666666666665,527,448,0.8500948766603416
2010-06-22,394,0.21888888888888888,470,387,0.823404255319149
2010-07-08,405,0.225,437,367,0.8398169336384439
2010-07-09,424,0.23555555555555555,468,410,0.8760683760683761
2010-07-10,406,0.22555555555555556,446,398,0.8923766816143498
2010-07-11,427,0.23722222222222222,467,417,0.892933618843683
2010-07-12,388,0.21555555555555556,436,377,0.8646788990825688
2010-07-13,411,0.22833333333333333,482,398,0.8257261410788381
2010-07-16,378,0.21,413,367,0.8886198547215496
2010-07-17,407,0.22611111111111112,474,395,0.8333333333333334
2010-07-18,389,0.21611111111111111,480,371,0.7729166666666667
2010-08-01,380,0.2111111111111111,419,376,0.8973747016706444
2010-08-02,377,0.20944444444444443,415,369,0.8891566265060241
2010-08-03,382,0.21222222222222223,400,353,0.8825
2010-08-05,405,0.225,422,377,0.8933649289099526
2010-08-06,464,0.2577777777777778,522,452,0.8659003831417624
2010-08-07,498,0.27666666666666667,638,495,0.7758620689655172
2010-08-08,460,0.25555555555555554,569,435,0.7644991212653779
2010-08-09,462,0.25666666666666665,458,432,0.9432314410480349
2010-08-10,468,0.26,453,444,0.9801324503311258
2010-08-11,505,0.28055555555555556,502,484,0.9641434262948207
2010-08-12,529,0.29388888888888887,537,504,0.9385474860335196
2010-08-13,533,0.2961111111111111,542,516,0.9520295202952029
2010-08-14,511,0.2838888888888889,563,505,0.8969804618117229
2010-08-15,525,0.2916666666666667,518,481,0.9285714285714286
2010-08-16,517,0.2872222222222222,539,507,0.9406307977736549
2010-08-17,489,0.27166666666666667,531,474,0.8926553672316384
2010-08-18,493,0.2738888888888889,488,450,0.9221311475409836
2010-08-19,513,0.285,546,480,0.8791208791208791
2010-08-20,493,0.2738888888888889,676,483,0.7144970414201184
2010-08-21,398,0.22111111111111112,544,393,0.7224264705882353
2011-07-26,409,0.22722222222222221,519,405,0.7803468208092486
2011-07-27,517,0.2872222222222222,573,482,0.8411867364746946
2011-07-28,574,0.3188888888888889,635,527,0.8299212598425196
2011-07-29,611,0.33944444444444444,644,570,0.8850931677018633
2011-07-30,586,0.32555555555555554,599,572,0.9549248747913188
2011-07-31,562,0.31222222222222223,553,533,0.9638336347197106
2011-08-01,588,0.32666666666666666,603,563,0.9336650082918739
2011-08-02,620,0.34444444444444444,677,615,0.9084194977843427
2011-08-03,553,0.30722222222222223,597,526,0.88107202680067
2011-08-04,539,0.29944444444444446,573,519,0.9057591623036649
2011-08-05,470,0.2611111111111111,483,444,0.9192546583850931
2012-07-13,449,0.24944444444444444,430,410,0.9534883720930233
2012-07-14,587,0.32611111111111113,607,565,0.9308072487644151
2012-07-15,597,0.33166666666666667,698,580,0.830945558739255
2012-07-16,569,0.3161111111111111,652,539,0.8266871165644172
2012-07-17,486,0.27,532,461,0.8665413533834586
2012-07-18,452,0.2511111111111111,469,427,0.9104477611940298
2012-07-19,470,0.2611111111111111,519,450,0.8670520231213873
2012-07-20,465,0.25833333333333336,549,447,0.8142076502732241
2012-07-21,435,0.24166666666666667,469,412,0.8784648187633263
2012-07-22,453,0.25166666666666665,454,414,0.9118942731277533
2012-07-23,450,0.25,495,419,0.8464646464646465
2012-07-24,472,0.26222222222222225,582,444,0.7628865979381443
2012-07-25,485,0.26944444444444443,557,474,0.8509874326750448
2012-07-26,455,0.25277777777777777,487,447,0.917864476386037
2012-07-27,427,0.23722222222222222,409,387,0.9462102689486552
2012-07-28,421,0.2338888888888889,413,387,0.937046004842615
2012-07-29,393,0.21833333333333332,433,373,0.8614318706697459
2015-07-16,388,0.21555555555555556,487,380,0.7802874743326489
2015-07-28,386,0.21444444444444444,400,353,0.8825
2015-07-29,499,0.2772222222222222,568,470,0.8274647887323944
2015-07-30,536,0.29777777777777775,610,508,0.8327868852459016
2015-07-31,541,0.3005555555555556,541,504,0.9316081330868762
2015-08-01,560,0.3111111111111111,566,530,0.9363957597173145
2015-08-02,656,0.36444444444444446,664,620,0.9337349397590361
2015-08-03,705,0.39166666666666666,705,674,0.9560283687943263
2015-08-04,705,0.39166666666666666,746,661,0.886058981233244
2015-08-05,662,0.36777777777777776,722,634,0.8781163434903048
2015-08-06,561,0.31166666666666665,533,499,0.9362101313320825
2015-08-07,449,0.24944444444444444,443,419,0.945823927765237
2015-08-08,438,0.24333333333333335,447,417,0.9328859060402684
2015-08-09,450,0.25,470,431,0.9170212765957447
2015-08-10,495,0.275,539,468,0.8682745825602969
2015-08-11,512,0.28444444444444444,522,483,0.9252873563218391
2015-08-12,504,0.28,543,483,0.8895027624309392
2015-08-13,473,0.2627777777777778,481,423,0.8794178794178794
2015-08-14,441,0.245,491,409,0.8329938900203666
2015-08-15,487,0.27055555555555555,516,459,0.8895348837209303
2015-08-16,490,0.2722222222222222,535,480,0.897196261682243
2015-08-17,480,0.26666666666666666,565,460,0.8141592920353983
2015-08-18,487,0.27055555555555555,549,415,0.75591985428051
2015-08-19,492,0.2733333333333333,608,461,0.7582236842105263
2015-08-20,482,0.2677777777777778,628,466,0.7420382165605095
2016-06-07,417,0.23166666666666666,473,408,0.8625792811839323
2016-06-08,387,0.215,454,375,0.8259911894273128
2016-07-17,393,0.21833333333333332,468,382,0.8162393162393162
2016-07-18,371,0.2061111111111111,358,340,0.9497206703910615
2016-08-03,372,0.20666666666666667,395,342,0.8658227848101265
2017-06-30,442,0.24555555555555555,498,413,0.8293172690763052
2017-07-01,536,0.29777777777777775,536,493,0.9197761194029851
2017-07-02,645,0.35833333333333334,663,606,0.9140271493212669
2017-07-03,668,0.3711111111111111,762,654,0.8582677165354331
2017-07-04,618,0.3433333333333333,693,601,0.8672438672438673
2017-07-05,520,0.28888888888888886,568,508,0.8943661971830986
2017-07-06,441,0.245,453,425,0.9381898454746137
2017-07-17,435,0.24166666666666667,544,424,0.7794117647058824
2017-07-18,430,0.2388888888888889,498,391,0.785140562248996
2017-07-22,410,0.22777777777777777,440,379,0.8613636363636363
2017-07-23,438,0.24333333333333335,507,436,0.8599605522682445
2017-07-24,382,0.21222222222222223,395,362,0.9164556962025316
2017-07-25,394,0.21888888888888888,435,379,0.871264367816092
2017-07-26,437,0.2427777777777778,536,418,0.7798507462686567
2017-07-27,469,0.26055555555555554,594,443,0.7457912457912458
2017-07-28,415,0.23055555555555557,533,400,0.7504690431519699
2017-07-29,372,0.20666666666666667,472,325,0.6885593220338984
2017-07-30,374,0.20777777777777778,510,346,0.6784313725490196
2017-08-01,394,0.21888888888888888,450,382,0.8488888888888889
2017-08-02,419,0.23277777777777778,456,407,0.8925438596491229
2017-08-03,403,0.2238888888888889,454,389,0.8568281938325991
2017-08-04,457,0.2538888888888889,470,422,0.8978723404255319
2017-08-05,507,0.2816666666666667,524,484,0.9236641221374046
2017-08-06,567,0.315,613,544,0.8874388254486134
2017-08-07,627,0.34833333333333333,684,612,0.8947368421052632
2017-08-08,631,0.35055555555555556,715,608,0.8503496503496504
2017-08-09,647,0.35944444444444446,691,611,0.8842257597684515
2017-08-10,561,0.31166666666666665,576,546,0.9479166666666666
2017-08-11,467,0.2594444444444444,502,424,0.8446215139442231
2017-08-12,454,0.25222222222222224,501,430,0.8582834331337326
2017-08-13,371,0.2061111111111111,447,357,0.7986577181208053
2018-07-09,472,0.26222222222222225,538,451,0.8382899628252788
2018-07-10,568,0.31555555555555553,620,548,0.8838709677419355
2018-07-11,522,0.29,509,475,0.9332023575638507
2018-07-12,530,0.29444444444444445,521,484,0.9289827255278311
2018-07-13,462,0.25666666666666665,487,430,0.8829568788501027
2018-07-14,397,0.22055555555555556,406,373,0.9187192118226601
2018-07-15,377,0.20944444444444443,386,355,0.9196891191709845
2019-06-26,411,0.22833333333333333,604,397,0.6572847682119205
2019-06-27,391,0.21722222222222223,526,367,0.6977186311787072
2019-07-18,387,0.215,422,371,0.8791469194312796
2019-07-19,401,0.22277777777777777,438,392,0.8949771689497716
2019-07-20,401,0.22277777777777777,435,392,0.9011494252873563
2020-07-19,380,0.2111111111111111,449,369,0.821826280623608
2020-07-20,430,0.2388888888888889,535,419,0.7831775700934579
2020-07-21,399,0.22166666666666668,460,374,0.8130434782608695
2020-07-29,385,0.21388888888888888,421,365,0.8669833729216152
2020-07-30,387,0.215,473,387,0.8181818181818182
2020-07-31,374,0.20777777777777778,459,358,0.7799564270152506
2021-06-28,377,0.20944444444444443,419,364,0.8687350835322196
2021-06-29,419,0.23277777777777778,465,396,0.8516129032258064
2021-06-30,415,0.23055555555555557,472,408,0.864406779661017
2021-07-01,433,0.24055555555555555,488,410,0.8401639344262295
2021-07-02,453,0.25166666666666665,608,435,0.7154605263157895
2021-07-03,465,0.25833333333333336,732,446,0.6092896174863388
2021-07-04,440,0.24444444444444444,569,428,0.7521968365553603
2021-07-05,407,0.22611111111111112,440,394,0.8954545454545455
2021-07-06,391,0.21722222222222223,398,385,0.9673366834170855
2021-07-07,389,0.21611111111111111,411,384,0.9343065693430657
2021-07-08,385,0.21388888888888888,455,367,0.8065934065934066
2021-07-18,375,0.20833333333333334,428,367,0.8574766355140186
2021-07-19,416,0.2311111111111111,475,403,0.848421052631579
2021-07-20,450,0.25,564,445,0.7890070921985816
2021-07-21,425,0.2361111111111111,501,408,0.8143712574850299
2021-07-26,440,0.24444444444444444,533,436,0.8180112570356473
2021-07-27,432,0.24,515,421,0.8174757281553398
2021-07-28,389,0.21611111111111111,407,379,0.9312039312039312
2021-07-31,376,0.2088888888888889,370,358,0.9675675675675676
2021-08-01,435,0.24166666666666667,468,431,0.9209401709401709
2021-08-02,507,0.2816666666666667,540,494,0.9148148148148149
2021-08-03,555,0.30833333333333335,557,525,0.9425493716337523
2021-08-04,603,0.335,654,583,0.8914373088685015
2021-08-05,617,0.3427777777777778,649,572,0.8813559322033898
2021-08-06,612,0.34,609,577,0.9474548440065681
2021-08-07,543,0.3016666666666667,564,522,0.925531914893617
2021-08-08,474,0.2633333333333333,570,457,0.8017543859649123
2021-08-09,401,0.22277777777777777,457,387,0.8468271334792122
2021-08-28,387,0.215,474,376,0.7932489451476793
2022-07-19,423,0.235,513,399,0.7777777777777778
2022-07-20,436,0.24222222222222223,468,400,0.8547008547008547
2022-07-21,423,0.235,406,395,0.9729064039408867
2022-07-22,428,0.23777777777777778,433,418,0.9653579676674365
2023-07-12,379,0.21055555555555555,449,361,0.8040089086859689
2023-07-15,451,0.25055555555555553,508,428,0.84251968503937
2023-07-16,491,0.2727777777777778,547,469,0.8574040219378428
2023-07-17,548,0.30444444444444446,680,540,0.7941176470588235
2023-07-18,564,0.31333333333333335,601,535,0.8901830282861897
2023-07-19,586,0.32555555555555554,580,541,0.9327586206896552
2023-07-20,630,0.35,652,590,0.9049079754601227
2023-07-21,662,0.36777777777777776,695,618,0.8892086330935252
2023-07-22,721,0.40055555555555555,785,684,0.8713375796178344
2023-07-23,708,0.3933333333333333,746,663,0.8887399463806971
2023-07-24,692,0.3844444444444444,718,651,0.9066852367688022
2023-07-25,650,0.3611111111111111,646,584,0.9040247678018576
2023-07-26,630,0.35,672,600,0.8928571428571429
2023-07-27,552,0.30666666666666664,690,529,0.7666666666666667
2023-07-28,469,0.26055555555555554,609,454,0.7454844006568144
2023-07-29,423,0.235,509,388,0.762278978388998
2023-07-30,398,0.22111111111111112,419,358,0.8544152744630071
2023-07-31,419,0.23277777777777778,423,372,0.8794326241134752
2023-08-01,488,0.27111111111111114,578,462,0.7993079584775087
2023-08-02,545,0.30277777777777776,612,515,0.8415032679738562
2023-08-03,633,0.3516666666666667,676,605,0.8949704142011834
2023-08-04,591,0.3283333333333333,600,543,0.905
2023-08-05,563,0.31277777777777777,587,541,0.9216354344122658
2023-08-06,514,0.28555555555555556,526,486,0.9239543726235742
2023-08-07,472,0.26222222222222225,474,421,0.8881856540084389
2023-08-08,412,0.2288888888888889,416,377,0.90625
2023-08-09,401,0.22277777777777777,390,363,0.9307692307692308
2023-08-10,423,0.235,473,404,0.854122621564482
2023-08-11,398,0.22111111111111112,417,364,0.8729016786570744
2023-08-13,390,0.21666666666666667,394,370,0.9390862944162437
2023-08-14,442,0.24555555555555555,475,434,0.9136842105263158
2023-08-15,452,0.2511111111111111,490,427,0.8714285714285714
2023-08-16,462,0.25666666666666665,497,458,0.9215291750503019
2023-08-17,459,0.255,455,430,0.945054945054945
2023-08-18,432,0.24,434,404,0.9308755760368663
2023-08-19,428,0.23777777777777778,436,404,0.926605504587156
2023-08-20,436,0.24222222222222223,484,403,0.8326446280991735
2023-08-21,449,0.24944444444444444,471,442,0.9384288747346072
2023-08-22,442,0.24555555555555555,458,424,0.925764192139738
2023-08-23,504,0.28,556,490,0.8812949640287769
2023-08-24,618,0.3433333333333333,652,596,0.9141104294478528
2023-08-25,619,0.3438888888888889,712,604,0.848314606741573
2023-08-26,560,0.3111111111111111,618,544,0.8802588996763754
2023-08-27,484,0.2688888888888889,477,459,0.9622641509433962
2023-08-28,403,0.2238888888888889,412,373,0.9053398058252428
2024-05-20,425,0.2361111111111111,448,419,0.9352678571428571
2024-05-21,454,0.25222222222222224,460,444,0.9652173913043478
2024-05-22,441,0.245,442,435,0.9841628959276018
2024-05-23,416,0.2311111111111111,421,406,0.9643705463182898
2024-05-24,413,0.22944444444444445,432,403,0.9328703703703703
2024-05-25,413,0.22944444444444445,431,400,0.9280742459396751
2024-05-26,421,0.2338888888888889,450,391,0.8688888888888889
2024-05-27,443,0.2461111111111111,478,421,0.8807531380753139
2024-05-28,476,0.2644444444444444,524,469,0.8950381679389313
2024-05-29,470,0.2611111111111111,477,451,0.9454926624737946
2024-05-30,474,0.2633333333333333,486,446,0.9176954732510288
2024-05-31,501,0.2783333333333333,552,493,0.8931159420289855
2024-06-01,542,0.3011111111111111,595,524,0.880672268907563
2024-06-02,496,0.27555555555555555,509,453,0.8899803536345776
2024-06-03,526,0.2922222222222222,546,499,0.9139194139194139
2024-06-04,605,0.33611111111111114,635,594,0.9354330708661417
2024-06-05,650,0.3611111111111111,670,631,0.9417910447761194
2024-06-06,690,0.38333333333333336,725,658,0.9075862068965517
2024-06-07,654,0.36333333333333334,752,645,0.8577127659574468
2024-06-08,599,0.3327777777777778,656,589,0.8978658536585366
2024-06-09,484,0.2688888888888889,518,464,0.8957528957528957
2024-06-10,415,0.23055555555555557,453,389,0.8587196467991169
2024-06-11,400,0.2222222222222222,438,377,0.860730593607306
2024-06-12,416,0.2311111111111111,490,405,0.826530612244898
2024-06-13,539,0.29944444444444446,616,518,0.8409090909090909
2024-06-14,608,0.3377777777777778,660,578,0.8757575757575757
2024-06-15,612,0.34,638,585,0.9169278996865203
2024-06-16,570,0.31666666666666665,589,558,0.9473684210526315
2024-06-17,638,0.35444444444444445,651,611,0.9385560675883257
2024-06-18,649,0.3605555555555556,673,615,0.9138187221396731
2024-06-19,729,0.405,741,673,0.9082321187584346
2024-06-20,769,0.4272222222222222,856,748,0.8738317757009346
2024-06-21,755,0.41944444444444445,762,719,0.9435695538057742
2024-06-22,652,0.3622222222222222,672,631,0.9389880952380952
2024-06-23,554,0.30777777777777776,531,498,0.9378531073446328
2024-06-24,506,0.2811111111111111,542,474,0.8745387453874539
2024-06-25,474,0.2633333333333333,551,460,0.8348457350272233
2024-06-26,414,0.23,460,370,0.8043478260869565
2024-06-27,427,0.23722222222222222,605,413,0.6826446280991736
2024-06-28,376,0.2088888888888889,451,358,0.7937915742793792
2024-07-08,405,0.225,412,376,0.912621359223301
2024-07-09,517,0.2872222222222222,562,510,0.9074733096085409
2024-07-10,631,0.35055555555555556,724,610,0.8425414364640884
2024-07-11,698,0.3877777777777778,769,656,0.8530559167750326
2024-07-12,716,0.3977777777777778,755,687,0.909933774834437
2024-07-13,658,0.3655555555555556,692,632,0.9132947976878613
2024-07-14,609,0.3383333333333333,612,586,0.9575163398692811
2024-07-15,587,0.32611111111111113,605,564,0.9322314049586777
2024-07-16,562,0.31222222222222223,549,515,0.9380692167577414
2024-07-17,581,0.3227777777777778,627,554,0.8835725677830941
2024-07-18,601,0.3338888888888889,629,552,0.8775834658187599
2024-07-19,613,0.34055555555555556,619,575,0.9289176090468497
2024-07-20,592,0.3288888888888889,582,559,0.9604810996563574
2024-07-21,667,0.3705555555555556,707,646,0.9137199434229137
2024-07-22,671,0.37277777777777776,701,643,0.9172610556348074
2024-07-23,659,0.3661111111111111,742,635,0.8557951482479784
2024-07-24,614,0.3411111111111111,687,569,0.8282387190684134
2024-07-25,566,0.31444444444444447,620,547,0.882258064516129
2024-07-26,515,0.2861111111111111,470,446,0.948936170212766
2024-07-27,501,0.2783333333333333,541,487,0.9001848428835489
2024-07-28,486,0.27,548,476,0.8686131386861314
2024-07-29,413,0.22944444444444445,481,407,0.8461538461538461
2024-08-05,410,0.22777777777777777,481,390,0.8108108108108109
2024-08-06,419,0.23277777777777778,428,389,0.9088785046728972
2024-08-07,420,0.23333333333333334,427,386,0.9039812646370023
2024-08-08,388,0.21555555555555556,499,377,0.7555110220440882
2024-08-09,394,0.21888888888888888,484,362,0.7479338842975206
2024-08-10,414,0.23,478,397,0.8305439330543933
2024-08-11,450,0.25,452,418,0.9247787610619469
2024-08-12,445,0.24722222222222223,436,422,0.9678899082568807
2024-08-13,519,0.28833333333333333,561,511,0.910873440285205
2024-08-14,517,0.2872222222222222,610,501,0.8213114754098361
2024-08-15,485,0.26944444444444443,589,464,0.7877758913412564
2024-08-16,428,0.23777777777777778,503,425,0.8449304174950298
2024-08-17,391,0.21722222222222223,385,364,0.9454545454545454
2024-08-18,377,0.20944444444444443,402,359,0.8930348258706468
2024-08-19,396,0.22,449,374,0.8329621380846325
2024-08-20,399,0.22166666666666668,418,370,0.8851674641148325
2024-08-21,401,0.22277777777777777,466,382,0.8197424892703863
2024-08-22,421,0.2338888888888889,427,375,0.8782201405152225
2024-08-23,405,0.225,480,399,0.83125
2025-06-14,376,0.2088888888888889,429,350,0.8158508158508159
2025-06-15,395,0.21944444444444444,484,387,0.7995867768595041
2025-07-14,397,0.22055555555555556,439,380,0.8656036446469249
2025-07-15,376,0.2088888888888889,383,346,0.9033942558746736
2025-07-16,398,0.22111111111111112,413,375,0.9079903147699758
2025-07-17,474,0.2633333333333333,519,441,0.8497109826589595
2025-07-18,463,0.25722222222222224,584,443,0.7585616438356164
2025-07-19,436,0.24222222222222223,505,403,0.7980198019801981
2025-07-20,451,0.25055555555555553,406,389,0.958128078817734
2025-07-21,534,0.2966666666666667,524,487,0.9293893129770993
2025-07-22,745,0.41388888888888886,781,703,0.9001280409731114
2025-07-23,793,0.44055555555555553,835,746,0.8934131736526946
2025-07-24,825,0.4583333333333333,843,803,0.9525504151838672
2025-07-25,771,0.42833333333333334,755,723,0.9576158940397351
2025-07-26,730,0.40555555555555556,727,695,0.9559834938101788
2025-07-27,698,0.3877777777777778,740,689,0.9310810810810811
2025-07-28,624,0.3466666666666667,641,598,0.9329173166926678
2025-07-29,512,0.28444444444444444,552,474,0.8586956521739131
2025-07-30,481,0.26722222222222225,550,458,0.8327272727272728
2025-07-31,430,0.2388888888888889,492,417,0.8475609756097561
2025-08-01,376,0.2088888888888889,398,355,0.8919597989949749
2025-08-07,404,0.22444444444444445,445,393,0.8831460674157303
2025-08-08,438,0.24333333333333335,442,413,0.9343891402714932
2025-08-09,468,0.26,500,449,0.898
2025-08-10,460,0.25555555555555554,528,441,0.8352272727272727
2025-08-11,478,0.26555555555555554,579,462,0.7979274611398963
2025-08-12,467,0.2594444444444444,469,421,0.8976545842217484
2025-08-13,460,0.25555555555555554,504,437,0.8670634920634921
2025-08-14,466,0.2588888888888889,561,428,0.7629233511586453
2025-08-15,421,0.2338888888888889,469,404,0.8614072494669509
