cluster_id,date,cluster_number_in_day,dbscan_label,n_member_cells,n_core_cells,eps_applied,min_samples_applied,n_clusters_on_day,n_noise_cells_on_day
1,1983-07-13,0,0,125,117,2.6315789473684212,8,4,13
2,1983-07-13,1,1,34,33,2.6315789473684212,8,4,13
3,1983-07-13,2,2,171,168,2.6315789473684212,8,4,13
4,1983-07-13,3,3,36,33,2.6315789473684212,8,4,13
5,1987-07-23,0,0,381,373,3.5217391304347827,9,1,9
6,1987-07-24,0,0,438,434,3.5217391304347827,9,1,6
7,1987-07-25,0,0,491,487,3.5217391304347827,9,1,13
8,1987-07-26,0,0,514,504,3.5217391304347827,9,1,7
9,1987-07-27,0,0,503,495,3.5217391304347827,9,1,5
10,1991-06-04,0,0,176,174,3.242857142857143,8,2,5
11,1991-06-04,1,1,195,194,3.242857142857143,8,2,5
12,1991-06-05,0,0,169,165,3.242857142857143,8,2,1
13,1991-06-05,1,1,204,204,3.242857142857143,8,2,1
14,1998-05-24,0,0,158,158,3.272727272727273,8,2,4
15,1998-05-24,1,1,212,206,3.272727272727273,8,2,4
16,1998-05-25,0,0,157,157,3.272727272727273,8,2,4
17,1998-05-25,1,1,217,212,3.272727272727273,8,2,4
18,1998-05-26,0,0,147,146,3.272727272727273,8,2,4
19,1998-05-26,1,1,220,218,3.272727272727273,8,2,4
20,1998-08-01,0,0,308,303,3.34375,8,2,4
21,1998-08-01,1,1,125,123,3.34375,8,2,4
22,1998-08-02,0,0,537,532,3.34375,8,1,2
23,1998-08-03,0,0,605,604,3.34375,8,1,3
24,1998-08-04,0,0,581,581,3.34375,8,1,2
25,1998-08-05,0,0,554,553,3.34375,8,1,2
26,1998-08-06,0,0,528,524,3.34375,8,1,2
27,1998-08-07,0,0,392,387,3.34375,8,3,2
28,1998-08-07,1,1,19,18,3.34375,8,3,2
29,1998-08-07,2,2,41,41,3.34375,8,3,2
30,1998-08-08,0,0,403,401,3.34375,8,2,5
31,1998-08-08,1,1,21,20,3.34375,8,2,5
32,1998-08-09,0,0,409,408,3.34375,8,2,4
33,1998-08-09,1,1,21,20,3.34375,8,2,4
34,1998-08-10,0,0,423,420,3.34375,8,2,3
35,1998-08-10,1,1,18,16,3.34375,8,2,3
36,1998-08-11,0,0,399,397,3.34375,8,2,0
37,1998-08-11,1,1,13,12,3.34375,8,2,0
38,1999-08-18,0,0,333,333,3.5714285714285716,8,4,4
39,1999-08-18,1,1,9,5,3.5714285714285716,8,4,4
40,1999-08-18,2,2,32,30,3.5714285714285716,8,4,4
41,1999-08-18,3,3,42,42,3.5714285714285716,8,4,4
42,1999-08-19,0,0,427,427,3.5714285714285716,8,3,0
43,1999-08-19,1,1,18,17,3.5714285714285716,8,3,0
44,1999-08-19,2,2,42,42,3.5714285714285716,8,3,0
45,1999-08-20,0,0,464,461,3.5714285714285716,8,2,1
46,1999-08-20,1,1,42,42,3.5714285714285716,8,2,1
47,1999-08-21,0,0,473,464,3.5714285714285716,8,1,3
48,1999-08-22,0,0,428,419,3.5714285714285716,8,1,3
49,2000-07-07,0,0,346,343,3.3333333333333335,9,2,11
50,2000-07-07,1,1,29,26,3.3333333333333335,9,2,11
51,2000-07-08,0,0,417,416,3.3333333333333335,9,2,15
52,2000-07-08,1,1,17,14,3.3333333333333335,9,2,15
53,2000-07-09,0,0,398,395,3.3333333333333335,9,1,22
54,2000-07-28,0,0,439,430,3.3846153846153846,9,2,3
55,2000-07-28,1,1,11,8,3.3846153846153846,9,2,3
56,2000-07-29,0,0,539,533,3.3846153846153846,9,2,1
57,2000-07-29,1,1,18,11,3.3846153846153846,9,2,1
58,2000-07-30,0,0,583,574,3.3846153846153846,9,1,1
59,2000-07-31,0,0,556,549,3.3846153846153846,9,1,5
60,2000-08-01,0,0,454,431,3.3846153846153846,9,1,0
61,2000-08-02,0,0,375,364,3.3846153846153846,9,1,5
62,2001-07-28,0,0,382,370,3.5625,9,1,1
63,2001-07-29,0,0,362,351,3.5625,9,2,1
64,2001-07-29,1,1,10,5,3.5625,9,2,1
65,2001-07-30,0,0,367,355,3.5625,9,2,2
66,2001-07-30,1,1,11,7,3.5625,9,2,2
67,2001-08-07,0,0,352,336,3.4107142857142856,10,3,2
68,2001-08-07,1,1,14,13,3.4107142857142856,10,3,2
69,2001-08-07,2,2,14,13,3.4107142857142856,10,3,2
70,2001-08-08,0,0,390,373,3.4107142857142856,10,3,2
71,2001-08-08,1,1,14,13,3.4107142857142856,10,3,2
72,2001-08-08,2,2,15,14,3.4107142857142856,10,3,2
73,2001-08-09,0,0,415,404,3.4107142857142856,10,3,2
74,2001-08-09,1,1,10,4,3.4107142857142856,10,3,2
75,2001-08-09,2,2,15,14,3.4107142857142856,10,3,2
76,2001-08-10,0,0,416,402,3.4107142857142856,10,2,12
77,2001-08-10,1,1,10,3,3.4107142857142856,10,2,12
78,2001-08-11,0,0,437,424,3.4107142857142856,10,1,10
79,2001-08-12,0,0,375,366,3.4107142857142856,10,1,16
80,2002-07-16,0,0,189,189,3.764705882352941,9,3,8
81,2002-07-16,1,1,16,13,3.764705882352941,9,3,8
82,2002-07-16,2,2,201,201,3.764705882352941,9,3,8
83,2002-07-17,0,0,250,250,3.764705882352941,9,2,8
84,2002-07-17,1,1,230,224,3.764705882352941,9,2,8
85,2002-07-18,0,0,582,573,3.764705882352941,9,1,2
86,2002-07-19,0,0,567,561,3.764705882352941,9,1,5
87,2002-07-20,0,0,57,56,3.764705882352941,9,3,9
88,2002-07-20,1,1,363,357,3.764705882352941,9,3,9
89,2002-07-20,2,2,32,32,3.764705882352941,9,3,9
90,2002-07-31,0,0,364,354,3.18,10,1,14
91,2002-08-06,0,0,125,116,2.8448275862068964,10,4,24
92,2002-08-06,1,1,31,28,2.8448275862068964,10,4,24
93,2002-08-06,2,2,24,8,2.8448275862068964,10,4,24
94,2002-08-06,3,3,179,173,2.8448275862068964,10,4,24
95,2002-08-07,0,0,125,116,2.8448275862068964,10,3,16
96,2002-08-07,1,1,31,25,2.8448275862068964,10,3,16
97,2002-08-07,2,2,202,198,2.8448275862068964,10,3,16
98,2006-08-20,0,0,344,336,3.7916666666666665,9,2,11
99,2006-08-20,1,1,50,50,3.7916666666666665,9,2,11
100,2006-08-21,0,0,372,362,3.7916666666666665,9,4,1
101,2006-08-21,1,1,16,13,3.7916666666666665,9,4,1
102,2006-08-21,2,2,45,45,3.7916666666666665,9,4,1
103,2006-08-21,3,3,21,21,3.7916666666666665,9,4,1
104,2006-08-22,0,0,392,385,3.7916666666666665,9,3,3
105,2006-08-22,1,1,20,17,3.7916666666666665,9,3,3
106,2006-08-22,2,2,23,23,3.7916666666666665,9,3,3
107,2006-08-23,0,0,287,280,3.7916666666666665,9,2,3
108,2006-08-23,1,1,87,85,3.7916666666666665,9,2,3
109,2007-07-25,0,0,386,385,3.4210526315789473,9,2,11
110,2007-07-25,1,1,11,4,3.4210526315789473,9,2,11
111,2007-07-26,0,0,450,445,3.4210526315789473,9,1,5
112,2007-07-27,0,0,446,443,3.4210526315789473,9,1,4
113,2007-07-28,0,0,477,468,3.4210526315789473,9,1,6
114,2007-07-29,0,0,429,425,3.4210526315789473,9,2,6
115,2007-07-29,1,1,57,54,3.4210526315789473,9,2,6
116,2007-07-30,0,0,431,426,3.4210526315789473,9,2,12
117,2007-07-30,1,1,35,34,3.4210526315789473,9,2,12
118,2007-07-31,0,0,28,25,3.4210526315789473,9,2,4
119,2007-07-31,1,1,378,363,3.4210526315789473,9,2,4
120,2007-08-01,0,0,374,367,3.4210526315789473,9,1,6
121,2010-06-18,0,0,83,82,3.1486486486486487,8,5,1
122,2010-06-18,1,1,22,21,3.1486486486486487,8,5,1
123,2010-06-18,2,2,135,130,3.1486486486486487,8,5,1
124,2010-06-18,3,3,109,109,3.1486486486486487,8,5,1
125,2010-06-18,4,4,38,36,3.1486486486486487,8,5,1
126,2010-06-19,0,0,156,152,3.1486486486486487,8,4,3
127,2010-06-19,1,1,117,112,3.1486486486486487,8,4,3
128,2010-06-19,2,2,143,140,3.1486486486486487,8,4,3
129,2010-06-19,3,3,25,24,3.1486486486486487,8,4,3
130,2010-06-20,0,0,325,318,3.1486486486486487,8,3,3
131,2010-06-20,1,1,152,151,3.1486486486486487,8,3,3
132,2010-06-20,2,2,22,19,3.1486486486486487,8,3,3
133,2010-06-21,0,0,326,319,3.1486486486486487,8,3,4
134,2010-06-21,1,1,104,102,3.1486486486486487,8,3,4
135,2010-06-21,2,2,28,25,3.1486486486486487,8,3,4
136,2010-06-22,0,0,277,268,3.1486486486486487,8,4,3
137,2010-06-22,1,1,7,1,3.1486486486486487,8,4,3
138,2010-06-22,2,2,78,76,3.1486486486486487,8,4,3
139,2010-06-22,3,3,29,26,3.1486486486486487,8,4,3
140,2010-07-08,0,0,380,371,3.380952380952381,9,3,6
141,2010-07-08,1,1,10,4,3.380952380952381,9,3,6
142,2010-07-08,2,2,9,2,3.380952380952381,9,3,6
143,2010-07-09,0,0,412,403,3.380952380952381,9,2,2
144,2010-07-09,1,1,10,4,3.380952380952381,9,2,2
145,2010-07-10,0,0,395,390,3.380952380952381,9,1,11
146,2010-07-11,0,0,408,403,3.380952380952381,9,2,7
147,2010-07-11,1,1,12,9,3.380952380952381,9,2,7
148,2010-07-12,0,0,384,379,3.380952380952381,9,1,4
149,2010-07-13,0,0,404,398,3.380952380952381,9,1,7
150,2010-07-16,0,0,17,12,3.125,9,3,18
151,2010-07-16,1,1,36,36,3.125,9,3,18
152,2010-07-16,2,2,307,302,3.125,9,3,18
153,2010-07-17,0,0,16,10,3.125,9,5,19
154,2010-07-17,1,1,16,12,3.125,9,5,19
155,2010-07-17,2,2,40,39,3.125,9,5,19
156,2010-07-17,3,3,295,293,3.125,9,5,19
157,2010-07-17,4,4,21,17,3.125,9,5,19
158,2010-07-18,0,0,28,26,3.125,9,4,14
159,2010-07-18,1,1,16,9,3.125,9,4,14
160,2010-07-18,2,2,41,39,3.125,9,4,14
161,2010-07-18,3,3,290,284,3.125,9,4,14
162,2010-08-01,0,0,317,309,2.840909090909091,8,2,1
163,2010-08-01,1,1,62,60,2.840909090909091,8,2,1
164,2010-08-02,0,0,327,316,2.840909090909091,8,2,0
165,2010-08-02,1,1,50,47,2.840909090909091,8,2,0
166,2010-08-03,0,0,334,327,2.840909090909091,8,3,1
167,2010-08-03,1,1,33,31,2.840909090909091,8,3,1
168,2010-08-03,2,2,14,10,2.840909090909091,8,3,1
169,2010-08-05,0,0,363,358,3.392857142857143,9,4,0
170,2010-08-05,1,1,20,18,3.392857142857143,9,4,0
171,2010-08-05,2,2,10,8,3.392857142857143,9,4,0
172,2010-08-05,3,3,12,9,3.392857142857143,9,4,0
173,2010-08-06,0,0,437,430,3.392857142857143,9,3,0
174,2010-08-06,1,1,16,15,3.392857142857143,9,3,0
175,2010-08-06,2,2,11,8,3.392857142857143,9,3,0
176,2010-08-07,0,0,467,460,3.392857142857143,9,3,0
177,2010-08-07,1,1,9,9,3.392857142857143,9,3,0
178,2010-08-07,2,2,22,19,3.392857142857143,9,3,0
179,2010-08-08,0,0,424,413,3.392857142857143,9,3,2
180,2010-08-08,1,1,9,7,3.392857142857143,9,3,2
181,2010-08-08,2,2,25,23,3.392857142857143,9,3,2
182,2010-08-09,0,0,462,453,3.392857142857143,9,1,0
183,2010-08-10,0,0,462,454,3.392857142857143,9,1,6
184,2010-08-11,0,0,500,495,3.392857142857143,9,1,5
185,2010-08-12,0,0,527,520,3.392857142857143,9,1,2
186,2010-08-13,0,0,531,519,3.392857142857143,9,1,2
187,2010-08-14,0,0,504,498,3.392857142857143,9,1,7
188,2010-08-15,0,0,522,511,3.392857142857143,9,1,3
189,2010-08-16,0,0,464,450,3.392857142857143,9,2,2
190,2010-08-16,1,1,51,51,3.392857142857143,9,2,2
191,2010-08-17,0,0,477,471,3.392857142857143,9,2,1
192,2010-08-17,1,1,11,8,3.392857142857143,9,2,1
193,2010-08-18,0,0,492,488,3.392857142857143,9,1,1
194,2010-08-19,0,0,508,503,3.392857142857143,9,1,5
195,2010-08-20,0,0,480,469,3.392857142857143,9,1,13
196,2010-08-21,0,0,363,358,3.392857142857143,9,2,16
197,2010-08-21,1,1,19,15,3.392857142857143,9,2,16
198,2011-07-26,0,0,369,352,3.522727272727273,9,3,4
199,2011-07-26,1,1,24,22,3.522727272727273,9,3,4
200,2011-07-26,2,2,12,9,3.522727272727273,9,3,4
201,2011-07-27,0,0,474,461,3.522727272727273,9,3,0
202,2011-07-27,1,1,32,23,3.522727272727273,9,3,0
203,2011-07-27,2,2,11,8,3.522727272727273,9,3,0
204,2011-07-28,0,0,569,559,3.522727272727273,9,1,5
205,2011-07-29,0,0,607,595,3.522727272727273,9,1,4
206,2011-07-30,0,0,578,572,3.522727272727273,9,1,8
207,2011-07-31,0,0,553,544,3.522727272727273,9,1,9
208,2011-08-01,0,0,38,30,3.522727272727273,9,3,3
209,2011-08-01,1,1,13,10,3.522727272727273,9,3,3
210,2011-08-01,2,2,534,529,3.522727272727273,9,3,3
211,2011-08-02,0,0,22,20,3.522727272727273,9,3,9
212,2011-08-02,1,1,12,8,3.522727272727273,9,3,9
213,2011-08-02,2,2,577,570,3.522727272727273,9,3,9
214,2011-08-03,0,0,14,14,3.522727272727273,9,2,9
215,2011-08-03,1,1,530,515,3.522727272727273,9,2,9
216,2011-08-04,0,0,14,14,3.522727272727273,9,4,0
217,2011-08-04,1,1,9,2,3.522727272727273,9,4,0
218,2011-08-04,2,2,11,8,3.522727272727273,9,4,0
219,2011-08-04,3,3,505,501,3.522727272727273,9,4,0
220,2011-08-05,0,0,12,11,3.522727272727273,9,4,5
221,2011-08-05,1,1,9,1,3.522727272727273,9,4,5
222,2011-08-05,2,2,10,8,3.522727272727273,9,4,5
223,2011-08-05,3,3,434,432,3.522727272727273,9,4,5
224,2012-07-13,0,0,408,404,3.5681818181818183,9,2,14
225,2012-07-13,1,1,27,26,3.5681818181818183,9,2,14
226,2012-07-14,0,0,565,560,3.5681818181818183,9,2,6
227,2012-07-14,1,1,16,14,3.5681818181818183,9,2,6
228,2012-07-15,0,0,547,541,3.5681818181818183,9,3,6
229,2012-07-15,1,1,35,35,3.5681818181818183,9,3,6
230,2012-07-15,2,2,9,5,3.5681818181818183,9,3,6
231,2012-07-16,0,0,510,503,3.5681818181818183,9,2,13
232,2012-07-16,1,1,46,45,3.5681818181818183,9,2,13
233,2012-07-17,0,0,406,397,3.5681818181818183,9,2,11
234,2012-07-17,1,1,69,68,3.5681818181818183,9,2,11
235,2012-07-18,0,0,370,360,3.5681818181818183,9,2,10
236,2012-07-18,1,1,72,71,3.5681818181818183,9,2,10
237,2012-07-19,0,0,381,371,3.5681818181818183,9,2,12
238,2012-07-19,1,1,77,77,3.5681818181818183,9,2,12
239,2012-07-20,0,0,421,409,3.5681818181818183,9,2,6
240,2012-07-20,1,1,38,38,3.5681818181818183,9,2,6
241,2012-07-21,0,0,419,410,3.5681818181818183,9,2,6
242,2012-07-21,1,1,10,5,3.5681818181818183,9,2,6
243,2012-07-22,0,0,427,423,3.5681818181818183,9,2,6
244,2012-07-22,1,1,20,18,3.5681818181818183,9,2,6
245,2012-07-23,0,0,448,430,3.5681818181818183,9,1,2
246,2012-07-24,0,0,469,456,3.5681818181818183,9,1,3
247,2012-07-25,0,0,479,466,3.5681818181818183,9,1,6
248,2012-07-26,0,0,455,447,3.5681818181818183,9,1,0
249,2012-07-27,0,0,423,415,3.5681818181818183,9,1,4
250,2012-07-28,0,0,415,408,3.5681818181818183,9,1,6
251,2012-07-29,0,0,217,217,3.5681818181818183,9,3,6
252,2012-07-29,1,1,9,2,3.5681818181818183,9,3,6
253,2012-07-29,2,2,161,155,3.5681818181818183,9,3,6
254,2015-07-16,0,0,13,7,2.96875,8,3,10
255,2015-07-16,1,1,206,199,2.96875,8,3,10
256,2015-07-16,2,2,159,156,2.96875,8,3,10
257,2015-07-28,0,0,379,373,3.6538461538461537,10,1,7
258,2015-07-29,0,0,491,479,3.6538461538461537,10,1,8
259,2015-07-30,0,0,527,516,3.6538461538461537,10,1,9
260,2015-07-31,0,0,536,533,3.6538461538461537,10,1,5
261,2015-08-01,0,0,556,548,3.6538461538461537,10,1,4
262,2015-08-02,0,0,655,647,3.6538461538461537,10,1,1
263,2015-08-03,0,0,702,686,3.6538461538461537,10,1,3
264,2015-08-04,0,0,703,690,3.6538461538461537,10,1,2
265,2015-08-05,0,0,660,651,3.6538461538461537,10,1,2
266,2015-08-06,0,0,545,541,3.6538461538461537,10,1,16
267,2015-08-07,0,0,432,428,3.6538461538461537,10,1,17
268,2015-08-08,0,0,354,346,3.6538461538461537,10,2,16
269,2015-08-08,1,1,68,64,3.6538461538461537,10,2,16
270,2015-08-09,0,0,331,326,3.6538461538461537,10,2,15
271,2015-08-09,1,1,104,103,3.6538461538461537,10,2,15
272,2015-08-10,0,0,244,238,3.6538461538461537,10,4,1
273,2015-08-10,1,1,105,100,3.6538461538461537,10,4,1
274,2015-08-10,2,2,126,121,3.6538461538461537,10,4,1
275,2015-08-10,3,3,19,18,3.6538461538461537,10,4,1
276,2015-08-11,0,0,248,237,3.6538461538461537,10,2,0
277,2015-08-11,1,1,264,261,3.6538461538461537,10,2,0
278,2015-08-12,0,0,455,444,3.6538461538461537,10,3,0
279,2015-08-12,1,1,36,34,3.6538461538461537,10,3,0
280,2015-08-12,2,2,13,5,3.6538461538461537,10,3,0
281,2015-08-13,0,0,438,428,3.6538461538461537,10,2,7
282,2015-08-13,1,1,28,25,3.6538461538461537,10,2,7
283,2015-08-14,0,0,439,428,3.6538461538461537,10,1,2
284,2015-08-15,0,0,441,435,3.6538461538461537,10,2,0
285,2015-08-15,1,1,46,40,3.6538461538461537,10,2,0
286,2015-08-16,0,0,490,485,3.6538461538461537,10,1,0
287,2015-08-17,0,0,480,474,3.6538461538461537,10,1,0
288,2015-08-18,0,0,486,475,3.6538461538461537,10,1,1
289,2015-08-19,0,0,491,480,3.6538461538461537,10,1,1
290,2015-08-20,0,0,478,467,3.6538461538461537,10,1,4
291,2016-06-07,0,0,234,226,3.6578947368421053,10,2,8
292,2016-06-07,1,1,175,172,3.6578947368421053,10,2,8
293,2016-06-08,0,0,203,197,3.6578947368421053,10,2,7
294,2016-06-08,1,1,177,175,3.6578947368421053,10,2,7
295,2016-07-17,0,0,388,376,3.0609756097560976,8,1,5
296,2016-07-18,0,0,365,354,3.0609756097560976,8,1,6
297,2016-08-03,0,0,372,369,3.575,7,1,0
298,2017-06-30,0,0,223,219,3.5952380952380953,9,3,9
299,2017-06-30,1,1,189,179,3.5952380952380953,9,3,9
300,2017-06-30,2,2,21,18,3.5952380952380953,9,3,9
301,2017-07-01,0,0,282,280,3.5952380952380953,9,4,13
302,2017-07-01,1,1,167,163,3.5952380952380953,9,4,13
303,2017-07-01,2,2,15,12,3.5952380952380953,9,4,13
304,2017-07-01,3,3,59,55,3.5952380952380953,9,4,13
305,2017-07-02,0,0,562,550,3.5952380952380953,9,2,5
306,2017-07-02,1,1,78,74,3.5952380952380953,9,2,5
307,2017-07-03,0,0,661,656,3.5952380952380953,9,1,7
308,2017-07-04,0,0,615,608,3.5952380952380953,9,1,3
309,2017-07-05,0,0,20,13,3.5952380952380953,9,2,0
310,2017-07-05,1,1,500,497,3.5952380952380953,9,2,0
311,2017-07-06,0,0,293,283,3.5952380952380953,9,2,5
312,2017-07-06,1,1,143,138,3.5952380952380953,9,2,5
313,2017-07-17,0,0,428,417,3.5,9,1,7
314,2017-07-18,0,0,417,402,3.5,9,1,13
315,2017-07-22,0,0,30,29,3.5217391304347827,9,2,10
316,2017-07-22,1,1,370,368,3.5217391304347827,9,2,10
317,2017-07-23,0,0,35,32,3.5217391304347827,9,3,14
318,2017-07-23,1,1,379,376,3.5217391304347827,9,3,14
319,2017-07-23,2,2,10,7,3.5217391304347827,9,3,14
320,2017-07-24,0,0,36,31,3.5217391304347827,9,3,22
321,2017-07-24,1,1,223,216,3.5217391304347827,9,3,22
322,2017-07-24,2,2,101,97,3.5217391304347827,9,3,22
323,2017-07-25,0,0,240,228,3.5217391304347827,9,2,22
324,2017-07-25,1,1,132,124,3.5217391304347827,9,2,22
325,2017-07-26,0,0,294,282,3.5217391304347827,9,2,13
326,2017-07-26,1,1,130,128,3.5217391304347827,9,2,13
327,2017-07-27,0,0,20,13,3.5217391304347827,9,2,10
328,2017-07-27,1,1,439,422,3.5217391304347827,9,2,10
329,2017-07-28,0,0,31,29,3.5217391304347827,9,2,8
330,2017-07-28,1,1,376,359,3.5217391304347827,9,2,8
331,2017-07-29,0,0,33,29,3.5217391304347827,9,3,10
332,2017-07-29,1,1,317,310,3.5217391304347827,9,3,10
333,2017-07-29,2,2,12,7,3.5217391304347827,9,3,10
334,2017-07-30,0,0,20,18,3.5217391304347827,9,4,8
335,2017-07-30,1,1,16,16,3.5217391304347827,9,4,8
336,2017-07-30,2,2,310,302,3.5217391304347827,9,4,8
337,2017-07-30,3,3,20,16,3.5217391304347827,9,4,8
338,2017-08-01,0,0,35,30,3.611111111111111,9,3,9
339,2017-08-01,1,1,336,328,3.611111111111111,9,3,9
340,2017-08-01,2,2,14,12,3.611111111111111,9,3,9
341,2017-08-02,0,0,404,400,3.611111111111111,9,2,6
342,2017-08-02,1,1,9,9,3.611111111111111,9,2,6
343,2017-08-03,0,0,391,386,3.611111111111111,9,2,2
344,2017-08-03,1,1,10,10,3.611111111111111,9,2,2
345,2017-08-04,0,0,441,437,3.611111111111111,9,2,5
346,2017-08-04,1,1,11,10,3.611111111111111,9,2,5
347,2017-08-05,0,0,499,494,3.611111111111111,9,1,8
348,2017-08-06,0,0,552,546,3.611111111111111,9,1,15
349,2017-08-07,0,0,614,611,3.611111111111111,9,2,2
350,2017-08-07,1,1,11,9,3.611111111111111,9,2,2
351,2017-08-08,0,0,617,614,3.611111111111111,9,2,3
352,2017-08-08,1,1,11,9,3.611111111111111,9,2,3
353,2017-08-09,0,0,626,619,3.611111111111111,9,3,1
354,2017-08-09,1,1,13,9,3.611111111111111,9,3,1
355,2017-08-09,2,2,7,1,3.611111111111111,9,3,1
356,2017-08-10,0,0,549,541,3.611111111111111,9,1,12
357,2017-08-11,0,0,446,439,3.611111111111111,9,2,8
358,2017-08-11,1,1,13,13,3.611111111111111,9,2,8
359,2017-08-12,0,0,438,431,3.611111111111111,9,2,5
360,2017-08-12,1,1,11,7,3.611111111111111,9,2,5
361,2017-08-13,0,0,350,343,3.611111111111111,9,2,10
362,2017-08-13,1,1,11,7,3.611111111111111,9,2,10
363,2018-07-09,0,0,470,461,3.5434782608695654,9,1,2
364,2018-07-10,0,0,565,559,3.5434782608695654,9,1,3
365,2018-07-11,0,0,517,512,3.5434782608695654,9,1,5
366,2018-07-12,0,0,520,511,3.5434782608695654,9,1,10
367,2018-07-13,0,0,13,4,3.5434782608695654,9,2,12
368,2018-07-13,1,1,437,428,3.5434782608695654,9,2,12
369,2018-07-14,0,0,21,16,3.5434782608695654,9,4,12
370,2018-07-14,1,1,19,18,3.5434782608695654,9,4,12
371,2018-07-14,2,2,114,107,3.5434782608695654,9,4,12
372,2018-07-14,3,3,231,227,3.5434782608695654,9,4,12
373,2018-07-15,0,0,24,20,3.5434782608695654,9,2,17
374,2018-07-15,1,1,336,330,3.5434782608695654,9,2,17
375,2019-06-26,0,0,396,386,3.6666666666666665,8,1,15
376,2019-06-27,0,0,365,358,3.6666666666666665,8,2,15
377,2019-06-27,1,1,11,11,3.6666666666666665,8,2,15
378,2019-07-18,0,0,104,99,2.988372093023256,8,2,7
379,2019-07-18,1,1,276,273,2.988372093023256,8,2,7
380,2019-07-19,0,0,97,94,2.988372093023256,8,2,8
381,2019-07-19,1,1,296,291,2.988372093023256,8,2,8
382,2019-07-20,0,0,95,87,2.988372093023256,8,2,7
383,2019-07-20,1,1,299,293,2.988372093023256,8,2,7
384,2020-07-19,0,0,357,353,3.1,8,2,6
385,2020-07-19,1,1,17,16,3.1,8,2,6
386,2020-07-20,0,0,408,402,3.1,8,2,8
387,2020-07-20,1,1,14,12,3.1,8,2,8
388,2020-07-21,0,0,377,370,3.1,8,2,9
389,2020-07-21,1,1,13,11,3.1,8,2,9
390,2020-07-29,0,0,340,335,3.338709677419355,8,3,7
391,2020-07-29,1,1,25,22,3.338709677419355,8,3,7
392,2020-07-29,2,2,13,13,3.338709677419355,8,3,7
393,2020-07-30,0,0,350,344,3.338709677419355,8,3,7
394,2020-07-30,1,1,14,13,3.338709677419355,8,3,7
395,2020-07-30,2,2,16,12,3.338709677419355,8,3,7
396,2020-07-31,0,0,347,340,3.338709677419355,8,2,13
397,2020-07-31,1,1,14,13,3.338709677419355,8,2,13
398,2021-06-28,0,0,62,56,3.6875,9,3,4
399,2021-06-28,1,1,11,11,3.6875,9,3,4
400,2021-06-28,2,2,300,296,3.6875,9,3,4
401,2021-06-29,0,0,75,72,3.6875,9,3,2
402,2021-06-29,1,1,21,21,3.6875,9,3,2
403,2021-06-29,2,2,321,314,3.6875,9,3,2
404,2021-06-30,0,0,82,78,3.6875,9,3,9
405,2021-06-30,1,1,181,173,3.6875,9,3,9
406,2021-06-30,2,2,143,137,3.6875,9,3,9
407,2021-07-01,0,0,75,71,3.6875,9,3,10
408,2021-07-01,1,1,221,210,3.6875,9,3,10
409,2021-07-01,2,2,127,126,3.6875,9,3,10
410,2021-07-02,0,0,50,46,3.6875,9,2,4
411,2021-07-02,1,1,399,393,3.6875,9,2,4
412,2021-07-03,0,0,19,18,3.6875,9,2,3
413,2021-07-03,1,1,443,437,3.6875,9,2,3
414,2021-07-04,0,0,437,433,3.6875,9,1,3
415,2021-07-05,0,0,121,119,3.6875,9,2,5
416,2021-07-05,1,1,281,281,3.6875,9,2,5
417,2021-07-06,0,0,100,97,3.6875,9,2,10
418,2021-07-06,1,1,281,280,3.6875,9,2,10
419,2021-07-07,0,0,33,29,3.6875,9,2,1
420,2021-07-07,1,1,355,349,3.6875,9,2,1
421,2021-07-08,0,0,34,32,3.6875,9,2,1
422,2021-07-08,1,1,350,345,3.6875,9,2,1
423,2021-07-18,0,0,368,365,3.4615384615384617,8,1,7
424,2021-07-19,0,0,410,407,3.4615384615384617,8,1,6
425,2021-07-20,0,0,444,434,3.4615384615384617,8,1,6
426,2021-07-21,0,0,413,399,3.4615384615384617,8,1,12
427,2021-07-26,0,0,48,42,3.5476190476190474,8,3,0
428,2021-07-26,1,1,23,22,3.5476190476190474,8,3,0
429,2021-07-26,2,2,369,367,3.5476190476190474,8,3,0
430,2021-07-27,0,0,143,142,3.5476190476190474,8,2,1
431,2021-07-27,1,1,288,284,3.5476190476190474,8,2,1
432,2021-07-28,0,0,185,184,3.5476190476190474,8,3,6
433,2021-07-28,1,1,174,169,3.5476190476190474,8,3,6
434,2021-07-28,2,2,24,22,3.5476190476190474,8,3,6
435,2021-07-31,0,0,278,274,3.5681818181818183,8,3,9
436,2021-07-31,1,1,67,67,3.5681818181818183,8,3,9
437,2021-07-31,2,2,22,18,3.5681818181818183,8,3,9
438,2021-08-01,0,0,357,348,3.5681818181818183,8,2,9
439,2021-08-01,1,1,69,69,3.5681818181818183,8,2,9
440,2021-08-02,0,0,418,416,3.5681818181818183,8,3,0
441,2021-08-02,1,1,10,8,3.5681818181818183,8,3,0
442,2021-08-02,2,2,79,79,3.5681818181818183,8,3,0
443,2021-08-03,0,0,459,457,3.5681818181818183,8,3,0
444,2021-08-03,1,1,14,13,3.5681818181818183,8,3,0
445,2021-08-03,2,2,82,82,3.5681818181818183,8,3,0
446,2021-08-04,0,0,527,524,3.5681818181818183,8,2,1
447,2021-08-04,1,1,75,75,3.5681818181818183,8,2,1
448,2021-08-05,0,0,542,538,3.5681818181818183,8,2,2
449,2021-08-05,1,1,73,73,3.5681818181818183,8,2,2
450,2021-08-06,0,0,526,526,3.5681818181818183,8,2,1
451,2021-08-06,1,1,85,83,3.5681818181818183,8,2,1
452,2021-08-07,0,0,454,454,3.5681818181818183,8,2,3
453,2021-08-07,1,1,86,84,3.5681818181818183,8,2,3
454,2021-08-08,0,0,393,389,3.5681818181818183,8,2,1
455,2021-08-08,1,1,80,80,3.5681818181818183,8,2,1
456,2021-08-09,0,0,153,153,3.5681818181818183,8,5,4
457,2021-08-09,1,1,15,11,3.5681818181818183,8,5,4
458,2021-08-09,2,2,26,22,3.5681818181818183,8,5,4
459,2021-08-09,3,3,134,133,3.5681818181818183,8,5,4
460,2021-08-09,4,4,69,68,3.5681818181818183,8,5,4
461,2021-08-28,0,0,383,380,3.7666666666666666,8,1,4
462,2022-07-19,0,0,16,13,3.05,8,2,6
463,2022-07-19,1,1,401,391,3.05,8,2,6
464,2022-07-20,0,0,10,4,3.05,8,4,6
465,2022-07-20,1,1,14,12,3.05,8,4,6
466,2022-07-20,2,2,191,184,3.05,8,4,6
467,2022-07-20,3,3,215,214,3.05,8,4,6
468,2022-07-21,0,0,34,33,3.05,8,2,12
469,2022-07-21,1,1,377,371,3.05,8,2,12
470,2022-07-22,0,0,53,52,3.05,8,3,8
471,2022-07-22,1,1,9,6,3.05,8,3,8
472,2022-07-22,2,2,358,354,3.05,8,3,8
473,2023-07-12,0,0,49,44,2.84,8,4,5
474,2023-07-12,1,1,19,15,2.84,8,4,5
475,2023-07-12,2,2,128,123,2.84,8,4,5
476,2023-07-12,3,3,178,173,2.84,8,4,5
477,2023-07-15,0,0,437,427,3.764705882352941,9,1,14
478,2023-07-16,0,0,476,468,3.764705882352941,9,1,15
479,2023-07-17,0,0,23,23,3.764705882352941,9,2,4
480,2023-07-17,1,1,521,514,3.764705882352941,9,2,4
481,2023-07-18,0,0,560,556,3.764705882352941,9,1,4
482,2023-07-19,0,0,584,581,3.764705882352941,9,1,2
483,2023-07-20,0,0,630,628,3.764705882352941,9,1,0
484,2023-07-21,0,0,660,660,3.764705882352941,9,1,2
485,2023-07-22,0,0,692,686,3.764705882352941,9,3,1
486,2023-07-22,1,1,9,6,3.764705882352941,9,3,1
487,2023-07-22,2,2,19,17,3.764705882352941,9,3,1
488,2023-07-23,0,0,697,692,3.764705882352941,9,1,11
489,2023-07-24,0,0,685,678,3.764705882352941,9,1,7
490,2023-07-25,0,0,642,638,3.764705882352941,9,1,8
491,2023-07-26,0,0,626,625,3.764705882352941,9,1,4
492,2023-07-27,0,0,542,534,3.764705882352941,9,1,10
493,2023-07-28,0,0,450,443,3.764705882352941,9,2,7
494,2023-07-28,1,1,12,10,3.764705882352941,9,2,7
495,2023-07-29,0,0,379,376,3.764705882352941,9,2,8
496,2023-07-29,1,1,36,31,3.764705882352941,9,2,8
497,2023-07-30,0,0,39,39,3.764705882352941,9,4,0
498,2023-07-30,1,1,57,55,3.764705882352941,9,4,0
499,2023-07-30,2,2,224,223,3.764705882352941,9,4,0
500,2023-07-30,3,3,78,77,3.764705882352941,9,4,0
501,2023-07-31,0,0,36,35,3.764705882352941,9,4,2
502,2023-07-31,1,1,56,54,3.764705882352941,9,4,2
503,2023-07-31,2,2,238,234,3.764705882352941,9,4,2
504,2023-07-31,3,3,87,86,3.764705882352941,9,4,2
505,2023-08-01,0,0,66,56,3.764705882352941,9,4,7
506,2023-08-01,1,1,41,37,3.764705882352941,9,4,7
507,2023-08-01,2,2,281,277,3.764705882352941,9,4,7
508,2023-08-01,3,3,93,93,3.764705882352941,9,4,7
509,2023-08-02,0,0,94,86,3.764705882352941,9,4,14
510,2023-08-02,1,1,45,45,3.764705882352941,9,4,14
511,2023-08-02,2,2,371,367,3.764705882352941,9,4,14
512,2023-08-02,3,3,21,20,3.764705882352941,9,4,14
513,2023-08-03,0,0,612,601,3.764705882352941,9,2,9
514,2023-08-03,1,1,12,6,3.764705882352941,9,2,9
515,2023-08-04,0,0,577,572,3.764705882352941,9,1,14
516,2023-08-05,0,0,548,537,3.764705882352941,9,1,15
517,2023-08-06,0,0,509,504,3.764705882352941,9,1,5
518,2023-08-07,0,0,472,461,3.764705882352941,9,1,0
519,2023-08-08,0,0,239,230,3.764705882352941,9,2,0
520,2023-08-08,1,1,173,169,3.764705882352941,9,2,0
521,2023-08-09,0,0,401,391,3.764705882352941,9,1,0
522,2023-08-10,0,0,25,25,3.764705882352941,9,2,0
523,2023-08-10,1,1,398,387,3.764705882352941,9,2,0
524,2023-08-11,0,0,12,10,3.764705882352941,9,2,2
525,2023-08-11,1,1,384,380,3.764705882352941,9,2,2
526,2023-08-13,0,0,389,383,3.7333333333333334,9,1,1
527,2023-08-14,0,0,441,433,3.7333333333333334,9,1,1
528,2023-08-15,0,0,451,444,3.7333333333333334,9,1,1
529,2023-08-16,0,0,457,451,3.7333333333333334,9,1,5
530,2023-08-17,0,0,445,442,3.7333333333333334,9,2,1
531,2023-08-17,1,1,13,13,3.7333333333333334,9,2,1
532,2023-08-18,0,0,427,425,3.7333333333333334,9,1,5
533,2023-08-19,0,0,421,412,3.7333333333333334,9,1,7
534,2023-08-20,0,0,433,425,3.7333333333333334,9,1,3
535,2023-08-21,0,0,446,442,3.7333333333333334,9,1,3
536,2023-08-22,0,0,433,429,3.7333333333333334,9,1,9
537,2023-08-23,0,0,495,492,3.7333333333333334,9,2,1
538,2023-08-23,1,1,8,5,3.7333333333333334,9,2,1
539,2023-08-24,0,0,618,615,3.7333333333333334,9,1,0
540,2023-08-25,0,0,615,608,3.7333333333333334,9,1,4
541,2023-08-26,0,0,560,555,3.7333333333333334,9,1,0
542,2023-08-27,0,0,478,471,3.7333333333333334,9,1,6
543,2023-08-28,0,0,262,259,3.7333333333333334,9,2,3
544,2023-08-28,1,1,138,135,3.7333333333333334,9,2,3
545,2024-05-20,0,0,222,222,3.6470588235294117,11,2,0
546,2024-05-20,1,1,203,201,3.6470588235294117,11,2,0
547,2024-05-21,0,0,239,238,3.6470588235294117,11,2,3
548,2024-05-21,1,1,212,209,3.6470588235294117,11,2,3
549,2024-05-22,0,0,207,207,3.6470588235294117,11,2,7
550,2024-05-22,1,1,227,222,3.6470588235294117,11,2,7
551,2024-05-23,0,0,149,149,3.6470588235294117,11,2,0
552,2024-05-23,1,1,267,257,3.6470588235294117,11,2,0
553,2024-05-24,0,0,113,112,3.6470588235294117,11,2,0
554,2024-05-24,1,1,300,289,3.6470588235294117,11,2,0
555,2024-05-25,0,0,413,410,3.6470588235294117,11,1,0
556,2024-05-26,0,0,421,416,3.6470588235294117,11,1,0
557,2024-05-27,0,0,442,432,3.6470588235294117,11,1,1
558,2024-05-28,0,0,475,467,3.6470588235294117,11,1,1
559,2024-05-29,0,0,466,457,3.6470588235294117,11,1,4
560,2024-05-30,0,0,474,459,3.6470588235294117,11,1,0
561,2024-05-31,0,0,488,482,3.6470588235294117,11,1,13
562,2024-06-01,0,0,542,532,3.6470588235294117,11,1,0
563,2024-06-02,0,0,494,483,3.6470588235294117,11,1,2
564,2024-06-03,0,0,514,508,3.6470588235294117,11,2,1
565,2024-06-03,1,1,11,4,3.6470588235294117,11,2,1
566,2024-06-04,0,0,596,595,3.6470588235294117,11,1,9
567,2024-06-05,0,0,641,640,3.6470588235294117,11,1,9
568,2024-06-06,0,0,681,679,3.6470588235294117,11,1,9
569,2024-06-07,0,0,649,646,3.6470588235294117,11,1,5
570,2024-06-08,0,0,597,594,3.6470588235294117,11,1,2
571,2024-06-09,0,0,468,463,3.6470588235294117,11,1,16
572,2024-06-10,0,0,50,47,3.6470588235294117,11,4,5
573,2024-06-10,1,1,19,13,3.6470588235294117,11,4,5
574,2024-06-10,2,2,326,321,3.6470588235294117,11,4,5
575,2024-06-10,3,3,15,10,3.6470588235294117,11,4,5
576,2024-06-11,0,0,31,30,3.6470588235294117,11,5,6
577,2024-06-11,1,1,19,15,3.6470588235294117,11,5,6
578,2024-06-11,2,2,48,41,3.6470588235294117,11,5,6
579,2024-06-11,3,3,278,271,3.6470588235294117,11,5,6
580,2024-06-11,4,4,18,13,3.6470588235294117,11,5,6
581,2024-06-12,0,0,27,27,3.6470588235294117,11,5,8
582,2024-06-12,1,1,102,95,3.6470588235294117,11,5,8
583,2024-06-12,2,2,13,6,3.6470588235294117,11,5,8
584,2024-06-12,3,3,254,245,3.6470588235294117,11,5,8
585,2024-06-12,4,4,12,6,3.6470588235294117,11,5,8
586,2024-06-13,0,0,28,28,3.6470588235294117,11,2,6
587,2024-06-13,1,1,505,493,3.6470588235294117,11,2,6
588,2024-06-14,0,0,605,597,3.6470588235294117,11,1,3
589,2024-06-15,0,0,603,601,3.6470588235294117,11,1,9
590,2024-06-16,0,0,550,549,3.6470588235294117,11,1,20
591,2024-06-17,0,0,418,414,3.6470588235294117,11,3,18
592,2024-06-17,1,1,66,62,3.6470588235294117,11,3,18
593,2024-06-17,2,2,136,133,3.6470588235294117,11,3,18
594,2024-06-18,0,0,536,524,3.6470588235294117,11,3,5
595,2024-06-18,1,1,41,36,3.6470588235294117,11,3,5
596,2024-06-18,2,2,67,63,3.6470588235294117,11,3,5
597,2024-06-19,0,0,658,652,3.6470588235294117,11,2,5
598,2024-06-19,1,1,66,60,3.6470588235294117,11,2,5
599,2024-06-20,0,0,722,720,3.6470588235294117,11,2,7
600,2024-06-20,1,1,40,40,3.6470588235294117,11,2,7
601,2024-06-21,0,0,684,678,3.6470588235294117,11,2,6
602,2024-06-21,1,1,65,63,3.6470588235294117,11,2,6
603,2024-06-22,0,0,595,590,3.6470588235294117,11,2,0
604,2024-06-22,1,1,57,53,3.6470588235294117,11,2,0
605,2024-06-23,0,0,492,489,3.6470588235294117,11,3,3
606,2024-06-23,1,1,34,31,3.6470588235294117,11,3,3
607,2024-06-23,2,2,25,19,3.6470588235294117,11,3,3
608,2024-06-24,0,0,455,444,3.6470588235294117,11,3,7
609,2024-06-24,1,1,19,10,3.6470588235294117,11,3,7
610,2024-06-24,2,2,25,19,3.6470588235294117,11,3,7
611,2024-06-25,0,0,115,108,3.6470588235294117,11,3,27
612,2024-06-25,1,1,25,19,3.6470588235294117,11,3,27
613,2024-06-25,2,2,307,303,3.6470588235294117,11,3,27
614,2024-06-26,0,0,71,67,3.6470588235294117,11,4,21
615,2024-06-26,1,1,10,1,3.6470588235294117,11,4,21
616,2024-06-26,2,2,18,14,3.6470588235294117,11,4,21
617,2024-06-26,3,3,294,288,3.6470588235294117,11,4,21
618,2024-06-27,0,0,71,67,3.6470588235294117,11,4,18
619,2024-06-27,1,1,10,1,3.6470588235294117,11,4,18
620,2024-06-27,2,2,18,14,3.6470588235294117,11,4,18
621,2024-06-27,3,3,310,305,3.6470588235294117,11,4,18
622,2024-06-28,0,0,54,53,3.6470588235294117,11,3,17
623,2024-06-28,1,1,15,10,3.6470588235294117,11,3,17
624,2024-06-28,2,2,290,285,3.6470588235294117,11,3,17
625,2024-07-08,0,0,212,203,3.6176470588235294,10,4,2
626,2024-07-08,1,1,12,10,3.6176470588235294,10,4,2
627,2024-07-08,2,2,168,163,3.6176470588235294,10,4,2
628,2024-07-08,3,3,11,7,3.6176470588235294,10,4,2
629,2024-07-09,0,0,496,480,3.6176470588235294,10,2,9
630,2024-07-09,1,1,12,10,3.6176470588235294,10,2,9
631,2024-07-10,0,0,620,608,3.6176470588235294,10,2,2
632,2024-07-10,1,1,9,2,3.6176470588235294,10,2,2
633,2024-07-11,0,0,687,678,3.6176470588235294,10,2,2
634,2024-07-11,1,1,9,2,3.6176470588235294,10,2,2
635,2024-07-12,0,0,705,693,3.6176470588235294,10,2,1
636,2024-07-12,1,1,10,7,3.6176470588235294,10,2,1
637,2024-07-13,0,0,643,638,3.6176470588235294,10,1,15
638,2024-07-14,0,0,599,592,3.6176470588235294,10,1,10
639,2024-07-15,0,0,61,59,3.6176470588235294,10,2,0
640,2024-07-15,1,1,526,519,3.6176470588235294,10,2,0
641,2024-07-16,0,0,50,50,3.6176470588235294,10,2,0
642,2024-07-16,1,1,512,507,3.6176470588235294,10,2,0
643,2024-07-17,0,0,44,44,3.6176470588235294,10,3,0
644,2024-07-17,1,1,435,431,3.6176470588235294,10,3,0
645,2024-07-17,2,2,102,100,3.6176470588235294,10,3,0
646,2024-07-18,0,0,51,51,3.6176470588235294,10,2,0
647,2024-07-18,1,1,550,542,3.6176470588235294,10,2,0
648,2024-07-19,0,0,569,563,3.6176470588235294,10,2,0
649,2024-07-19,1,1,44,42,3.6176470588235294,10,2,0
650,2024-07-20,0,0,555,547,3.6176470588235294,10,2,0
651,2024-07-20,1,1,37,37,3.6176470588235294,10,2,0
652,2024-07-21,0,0,663,654,3.6176470588235294,10,1,4
653,2024-07-22,0,0,657,646,3.6176470588235294,10,1,14
654,2024-07-23,0,0,646,631,3.6176470588235294,10,1,13
655,2024-07-24,0,0,611,600,3.6176470588235294,10,1,3
656,2024-07-25,0,0,522,508,3.6176470588235294,10,2,1
657,2024-07-25,1,1,43,43,3.6176470588235294,10,2,1
658,2024-07-26,0,0,392,375,3.6176470588235294,10,3,0
659,2024-07-26,1,1,85,83,3.6176470588235294,10,3,0
660,2024-07-26,2,2,38,38,3.6176470588235294,10,3,0
661,2024-07-27,0,0,138,135,3.6176470588235294,10,4,6
662,2024-07-27,1,1,10,1,3.6176470588235294,10,4,6
663,2024-07-27,2,2,20,16,3.6176470588235294,10,4,6
664,2024-07-27,3,3,327,314,3.6176470588235294,10,4,6
665,2024-07-28,0,0,148,147,3.6176470588235294,10,3,4
666,2024-07-28,1,1,23,17,3.6176470588235294,10,3,4
667,2024-07-28,2,2,311,300,3.6176470588235294,10,3,4
668,2024-07-29,0,0,151,149,3.6176470588235294,10,2,3
669,2024-07-29,1,1,259,253,3.6176470588235294,10,2,3
670,2024-08-05,0,0,396,385,3.611111111111111,9,2,3
671,2024-08-05,1,1,11,11,3.611111111111111,9,2,3
672,2024-08-06,0,0,406,394,3.611111111111111,9,2,2
673,2024-08-06,1,1,11,11,3.611111111111111,9,2,2
674,2024-08-07,0,0,407,395,3.611111111111111,9,2,2
675,2024-08-07,1,1,11,11,3.611111111111111,9,2,2
676,2024-08-08,0,0,370,364,3.611111111111111,9,2,7
677,2024-08-08,1,1,11,11,3.611111111111111,9,2,7
678,2024-08-09,0,0,370,364,3.611111111111111,9,2,13
679,2024-08-09,1,1,11,11,3.611111111111111,9,2,13
680,2024-08-10,0,0,397,386,3.611111111111111,9,2,8
681,2024-08-10,1,1,9,9,3.611111111111111,9,2,8
682,2024-08-11,0,0,439,432,3.611111111111111,9,1,11
683,2024-08-12,0,0,282,276,3.611111111111111,9,2,7
684,2024-08-12,1,1,156,152,3.611111111111111,9,2,7
685,2024-08-13,0,0,514,504,3.611111111111111,9,1,5
686,2024-08-14,0,0,511,499,3.611111111111111,9,1,6
687,2024-08-15,0,0,483,472,3.611111111111111,9,1,2
688,2024-08-16,0,0,196,194,3.611111111111111,9,3,4
689,2024-08-16,1,1,10,6,3.611111111111111,9,3,4
690,2024-08-16,2,2,218,213,3.611111111111111,9,3,4
691,2024-08-17,0,0,386,380,3.611111111111111,9,1,5
692,2024-08-18,0,0,363,353,3.611111111111111,9,2,5
693,2024-08-18,1,1,9,3,3.611111111111111,9,2,5
694,2024-08-19,0,0,383,379,3.611111111111111,9,1,13
695,2024-08-20,0,0,387,380,3.611111111111111,9,1,12
696,2024-08-21,0,0,401,395,3.611111111111111,9,1,0
697,2024-08-22,0,0,421,415,3.611111111111111,9,1,0
698,2024-08-23,0,0,70,70,3.611111111111111,9,2,0
699,2024-08-23,1,1,335,331,3.611111111111111,9,2,0
700,2025-06-14,0,0,312,310,3.3793103448275863,7,3,2
701,2025-06-14,1,1,23,23,3.3793103448275863,7,3,2
702,2025-06-14,2,2,39,39,3.3793103448275863,7,3,2
703,2025-06-15,0,0,22,22,3.3793103448275863,7,4,0
704,2025-06-15,1,1,313,311,3.3793103448275863,7,4,0
705,2025-06-15,2,2,35,35,3.3793103448275863,7,4,0
706,2025-06-15,3,3,25,25,3.3793103448275863,7,4,0
707,2025-07-14,0,0,389,377,3.6470588235294117,10,1,8
708,2025-07-15,0,0,359,346,3.6470588235294117,10,1,17
709,2025-07-16,0,0,387,376,3.6470588235294117,10,1,11
710,2025-07-17,0,0,463,454,3.6470588235294117,10,1,11
711,2025-07-18,0,0,455,440,3.6470588235294117,10,1,8
712,2025-07-19,0,0,324,309,3.6470588235294117,10,2,11
713,2025-07-19,1,1,101,96,3.6470588235294117,10,2,11
714,2025-07-20,0,0,88,85,3.6470588235294117,10,5,2
715,2025-07-20,1,1,10,10,3.6470588235294117,10,5,2
716,2025-07-20,2,2,192,188,3.6470588235294117,10,5,2
717,2025-07-20,3,3,82,75,3.6470588235294117,10,5,2
718,2025-07-20,4,4,77,70,3.6470588235294117,10,5,2
719,2025-07-21,0,0,348,341,3.6470588235294117,10,4,2
720,2025-07-21,1,1,11,11,3.6470588235294117,10,4,2
721,2025-07-21,2,2,92,86,3.6470588235294117,10,4,2
722,2025-07-21,3,3,81,76,3.6470588235294117,10,4,2
723,2025-07-22,0,0,735,722,3.6470588235294117,10,2,0
724,2025-07-22,1,1,10,8,3.6470588235294117,10,2,0
725,2025-07-23,0,0,778,768,3.6470588235294117,10,2,0
726,2025-07-23,1,1,15,12,3.6470588235294117,10,2,0
727,2025-07-24,0,0,818,806,3.6470588235294117,10,1,7
728,2025-07-25,0,0,674,667,3.6470588235294117,10,2,6
729,2025-07-25,1,1,91,81,3.6470588235294117,10,2,6
730,2025-07-26,0,0,685,678,3.6470588235294117,10,2,9
731,2025-07-26,1,1,36,29,3.6470588235294117,10,2,9
732,2025-07-27,0,0,688,686,3.6470588235294117,10,1,10
733,2025-07-28,0,0,616,614,3.6470588235294117,10,1,8
734,2025-07-29,0,0,454,443,3.6470588235294117,10,2,9
735,2025-07-29,1,1,49,43,3.6470588235294117,10,2,9
736,2025-07-30,0,0,462,446,3.6470588235294117,10,1,19
737,2025-07-31,0,0,418,407,3.6470588235294117,10,1,12
738,2025-08-01,0,0,19,12,3.6470588235294117,10,2,7
739,2025-08-01,1,1,350,340,3.6470588235294117,10,2,7
740,2025-08-07,0,0,389,381,3.4285714285714284,9,1,15
741,2025-08-08,0,0,425,411,3.4285714285714284,9,1,13
742,2025-08-09,0,0,442,433,3.4285714285714284,9,2,10
743,2025-08-09,1,1,16,13,3.4285714285714284,9,2,10
744,2025-08-10,0,0,418,412,3.4285714285714284,9,2,25
745,2025-08-10,1,1,17,14,3.4285714285714284,9,2,25
746,2025-08-11,0,0,450,442,3.4285714285714284,9,2,11
747,2025-08-11,1,1,17,14,3.4285714285714284,9,2,11
748,2025-08-12,0,0,450,439,3.4285714285714284,9,1,17
749,2025-08-13,0,0,452,441,3.4285714285714284,9,1,8
750,2025-08-14,0,0,437,425,3.4285714285714284,9,2,12
751,2025-08-14,1,1,17,14,3.4285714285714284,9,2,12
752,2025-08-15,0,0,386,371,3.4285714285714284,9,2,20
753,2025-08-15,1,1,15,12,3.4285714285714284,9,2,20
