compound_event_id,type,min_samples,eps
1,Type 2,8,2.631578947368421
2,Type 3,9,3.5217391304347827
3,Type 3,8,3.242857142857143
4,Type 3,8,3.272727272727273
5,Type 4,8,3.34375
6,Type 4,8,3.571428571428572
7,Type 4,9,3.333333333333333
8,Type 4,9,3.3846153846153846
9,Type 4,9,3.5625
10,Type 4,10,3.4107142857142856
11,Type 4,9,3.764705882352941
12,Type 1,10,3.18
13,Type 3,10,2.8448275862068964
14,Type 3,9,3.7916666666666665
15,Type 4,9,3.421052631578948
16,Type 3,8,3.1486486486486487
17,Type 4,9,3.380952380952381
18,Type 3,9,3.125
19,Type 3,8,2.840909090909091
20,Type 4,9,3.392857142857143
21,Type 4,9,3.522727272727273
22,Type 4,9,3.5681818181818183
23,Type 2,8,2.96875
24,Type 4,10,3.6538461538461537
25,Type 3,10,3.657894736842105
26,Type 3,8,3.0609756097560976
27,Type 1,7,3.575
28,Type 4,9,3.595238095238096
29,Type 3,9,3.5
30,Type 3,9,3.5217391304347827
31,Type 4,9,3.611111111111111
32,Type 4,9,3.5434782608695654
33,Type 4,8,3.6666666666666665
34,Type 3,8,2.988372093023256
35,Type 3,8,3.1
36,Type 3,8,3.338709677419355
37,Type 4,9,3.6875
38,Type 3,8,3.4615384615384617
39,Type 3,8,3.5476190476190474
40,Type 3,8,3.5681818181818183
41,Type 1,8,3.7666666666666666
42,Type 3,8,3.05
43,Type 2,8,2.84
44,Type 4,9,3.764705882352941
45,Type 4,9,3.733333333333333
46,Type 4,11,3.647058823529412
47,Type 4,10,3.6176470588235294
48,Type 4,9,3.611111111111111
49,Type 3,7,3.3793103448275863
50,Type 4,10,3.647058823529412
51,Type 4,9,3.4285714285714284
