panel,metric,population,group,n,mean,median,min,max,q1,q3
a,Selected DBSCAN min_samples,395 event-days,All Types,395,9.21012658227848,9.0,7.0,11.0,9.0,10.0
a,Selected DBSCAN min_samples,395 event-days,Type 1,3,8.333333333333334,8.0,7.0,10.0,7.5,9.0
a,Selected DBSCAN min_samples,395 event-days,Type 2,3,8.0,8.0,8.0,8.0,8.0,8.0
a,Selected DBSCAN min_samples,395 event-days,Type 3,74,8.391891891891891,8.0,7.0,10.0,8.0,9.0
a,Selected DBSCAN min_samples,395 event-days,Type 4,315,9.422222222222222,9.0,8.0,11.0,9.0,10.0
b,Selected DBSCAN min_samples,51 events,All Types,51,8.72549019607843,9.0,7.0,11.0,8.0,9.0
b,Selected DBSCAN min_samples,51 events,Type 1,3,8.333333333333334,8.0,7.0,10.0,7.5,9.0
b,Selected DBSCAN min_samples,51 events,Type 2,3,8.0,8.0,8.0,8.0,8.0,8.0
b,Selected DBSCAN min_samples,51 events,Type 3,20,8.4,8.0,7.0,10.0,8.0,9.0
b,Selected DBSCAN min_samples,51 events,Type 4,25,9.12,9.0,8.0,11.0,9.0,9.0
c,Selected DBSCAN eps (grid-cell units),395 event-days,All Types,395,3.540407148312996,3.611111111111111,2.631578947368421,3.7916666666666665,3.4285714285714284,3.647058823529412
c,Selected DBSCAN eps (grid-cell units),395 event-days,Type 1,3,3.507222222222223,3.575,3.18,3.7666666666666666,3.3775000000000004,3.6708333333333334
c,Selected DBSCAN eps (grid-cell units),395 event-days,Type 2,3,2.81344298245614,2.84,2.631578947368421,2.96875,2.7357894736842105,2.904375
c,Selected DBSCAN eps (grid-cell units),395 event-days,Type 3,74,3.3507293533789544,3.4615384615384617,2.840909090909091,3.7916666666666665,3.125,3.5411490683229814
c,Selected DBSCAN eps (grid-cell units),395 event-days,Type 4,315,3.5922058914906527,3.6176470588235294,3.333333333333333,3.764705882352941,3.5434782608695654,3.6538461538461537
d,Selected DBSCAN eps (grid-cell units),51 events,All Types,51,3.4076246573500577,3.5,2.631578947368421,3.7916666666666665,3.2577922077922077,3.611111111111111
d,Selected DBSCAN eps (grid-cell units),51 events,Type 1,3,3.507222222222223,3.575,3.18,3.7666666666666666,3.3775000000000004,3.6708333333333334
d,Selected DBSCAN eps (grid-cell units),51 events,Type 2,3,2.81344298245614,2.84,2.631578947368421,2.96875,2.7357894736842105,2.904375
d,Selected DBSCAN eps (grid-cell units),51 events,Type 3,20,3.2981358229046505,3.3057184750733137,2.840909090909091,3.7916666666666665,3.0902439024390245,3.5217391304347827
d,Selected DBSCAN eps (grid-cell units),51 events,Type 4,25,3.5545658181089936,3.571428571428572,3.333333333333333,3.764705882352941,3.421052631578948,3.647058823529412
