date,compound_event_id,type,min_samples,eps
1983-07-13,1,Type 2,8,2.631578947368421
1987-07-23,2,Type 3,9,3.5217391304347827
1987-07-24,2,Type 3,9,3.5217391304347827
1987-07-25,2,Type 3,9,3.5217391304347827
1987-07-26,2,Type 3,9,3.5217391304347827
1987-07-27,2,Type 3,9,3.5217391304347827
1991-06-04,3,Type 3,8,3.242857142857143
1991-06-05,3,Type 3,8,3.242857142857143
1998-05-24,4,Type 3,8,3.272727272727273
1998-05-25,4,Type 3,8,3.272727272727273
1998-05-26,4,Type 3,8,3.272727272727273
1998-08-01,5,Type 4,8,3.34375
1998-08-02,5,Type 4,8,3.34375
1998-08-03,5,Type 4,8,3.34375
1998-08-04,5,Type 4,8,3.34375
1998-08-05,5,Type 4,8,3.34375
1998-08-06,5,Type 4,8,3.34375
1998-08-07,5,Type 4,8,3.34375
1998-08-08,5,Type 4,8,3.34375
1998-08-09,5,Type 4,8,3.34375
1998-08-10,5,Type 4,8,3.34375
1998-08-11,5,Type 4,8,3.34375
1999-08-18,6,Type 4,8,3.571428571428572
1999-08-19,6,Type 4,8,3.571428571428572
1999-08-20,6,Type 4,8,3.571428571428572
1999-08-21,6,Type 4,8,3.571428571428572
1999-08-22,6,Type 4,8,3.571428571428572
2000-07-07,7,Type 4,9,3.333333333333333
2000-07-08,7,Type 4,9,3.333333333333333
2000-07-09,7,Type 4,9,3.333333333333333
2000-07-28,8,Type 4,9,3.3846153846153846
2000-07-29,8,Type 4,9,3.3846153846153846
2000-07-30,8,Type 4,9,3.3846153846153846
2000-07-31,8,Type 4,9,3.3846153846153846
2000-08-01,8,Type 4,9,3.3846153846153846
2000-08-02,8,Type 4,9,3.3846153846153846
2001-07-28,9,Type 4,9,3.5625
2001-07-29,9,Type 4,9,3.5625
2001-07-30,9,Type 4,9,3.5625
2001-08-07,10,Type 4,10,3.4107142857142856
2001-08-08,10,Type 4,10,3.4107142857142856
2001-08-09,10,Type 4,10,3.4107142857142856
2001-08-10,10,Type 4,10,3.4107142857142856
2001-08-11,10,Type 4,10,3.4107142857142856
2001-08-12,10,Type 4,10,3.4107142857142856
2002-07-16,11,Type 4,9,3.764705882352941
2002-07-17,11,Type 4,9,3.764705882352941
2002-07-18,11,Type 4,9,3.764705882352941
2002-07-19,11,Type 4,9,3.764705882352941
2002-07-20,11,Type 4,9,3.764705882352941
2002-07-31,12,Type 1,10,3.18
2002-08-06,13,Type 3,10,2.8448275862068964
2002-08-07,13,Type 3,10,2.8448275862068964
2006-08-20,14,Type 3,9,3.7916666666666665
2006-08-21,14,Type 3,9,3.7916666666666665
2006-08-22,14,Type 3,9,3.7916666666666665
2006-08-23,14,Type 3,9,3.7916666666666665
2007-07-25,15,Type 4,9,3.421052631578948
2007-07-26,15,Type 4,9,3.421052631578948
2007-07-27,15,Type 4,9,3.421052631578948
2007-07-28,15,Type 4,9,3.421052631578948
2007-07-29,15,Type 4,9,3.421052631578948
2007-07-30,15,Type 4,9,3.421052631578948
2007-07-31,15,Type 4,9,3.421052631578948
2007-08-01,15,Type 4,9,3.421052631578948
2010-06-18,16,Type 3,8,3.1486486486486487
2010-06-19,16,Type 3,8,3.1486486486486487
2010-06-20,16,Type 3,8,3.1486486486486487
2010-06-21,16,Type 3,8,3.1486486486486487
2010-06-22,16,Type 3,8,3.1486486486486487
2010-07-08,17,Type 4,9,3.380952380952381
2010-07-09,17,Type 4,9,3.380952380952381
2010-07-10,17,Type 4,9,3.380952380952381
2010-07-11,17,Type 4,9,3.380952380952381
2010-07-12,17,Type 4,9,3.380952380952381
2010-07-13,17,Type 4,9,3.380952380952381
2010-07-16,18,Type 3,9,3.125
2010-07-17,18,Type 3,9,3.125
2010-07-18,18,Type 3,9,3.125
2010-08-01,19,Type 3,8,2.840909090909091
2010-08-02,19,Type 3,8,2.840909090909091
2010-08-03,19,Type 3,8,2.840909090909091
2010-08-05,20,Type 4,9,3.392857142857143
2010-08-06,20,Type 4,9,3.392857142857143
2010-08-07,20,Type 4,9,3.392857142857143
2010-08-08,20,Type 4,9,3.392857142857143
2010-08-09,20,Type 4,9,3.392857142857143
2010-08-10,20,Type 4,9,3.392857142857143
2010-08-11,20,Type 4,9,3.392857142857143
2010-08-12,20,Type 4,9,3.392857142857143
2010-08-13,20,Type 4,9,3.392857142857143
2010-08-14,20,Type 4,9,3.392857142857143
2010-08-15,20,Type 4,9,3.392857142857143
2010-08-16,20,Type 4,9,3.392857142857143
2010-08-17,20,Type 4,9,3.392857142857143
2010-08-18,20,Type 4,9,3.392857142857143
2010-08-19,20,Type 4,9,3.392857142857143
2010-08-20,20,Type 4,9,3.392857142857143
2010-08-21,20,Type 4,9,3.392857142857143
2011-07-26,21,Type 4,9,3.522727272727273
2011-07-27,21,Type 4,9,3.522727272727273
2011-07-28,21,Type 4,9,3.522727272727273
2011-07-29,21,Type 4,9,3.522727272727273
2011-07-30,21,Type 4,9,3.522727272727273
2011-07-31,21,Type 4,9,3.522727272727273
2011-08-01,21,Type 4,9,3.522727272727273
2011-08-02,21,Type 4,9,3.522727272727273
2011-08-03,21,Type 4,9,3.522727272727273
2011-08-04,21,Type 4,9,3.522727272727273
2011-08-05,21,Type 4,9,3.522727272727273
2012-07-13,22,Type 4,9,3.5681818181818183
2012-07-14,22,Type 4,9,3.5681818181818183
2012-07-15,22,Type 4,9,3.5681818181818183
2012-07-16,22,Type 4,9,3.5681818181818183
2012-07-17,22,Type 4,9,3.5681818181818183
2012-07-18,22,Type 4,9,3.5681818181818183
2012-07-19,22,Type 4,9,3.5681818181818183
2012-07-20,22,Type 4,9,3.5681818181818183
2012-07-21,22,Type 4,9,3.5681818181818183
2012-07-22,22,Type 4,9,3.5681818181818183
2012-07-23,22,Type 4,9,3.5681818181818183
2012-07-24,22,Type 4,9,3.5681818181818183
2012-07-25,22,Type 4,9,3.5681818181818183
2012-07-26,22,Type 4,9,3.5681818181818183
2012-07-27,22,Type 4,9,3.5681818181818183
2012-07-28,22,Type 4,9,3.5681818181818183
2012-07-29,22,Type 4,9,3.5681818181818183
2015-07-16,23,Type 2,8,2.96875
2015-07-28,24,Type 4,10,3.6538461538461537
2015-07-29,24,Type 4,10,3.6538461538461537
2015-07-30,24,Type 4,10,3.6538461538461537
2015-07-31,24,Type 4,10,3.6538461538461537
2015-08-01,24,Type 4,10,3.6538461538461537
2015-08-02,24,Type 4,10,3.6538461538461537
2015-08-03,24,Type 4,10,3.6538461538461537
2015-08-04,24,Type 4,10,3.6538461538461537
2015-08-05,24,Type 4,10,3.6538461538461537
2015-08-06,24,Type 4,10,3.6538461538461537
2015-08-07,24,Type 4,10,3.6538461538461537
2015-08-08,24,Type 4,10,3.6538461538461537
2015-08-09,24,Type 4,10,3.6538461538461537
2015-08-10,24,Type 4,10,3.6538461538461537
2015-08-11,24,Type 4,10,3.6538461538461537
2015-08-12,24,Type 4,10,3.6538461538461537
2015-08-13,24,Type 4,10,3.6538461538461537
2015-08-14,24,Type 4,10,3.6538461538461537
2015-08-15,24,Type 4,10,3.6538461538461537
2015-08-16,24,Type 4,10,3.6538461538461537
2015-08-17,24,Type 4,10,3.6538461538461537
2015-08-18,24,Type 4,10,3.6538461538461537
2015-08-19,24,Type 4,10,3.6538461538461537
2015-08-20,24,Type 4,10,3.6538461538461537
2016-06-07,25,Type 3,10,3.657894736842105
2016-06-08,25,Type 3,10,3.657894736842105
2016-07-17,26,Type 3,8,3.0609756097560976
2016-07-18,26,Type 3,8,3.0609756097560976
2016-08-03,27,Type 1,7,3.575
2017-06-30,28,Type 4,9,3.595238095238096
2017-07-01,28,Type 4,9,3.595238095238096
2017-07-02,28,Type 4,9,3.595238095238096
2017-07-03,28,Type 4,9,3.595238095238096
2017-07-04,28,Type 4,9,3.595238095238096
2017-07-05,28,Type 4,9,3.595238095238096
2017-07-06,28,Type 4,9,3.595238095238096
2017-07-17,29,Type 3,9,3.5
2017-07-18,29,Type 3,9,3.5
2017-07-22,30,Type 3,9,3.5217391304347827
2017-07-23,30,Type 3,9,3.5217391304347827
2017-07-24,30,Type 3,9,3.5217391304347827
2017-07-25,30,Type 3,9,3.5217391304347827
2017-07-26,30,Type 3,9,3.5217391304347827
2017-07-27,30,Type 3,9,3.5217391304347827
2017-07-28,30,Type 3,9,3.5217391304347827
2017-07-29,30,Type 3,9,3.5217391304347827
2017-07-30,30,Type 3,9,3.5217391304347827
2017-08-01,31,Type 4,9,3.611111111111111
2017-08-02,31,Type 4,9,3.611111111111111
2017-08-03,31,Type 4,9,3.611111111111111
2017-08-04,31,Type 4,9,3.611111111111111
2017-08-05,31,Type 4,9,3.611111111111111
2017-08-06,31,Type 4,9,3.611111111111111
2017-08-07,31,Type 4,9,3.611111111111111
2017-08-08,31,Type 4,9,3.611111111111111
2017-08-09,31,Type 4,9,3.611111111111111
2017-08-10,31,Type 4,9,3.611111111111111
2017-08-11,31,Type 4,9,3.611111111111111
2017-08-12,31,Type 4,9,3.611111111111111
2017-08-13,31,Type 4,9,3.611111111111111
2018-07-09,32,Type 4,9,3.5434782608695654
2018-07-10,32,Type 4,9,3.5434782608695654
2018-07-11,32,Type 4,9,3.5434782608695654
2018-07-12,32,Type 4,9,3.5434782608695654
2018-07-13,32,Type 4,9,3.5434782608695654
2018-07-14,32,Type 4,9,3.5434782608695654
2018-07-15,32,Type 4,9,3.5434782608695654
2019-06-26,33,Type 4,8,3.6666666666666665
2019-06-27,33,Type 4,8,3.6666666666666665
2019-07-18,34,Type 3,8,2.988372093023256
2019-07-19,34,Type 3,8,2.988372093023256
2019-07-20,34,Type 3,8,2.988372093023256
2020-07-19,35,Type 3,8,3.1
2020-07-20,35,Type 3,8,3.1
2020-07-21,35,Type 3,8,3.1
2020-07-29,36,Type 3,8,3.338709677419355
2020-07-30,36,Type 3,8,3.338709677419355
2020-07-31,36,Type 3,8,3.338709677419355
2021-06-28,37,Type 4,9,3.6875
2021-06-29,37,Type 4,9,3.6875
2021-06-30,37,Type 4,9,3.6875
2021-07-01,37,Type 4,9,3.6875
2021-07-02,37,Type 4,9,3.6875
2021-07-03,37,Type 4,9,3.6875
2021-07-04,37,Type 4,9,3.6875
2021-07-05,37,Type 4,9,3.6875
2021-07-06,37,Type 4,9,3.6875
2021-07-07,37,Type 4,9,3.6875
2021-07-08,37,Type 4,9,3.6875
2021-07-18,38,Type 3,8,3.4615384615384617
2021-07-19,38,Type 3,8,3.4615384615384617
2021-07-20,38,Type 3,8,3.4615384615384617
2021-07-21,38,Type 3,8,3.4615384615384617
2021-07-26,39,Type 3,8,3.5476190476190474
2021-07-27,39,Type 3,8,3.5476190476190474
2021-07-28,39,Type 3,8,3.5476190476190474
2021-07-31,40,Type 3,8,3.5681818181818183
2021-08-01,40,Type 3,8,3.5681818181818183
2021-08-02,40,Type 3,8,3.5681818181818183
2021-08-03,40,Type 3,8,3.5681818181818183
2021-08-04,40,Type 3,8,3.5681818181818183
2021-08-05,40,Type 3,8,3.5681818181818183
2021-08-06,40,Type 3,8,3.5681818181818183
2021-08-07,40,Type 3,8,3.5681818181818183
2021-08-08,40,Type 3,8,3.5681818181818183
2021-08-09,40,Type 3,8,3.5681818181818183
2021-08-28,41,Type 1,8,3.7666666666666666
2022-07-19,42,Type 3,8,3.05
2022-07-20,42,Type 3,8,3.05
2022-07-21,42,Type 3,8,3.05
2022-07-22,42,Type 3,8,3.05
2023-07-12,43,Type 2,8,2.84
2023-07-15,44,Type 4,9,3.764705882352941
2023-07-16,44,Type 4,9,3.764705882352941
2023-07-17,44,Type 4,9,3.764705882352941
2023-07-18,44,Type 4,9,3.764705882352941
2023-07-19,44,Type 4,9,3.764705882352941
2023-07-20,44,Type 4,9,3.764705882352941
2023-07-21,44,Type 4,9,3.764705882352941
2023-07-22,44,Type 4,9,3.764705882352941
2023-07-23,44,Type 4,9,3.764705882352941
2023-07-24,44,Type 4,9,3.764705882352941
2023-07-25,44,Type 4,9,3.764705882352941
2023-07-26,44,Type 4,9,3.764705882352941
2023-07-27,44,Type 4,9,3.764705882352941
2023-07-28,44,Type 4,9,3.764705882352941
2023-07-29,44,Type 4,9,3.764705882352941
2023-07-30,44,Type 4,9,3.764705882352941
2023-07-31,44,Type 4,9,3.764705882352941
2023-08-01,44,Type 4,9,3.764705882352941
2023-08-02,44,Type 4,9,3.764705882352941
2023-08-03,44,Type 4,9,3.764705882352941
2023-08-04,44,Type 4,9,3.764705882352941
2023-08-05,44,Type 4,9,3.764705882352941
2023-08-06,44,Type 4,9,3.764705882352941
2023-08-07,44,Type 4,9,3.764705882352941
2023-08-08,44,Type 4,9,3.764705882352941
2023-08-09,44,Type 4,9,3.764705882352941
2023-08-10,44,Type 4,9,3.764705882352941
2023-08-11,44,Type 4,9,3.764705882352941
2023-08-13,45,Type 4,9,3.733333333333333
2023-08-14,45,Type 4,9,3.733333333333333
2023-08-15,45,Type 4,9,3.733333333333333
2023-08-16,45,Type 4,9,3.733333333333333
2023-08-17,45,Type 4,9,3.733333333333333
2023-08-18,45,Type 4,9,3.733333333333333
2023-08-19,45,Type 4,9,3.733333333333333
2023-08-20,45,Type 4,9,3.733333333333333
2023-08-21,45,Type 4,9,3.733333333333333
2023-08-22,45,Type 4,9,3.733333333333333
2023-08-23,45,Type 4,9,3.733333333333333
2023-08-24,45,Type 4,9,3.733333333333333
2023-08-25,45,Type 4,9,3.733333333333333
2023-08-26,45,Type 4,9,3.733333333333333
2023-08-27,45,Type 4,9,3.733333333333333
2023-08-28,45,Type 4,9,3.733333333333333
2024-05-20,46,Type 4,11,3.647058823529412
2024-05-21,46,Type 4,11,3.647058823529412
2024-05-22,46,Type 4,11,3.647058823529412
2024-05-23,46,Type 4,11,3.647058823529412
2024-05-24,46,Type 4,11,3.647058823529412
2024-05-25,46,Type 4,11,3.647058823529412
2024-05-26,46,Type 4,11,3.647058823529412
2024-05-27,46,Type 4,11,3.647058823529412
2024-05-28,46,Type 4,11,3.647058823529412
2024-05-29,46,Type 4,11,3.647058823529412
2024-05-30,46,Type 4,11,3.647058823529412
2024-05-31,46,Type 4,11,3.647058823529412
2024-06-01,46,Type 4,11,3.647058823529412
2024-06-02,46,Type 4,11,3.647058823529412
2024-06-03,46,Type 4,11,3.647058823529412
2024-06-04,46,Type 4,11,3.647058823529412
2024-06-05,46,Type 4,11,3.647058823529412
2024-06-06,46,Type 4,11,3.647058823529412
2024-06-07,46,Type 4,11,3.647058823529412
2024-06-08,46,Type 4,11,3.647058823529412
2024-06-09,46,Type 4,11,3.647058823529412
2024-06-10,46,Type 4,11,3.647058823529412
2024-06-11,46,Type 4,11,3.647058823529412
2024-06-12,46,Type 4,11,3.647058823529412
2024-06-13,46,Type 4,11,3.647058823529412
2024-06-14,46,Type 4,11,3.647058823529412
2024-06-15,46,Type 4,11,3.647058823529412
2024-06-16,46,Type 4,11,3.647058823529412
2024-06-17,46,Type 4,11,3.647058823529412
2024-06-18,46,Type 4,11,3.647058823529412
2024-06-19,46,Type 4,11,3.647058823529412
2024-06-20,46,Type 4,11,3.647058823529412
2024-06-21,46,Type 4,11,3.647058823529412
2024-06-22,46,Type 4,11,3.647058823529412
2024-06-23,46,Type 4,11,3.647058823529412
2024-06-24,46,Type 4,11,3.647058823529412
2024-06-25,46,Type 4,11,3.647058823529412
2024-06-26,46,Type 4,11,3.647058823529412
2024-06-27,46,Type 4,11,3.647058823529412
2024-06-28,46,Type 4,11,3.647058823529412
2024-07-08,47,Type 4,10,3.6176470588235294
2024-07-09,47,Type 4,10,3.6176470588235294
2024-07-10,47,Type 4,10,3.6176470588235294
2024-07-11,47,Type 4,10,3.6176470588235294
2024-07-12,47,Type 4,10,3.6176470588235294
2024-07-13,47,Type 4,10,3.6176470588235294
2024-07-14,47,Type 4,10,3.6176470588235294
2024-07-15,47,Type 4,10,3.6176470588235294
2024-07-16,47,Type 4,10,3.6176470588235294
2024-07-17,47,Type 4,10,3.6176470588235294
2024-07-18,47,Type 4,10,3.6176470588235294
2024-07-19,47,Type 4,10,3.6176470588235294
2024-07-20,47,Type 4,10,3.6176470588235294
2024-07-21,47,Type 4,10,3.6176470588235294
2024-07-22,47,Type 4,10,3.6176470588235294
2024-07-23,47,Type 4,10,3.6176470588235294
2024-07-24,47,Type 4,10,3.6176470588235294
2024-07-25,47,Type 4,10,3.6176470588235294
2024-07-26,47,Type 4,10,3.6176470588235294
2024-07-27,47,Type 4,10,3.6176470588235294
2024-07-28,47,Type 4,10,3.6176470588235294
2024-07-29,47,Type 4,10,3.6176470588235294
2024-08-05,48,Type 4,9,3.611111111111111
2024-08-06,48,Type 4,9,3.611111111111111
2024-08-07,48,Type 4,9,3.611111111111111
2024-08-08,48,Type 4,9,3.611111111111111
2024-08-09,48,Type 4,9,3.611111111111111
2024-08-10,48,Type 4,9,3.611111111111111
2024-08-11,48,Type 4,9,3.611111111111111
2024-08-12,48,Type 4,9,3.611111111111111
2024-08-13,48,Type 4,9,3.611111111111111
2024-08-14,48,Type 4,9,3.611111111111111
2024-08-15,48,Type 4,9,3.611111111111111
2024-08-16,48,Type 4,9,3.611111111111111
2024-08-17,48,Type 4,9,3.611111111111111
2024-08-18,48,Type 4,9,3.611111111111111
2024-08-19,48,Type 4,9,3.611111111111111
2024-08-20,48,Type 4,9,3.611111111111111
2024-08-21,48,Type 4,9,3.611111111111111
2024-08-22,48,Type 4,9,3.611111111111111
2024-08-23,48,Type 4,9,3.611111111111111
2025-06-14,49,Type 3,7,3.3793103448275863
2025-06-15,49,Type 3,7,3.3793103448275863
2025-07-14,50,Type 4,10,3.647058823529412
2025-07-15,50,Type 4,10,3.647058823529412
2025-07-16,50,Type 4,10,3.647058823529412
2025-07-17,50,Type 4,10,3.647058823529412
2025-07-18,50,Type 4,10,3.647058823529412
2025-07-19,50,Type 4,10,3.647058823529412
2025-07-20,50,Type 4,10,3.647058823529412
2025-07-21,50,Type 4,10,3.647058823529412
2025-07-22,50,Type 4,10,3.647058823529412
2025-07-23,50,Type 4,10,3.647058823529412
2025-07-24,50,Type 4,10,3.647058823529412
2025-07-25,50,Type 4,10,3.647058823529412
2025-07-26,50,Type 4,10,3.647058823529412
2025-07-27,50,Type 4,10,3.647058823529412
2025-07-28,50,Type 4,10,3.647058823529412
2025-07-29,50,Type 4,10,3.647058823529412
2025-07-30,50,Type 4,10,3.647058823529412
2025-07-31,50,Type 4,10,3.647058823529412
2025-08-01,50,Type 4,10,3.647058823529412
2025-08-07,51,Type 4,9,3.4285714285714284
2025-08-08,51,Type 4,9,3.4285714285714284
2025-08-09,51,Type 4,9,3.4285714285714284
2025-08-10,51,Type 4,9,3.4285714285714284
2025-08-11,51,Type 4,9,3.4285714285714284
2025-08-12,51,Type 4,9,3.4285714285714284
2025-08-13,51,Type 4,9,3.4285714285714284
2025-08-14,51,Type 4,9,3.4285714285714284
2025-08-15,51,Type 4,9,3.4285714285714284
