date,eps,min_samples,n_clusters
2001-08-07,2.0,12,3
2001-08-07,2.5,4,3
2001-08-07,2.5,5,3
2001-08-07,3.0,4,3
2001-08-07,3.0,5,3
2001-08-07,3.0,6,3
2001-08-07,3.0,7,3
2001-08-07,3.0,8,3
2001-08-07,3.0,9,3
2001-08-07,3.0,11,3
2001-08-07,3.5,4,3
2001-08-07,3.5,5,3
2001-08-07,3.5,6,3
2001-08-07,3.5,7,3
2001-08-07,3.5,8,3
2001-08-07,3.5,9,3
2001-08-07,3.5,10,3
2001-08-07,3.5,11,3
2001-08-07,3.5,12,3
2001-08-07,4.0,4,3
2001-08-07,4.0,5,3
2001-08-07,4.0,6,3
2001-08-07,4.0,7,3
2001-08-07,4.0,8,3
2001-08-07,4.0,9,3
2001-08-07,4.0,10,3
2001-08-07,4.0,11,3
2001-08-07,4.0,12,3
2001-08-08,2.0,7,3
2001-08-08,2.0,8,3
2001-08-08,2.5,4,3
2001-08-08,2.5,5,3
2001-08-08,2.5,6,3
2001-08-08,2.5,9,3
2001-08-08,2.5,10,3
2001-08-08,2.5,11,3
2001-08-08,2.5,12,3
2001-08-08,3.0,4,3
2001-08-08,3.0,5,3
2001-08-08,3.0,6,3
2001-08-08,3.0,7,3
2001-08-08,3.0,8,3
2001-08-08,3.0,9,3
2001-08-08,3.0,10,3
2001-08-08,3.0,11,3
2001-08-08,3.0,12,3
2001-08-08,3.5,4,3
2001-08-08,3.5,5,3
2001-08-08,3.5,6,3
2001-08-08,3.5,7,3
2001-08-08,3.5,8,3
2001-08-08,3.5,9,3
2001-08-08,3.5,10,3
2001-08-08,3.5,11,3
2001-08-08,3.5,12,3
2001-08-09,1.5,7,3
2001-08-09,2.0,10,3
2001-08-09,2.0,11,3
2001-08-09,2.5,4,3
2001-08-09,2.5,5,3
2001-08-09,2.5,6,3
2001-08-09,2.5,7,3
2001-08-09,2.5,8,3
2001-08-09,2.5,10,3
2001-08-09,3.0,4,3
2001-08-09,3.0,5,3
2001-08-09,3.0,6,3
2001-08-09,3.0,7,3
2001-08-09,3.0,8,3
2001-08-09,3.0,9,3
2001-08-09,3.0,10,3
2001-08-09,3.5,4,3
2001-08-09,3.5,5,3
2001-08-09,3.5,6,3
2001-08-09,3.5,7,3
2001-08-09,3.5,8,3
2001-08-09,3.5,9,3
2001-08-09,3.5,10,3
2001-08-10,1.0,5,2
2001-08-10,1.5,7,2
2001-08-10,1.5,8,1
2001-08-10,1.5,9,2
2001-08-10,2.0,8,2
2001-08-10,2.0,9,1
2001-08-10,2.0,10,1
2001-08-10,2.0,11,1
2001-08-10,2.0,12,1
2001-08-10,2.5,9,2
2001-08-10,2.5,10,1
2001-08-10,2.5,11,1
2001-08-10,2.5,12,1
2001-08-10,3.0,9,2
2001-08-10,3.0,10,2
2001-08-10,3.0,11,1
2001-08-10,3.0,12,1
2001-08-10,3.5,9,2
2001-08-10,3.5,10,2
2001-08-10,3.5,11,1
2001-08-10,3.5,12,1
2001-08-10,4.0,4,2
2001-08-10,4.0,5,2
2001-08-10,4.0,6,2
2001-08-10,4.0,7,2
2001-08-10,4.0,8,2
2001-08-10,4.0,9,1
2001-08-10,4.0,10,2
2001-08-10,4.0,11,1
2001-08-10,4.0,12,1
2001-08-11,1.5,7,1
2001-08-11,1.5,8,1
2001-08-11,1.5,9,1
2001-08-11,2.0,8,1
2001-08-11,2.0,9,1
2001-08-11,2.0,10,1
2001-08-11,2.0,11,1
2001-08-11,2.0,12,1
2001-08-11,2.5,9,1
2001-08-11,2.5,10,1
2001-08-11,2.5,11,1
2001-08-11,2.5,12,1
2001-08-11,3.0,8,1
2001-08-11,3.0,9,1
2001-08-11,3.0,12,1
2001-08-11,3.5,8,1
2001-08-11,3.5,9,1
2001-08-11,3.5,10,1
2001-08-11,3.5,11,1
2001-08-11,3.5,12,1
2001-08-11,4.0,8,1
2001-08-11,4.0,9,1
2001-08-11,4.0,10,1
2001-08-11,4.0,11,1
2001-08-11,4.0,12,1
2001-08-12,1.5,7,1
2001-08-12,2.0,8,1
2001-08-12,2.0,9,1
2001-08-12,2.0,10,1
2001-08-12,2.0,11,1
2001-08-12,2.5,8,1
2001-08-12,2.5,9,1
2001-08-12,2.5,10,1
2001-08-12,2.5,11,1
2001-08-12,2.5,12,1
2001-08-12,3.0,6,1
2001-08-12,3.0,7,1
2001-08-12,3.0,8,1
2001-08-12,3.0,9,1
2001-08-12,3.0,10,1
2001-08-12,3.0,11,1
2001-08-12,3.0,12,1
2001-08-12,3.5,6,1
2001-08-12,3.5,7,1
2001-08-12,3.5,8,1
2001-08-12,3.5,9,1
2001-08-12,3.5,10,1
2001-08-12,3.5,11,1
2001-08-12,3.5,12,1
2001-08-12,4.0,6,1
2001-08-12,4.0,7,1
2001-08-12,4.0,8,1
2001-08-12,4.0,9,1
2001-08-12,4.0,10,1
2001-08-12,4.0,11,1
2001-08-12,4.0,12,1
