quantile,method,threshold,n_selected_days,share_selected_days,mean_circles_selected_days,max_circles_selected_days,min_circles_selected_days
0.95,higher,277.0,787,0.050006354047528276,400.46759847522236,830.0,277.0
0.95,nearest,276.0,790,0.050196975473376544,399.99493670886073,830.0,276.0
0.95,linear,276.14999999999964,787,0.050006354047528276,400.46759847522236,830.0,277.0
0.975,higher,371.0,395,0.025098487736688272,483.79240506329114,830.0,371.0
0.975,nearest,371.0,395,0.025098487736688272,483.79240506329114,830.0,371.0
0.975,linear,371.0,395,0.025098487736688272,483.79240506329114,830.0,371.0
0.99,higher,484.0,158,0.010039395094675309,577.9367088607595,830.0,484.0
0.99,nearest,484.0,158,0.010039395094675309,577.9367088607595,830.0,484.0
0.99,linear,483.2599999999984,158,0.010039395094675309,577.9367088607595,830.0,484.0
