scale_factor,minimum_purity,maximum_purity,mean_purity,sum,n_clusters_used,largest_sum_on_diagonal
0.5,0.0,100.0,77.98217292275928,177.98217292275928,734,False
0.75,0.0,100.0,77.45498914448198,177.454989144482,749,False
1.0,22.922636103151863,100.0,76.58086115451202,199.50349725766387,753,False
1.25,29.766536964980546,100.0,75.28947607762399,205.05601304260455,753,True
1.5,31.428571428571427,100.0,72.44056835782897,203.86913978640038,753,False
1.75,24.82758620689655,100.0,66.7594549873881,191.58704119428467,753,False
2.0,21.98952879581152,100.0,58.36400438276056,180.3535331785721,753,False
2.25,19.23076923076923,84.61538461538461,49.109884266729956,152.9560381128838,753,False
2.5,15.986394557823129,71.42857142857143,40.583863184111884,127.99882917050644,753,False
