scale_factor_major_axis,0.5,0.75,1.0,1.25,1.5,1.75,2.0,2.25,2.5
0.5,0.0,0.0,0.0,0.0,0.0,11.764705882352942,10.256410256410257,11.363636363636363,10.416666666666666
0.75,0.0,0.0,17.53731343283582,19.345238095238095,16.666666666666668,16.0,17.24137931034483,15.873015873015873,18.055555555555557
1.0,11.494252873563218,17.424242424242426,22.922636103151863,22.22222222222222,22.06477732793522,22.299651567944252,22.98325722983257,22.684563758389263,21.41119221411192
1.25,18.433179723502302,26.363636363636363,30.434782608695652,29.766536964980546,29.91869918699187,29.567642956764296,27.5,25.56390977443609,22.972972972972972
1.5,29.23076923076923,35.85858585858586,34.82688391038697,34.0356564019449,31.428571428571427,26.984126984126984,26.056338028169016,24.516129032258064,22.413793103448278
1.75,29.166666666666668,37.5,33.734939759036145,32.03883495145631,28.09917355371901,24.82758620689655,25.0,22.282608695652176,20.28985507246377
2.0,26.923076923076923,33.333333333333336,30.851063829787233,28.8135593220339,25.899280575539567,23.636363636363637,21.98952879581152,20.952380952380953,18.64406779661017
2.25,23.333333333333332,29.41176470588235,28.30188679245283,27.131782945736433,23.125,20.967741935483872,20.476190476190474,19.23076923076923,17.228464419475657
2.5,25.0,28.571428571428573,26.495726495726494,23.64864864864865,21.468926553672315,19.32367149758454,18.88412017167382,17.16417910447761,15.986394557823129
