date,compound_event_id,ellipse_id,cluster_id,area_km2
1983-07-13,1,1,1,790893.79823392816
1987-07-23,2,5,5,3266123.5324480752
1987-07-24,2,6,6,3166871.895995405
1987-07-25,2,7,7,3452709.9424453662
1987-07-26,2,8,8,3528115.202946391
1987-07-27,2,9,9,3617358.7046664478
1991-06-04,3,11,11,1382214.0436230008
1991-06-05,3,13,13,1391604.9362851549
1998-05-24,4,15,15,1625096.7234224891
1998-05-25,4,17,17,1625493.7030477652
1998-05-26,4,19,19,1691752.0450769467
1998-08-01,5,20,20,2870956.2282144488
1998-08-02,5,22,22,3584129.2866284489
1998-08-03,5,23,23,3630664.8753481521
1998-08-04,5,24,24,3664549.2832251182
1998-08-05,5,25,25,3719143.4633247466
1998-08-06,5,26,26,3578778.1470238399
1998-08-07,5,27,27,2477880.3267379995
1998-08-08,5,30,30,2214239.7619901905
1998-08-09,5,32,32,2240514.6922152857
1998-08-10,5,34,34,2308170.9094752371
1998-08-11,5,36,36,2423554.8727614577
1999-08-18,6,38,38,1858025.9090895548
1999-08-19,6,42,42,2431814.4179701731
1999-08-20,6,45,45,2732506.691710141
1999-08-21,6,47,47,2803324.065564543
1999-08-22,6,48,48,2980790.4908226882
2000-07-07,7,49,49,2225979.3132002214
2000-07-08,7,51,51,2614297.6593481819
2000-07-09,7,53,53,2786813.40424396
2000-07-28,8,54,54,2721615.3358061621
2000-07-29,8,56,56,3096131.4746871507
2000-07-30,8,58,58,3261364.380769941
2000-07-31,8,59,59,3206301.6423115381
2000-08-01,8,60,60,2837292.4822628838
2000-08-02,8,61,61,2263735.6976576257
2001-07-28,9,62,62,2678205.3747857241
2001-07-29,9,63,63,2300101.3989870241
2001-07-30,9,65,65,2228866.7107487661
2001-08-07,10,67,67,2349719.955294122
2001-08-08,10,70,70,2309173.1384987431
2001-08-09,10,73,73,2318569.1945302882
2001-08-10,10,76,76,2200228.0487782718
2001-08-11,10,78,78,2257796.2952232705
2001-08-12,10,79,79,2262960.3740760442
2002-07-16,11,80,80,1014644.244028545
2002-07-17,11,83,83,1502533.6421727464
2002-07-18,11,85,85,4683078.6891501099
2002-07-19,11,86,86,4860803.7257024068
2002-07-20,11,88,88,2305838.2569209258
2002-07-31,12,90,90,2008285.8541831209
2002-08-06,13,94,94,841143.25690963527
2002-08-07,13,97,97,897540.18527864467
2006-08-20,14,98,98,2829299.0962058199
2006-08-21,14,100,100,2737462.4543173728
2006-08-22,14,104,104,3158053.4917109548
2006-08-23,14,107,107,2677317.8268309678
2007-07-25,15,109,109,1777954.6855010367
2007-07-26,15,111,111,2349861.893056653
2007-07-27,15,112,112,2493857.0467109773
2007-07-28,15,113,113,2919249.336743521
2007-07-29,15,114,114,2480639.7340409262
2007-07-30,15,116,116,2499972.7596646738
2007-07-31,15,119,119,2649847.9570655096
2007-08-01,15,120,120,2984801.2881630221
2010-06-18,16,123,123,724977.14618705073
2010-06-19,16,126,126,862293.68787505082
2010-06-20,16,130,130,2090177.9550635067
2010-06-21,16,133,133,2057501.4992624973
2010-06-22,16,136,136,1544316.6508823363
2010-07-08,17,140,140,2323010.3164717169
2010-07-09,17,143,143,2342560.3317427742
2010-07-10,17,145,145,2193253.8524714722
2010-07-11,17,146,146,1831470.096201781
2010-07-12,17,148,148,1930402.9693967383
2010-07-13,17,149,149,2279449.9621173227
2010-07-16,18,152,152,1755480.0041238954
2010-07-17,18,156,156,1648277.2606173565
2010-07-18,18,161,161,2349511.4431106183
2010-08-01,19,162,162,2068580.7514632824
2010-08-02,19,164,164,2267725.2931199414
2010-08-03,19,166,166,2265255.8586463346
2010-08-05,20,169,169,2516757.9766881661
2010-08-06,20,173,173,2874895.898084573
2010-08-07,20,176,176,2960583.1882386534
2010-08-08,20,179,179,2879921.8344764742
2010-08-09,20,182,182,3556875.6913997256
2010-08-10,20,183,183,3223934.4137388249
2010-08-11,20,184,184,3007847.3059194763
2010-08-12,20,185,185,3137987.8488104269
2010-08-13,20,186,186,3241308.4014278771
2010-08-14,20,187,187,3071092.414182696
2010-08-15,20,188,188,3189557.2825675867
2010-08-16,20,189,189,2398032.8043741882
2010-08-17,20,191,191,3159651.4884486543
2010-08-18,20,193,193,3384464.3852396221
2010-08-19,20,194,194,3585652.3950546649
2010-08-20,20,195,195,3379957.4426155151
2010-08-21,20,196,196,2984573.2252407395
2011-07-26,21,198,198,3156683.1156534008
2011-07-27,21,201,201,3002765.0469383649
2011-07-28,21,204,204,3923706.1262872848
2011-07-29,21,205,205,4079770.612327572
2011-07-30,21,206,206,3847425.6841116399
2011-07-31,21,207,207,3336995.657221681
2011-08-01,21,210,210,2897030.6514494177
2011-08-02,21,213,213,3167449.7630135529
2011-08-03,21,215,215,3035777.9529785244
2011-08-04,21,219,219,2851657.0687579694
2011-08-05,21,223,223,2656476.4877254772
2012-07-13,22,224,224,2765081.1361653949
2012-07-14,22,226,226,3752825.0085132015
2012-07-15,22,228,228,3078689.2430445333
2012-07-16,22,231,231,2810091.2975366944
2012-07-17,22,233,233,2379056.196602412
2012-07-18,22,235,235,1929608.8976257143
2012-07-19,22,237,237,2017654.7878215064
2012-07-20,22,239,239,2334713.0252537285
2012-07-21,22,241,241,2620864.755773921
2012-07-22,22,243,243,2584903.0699008578
2012-07-23,22,245,245,2948587.7523981933
2012-07-24,22,246,246,2976563.3445416004
2012-07-25,22,247,247,2776027.5073256674
2012-07-26,22,248,248,2545674.9781215792
2012-07-27,22,249,249,2626326.2160815657
2012-07-28,22,250,250,2659405.356170103
2012-07-29,22,253,253,1087563.4535488186
2015-07-16,23,255,255,1711514.1648443609
2015-07-28,24,257,257,4311809.8551814649
2015-07-29,24,258,258,4001176.0880990252
2015-07-30,24,259,259,3674223.0496316287
2015-07-31,24,260,260,3600022.3611444896
2015-08-01,24,261,261,3633496.0735299778
2015-08-02,24,262,262,3909494.1767529249
2015-08-03,24,263,263,4108700.1275817389
2015-08-04,24,264,264,4434572.5008024909
2015-08-05,24,265,265,4200096.9742686078
2015-08-06,24,266,266,3753900.6920024981
2015-08-07,24,267,267,3652640.930609853
2015-08-08,24,268,268,2701702.846704314
2015-08-09,24,270,270,2319241.9341031425
2015-08-10,24,272,272,1446992.747142971
2015-08-11,24,277,277,3788756.3568712543
2015-08-12,24,278,278,3934157.8215249567
2015-08-13,24,281,281,4016131.259315317
2015-08-14,24,283,283,4793893.8151622703
2015-08-15,24,284,284,3454558.3295920724
2015-08-16,24,286,286,4747180.0030452609
2015-08-17,24,287,287,4327078.1959230807
2015-08-18,24,288,288,4372633.0624181386
2015-08-19,24,289,289,3883479.6824962678
2015-08-20,24,290,290,3895694.6057117241
2016-06-07,25,292,292,1636214.7916851614
2016-06-08,25,294,294,1585711.2868520564
2016-07-17,26,295,295,2609060.0868099569
2016-07-18,26,296,296,2422209.6650351267
2016-08-03,27,297,297,2581618.0750895645
2017-06-30,28,299,299,1356785.428062547
2017-07-01,28,301,301,1358976.9178235838
2017-07-02,28,305,305,3740447.8672179058
2017-07-03,28,307,307,4750157.6291427184
2017-07-04,28,308,308,4413233.824277808
2017-07-05,28,310,310,3451998.5597333424
2017-07-06,28,311,311,1692605.6814465926
2017-07-17,29,313,313,2798038.8762947805
2017-07-18,29,314,314,2766042.6281329822
2017-07-22,30,316,316,2541434.9748223377
2017-07-23,30,318,318,2374660.3450565911
2017-07-24,30,321,321,1477685.9690192917
2017-07-25,30,323,323,1608263.2692547028
2017-07-26,30,325,325,2124556.0864961101
2017-07-27,30,328,328,3630768.1377028879
2017-07-28,30,330,330,2858617.3584827697
2017-07-29,30,332,332,2015838.433745258
2017-07-30,30,336,336,2345858.6150735007
2017-08-01,31,339,339,2138908.6216468541
2017-08-02,31,341,341,3032213.276659139
2017-08-03,31,343,343,3492245.1892428468
2017-08-04,31,345,345,3784451.8817174658
2017-08-05,31,347,347,3929300.2912545279
2017-08-06,31,348,348,4204450.8888818501
2017-08-07,31,349,349,4013669.7743149698
2017-08-08,31,351,351,3700784.9101020121
2017-08-09,31,353,353,3626167.2368099568
2017-08-10,31,356,356,3507468.2820937331
2017-08-11,31,357,357,3010815.9111500294
2017-08-12,31,359,359,3088961.3043683912
2017-08-13,31,361,361,2764312.3841539626
2018-07-09,32,363,363,3205254.594743669
2018-07-10,32,364,364,3399077.9483101242
2018-07-11,32,365,365,3519824.2810661173
2018-07-12,32,366,366,3778092.6117174588
2018-07-13,32,368,368,3752155.3754809918
2018-07-14,32,372,372,1242684.5197916429
2018-07-15,32,374,374,2400937.2368437923
2019-06-26,33,375,375,3280705.556872033
2019-06-27,33,376,376,3083494.575218691
2019-07-18,34,379,379,1274084.2589613951
2019-07-19,34,381,381,1382619.4564404297
2019-07-20,34,383,383,1484707.7099263561
2020-07-19,35,384,384,2088908.279284501
2020-07-20,35,386,386,2105436.7401666623
2020-07-21,35,388,388,2142731.0761223878
2020-07-29,36,390,390,2248292.5551253608
2020-07-30,36,393,393,2162775.1552779395
2020-07-31,36,396,396,2416638.8374307705
2021-06-28,37,400,400,1931638.1737178247
2021-06-29,37,403,403,2272718.2636231985
2021-06-30,37,405,405,1184785.1608096787
2021-07-01,37,408,408,1837981.451569313
2021-07-02,37,411,411,3989874.0629928033
2021-07-03,37,413,413,4213116.0050765891
2021-07-04,37,414,414,3890197.7863861001
2021-07-05,37,416,416,1280227.416775285
2021-07-06,37,418,418,1328342.7859912284
2021-07-07,37,420,420,2210035.4663676862
2021-07-08,37,422,422,2001330.1521372567
2021-07-18,38,423,423,2353553.0767021412
2021-07-19,38,424,424,2359724.1295503126
2021-07-20,38,425,425,2641749.1464462867
2021-07-21,38,426,426,2773471.102127803
2021-07-26,39,429,429,2246949.8447823464
2021-07-27,39,431,431,2357307.6858878741
2021-07-28,39,433,433,1121070.8634891326
2021-07-31,40,435,435,1363088.6145957618
2021-08-01,40,438,438,2265883.314606776
2021-08-02,40,440,440,2780754.515430199
2021-08-03,40,443,443,2887861.3452772601
2021-08-04,40,446,446,3260157.1692102589
2021-08-05,40,448,448,3349576.7450299347
2021-08-06,40,450,450,3432351.1564540281
2021-08-07,40,452,452,3674244.310490448
2021-08-08,40,454,454,4268339.1925416272
2021-08-09,40,456,456,862256.60250238993
2021-08-28,41,461,461,2628545.6714319899
2022-07-19,42,463,463,2339790.6630316642
2022-07-20,42,466,466,1150802.3579442697
2022-07-21,42,469,469,2378837.9975668644
2022-07-22,42,472,472,1990879.0586375603
2023-07-12,43,476,476,1186516.1254582698
2023-07-15,44,477,477,3369887.1495117154
2023-07-16,44,478,478,3560967.1325504999
2023-07-17,44,480,480,3966314.7412214722
2023-07-18,44,481,481,5060173.4806972668
2023-07-19,44,482,482,5229862.162010232
2023-07-20,44,483,483,4931119.4618708808
2023-07-21,44,484,484,4900641.9502905523
2023-07-22,44,485,485,5204667.1145438906
2023-07-23,44,488,488,5743921.2139289547
2023-07-24,44,489,489,6108127.4199276222
2023-07-25,44,490,490,6514507.3326763427
2023-07-26,44,491,491,6378523.2322116261
2023-07-27,44,492,492,5127430.1298280926
2023-07-28,44,493,493,3767458.3179058591
2023-07-29,44,495,495,3658557.5831736331
2023-07-30,44,499,499,1742722.2605170505
2023-07-31,44,503,503,1564894.8918425511
2023-08-01,44,507,507,1800304.5001946511
2023-08-02,44,511,511,2329627.0600083293
2023-08-03,44,513,513,5425583.9677920016
2023-08-04,44,515,515,5759194.0012244461
2023-08-05,44,516,516,5039546.7586198226
2023-08-06,44,517,517,4861094.4444372421
2023-08-07,44,518,518,4640733.8797885403
2023-08-08,44,520,520,1772628.0364931144
2023-08-09,44,521,521,3638492.2861743709
2023-08-10,44,523,523,2688786.239989623
2023-08-11,44,525,525,2257705.8900501761
2023-08-13,45,526,526,2187358.8599321875
2023-08-14,45,527,527,2516037.688016199
2023-08-15,45,528,528,2706716.8102473188
2023-08-16,45,529,529,2873012.4208524763
2023-08-17,45,530,530,3064117.217544022
2023-08-18,45,532,532,3139636.724009933
2023-08-19,45,533,533,3113266.6232896391
2023-08-20,45,534,534,3178636.9762845123
2023-08-21,45,535,535,3342512.705544631
2023-08-22,45,536,536,2958532.7888604598
2023-08-23,45,537,537,3543508.9322967106
2023-08-24,45,539,539,4386582.6121621309
2023-08-25,45,540,540,4470522.3118906198
2023-08-26,45,541,541,4600821.3216738338
2023-08-27,45,542,542,4542200.0232369462
2023-08-28,45,543,543,2222739.4064256954
2024-05-20,46,545,545,1237212.1904157891
2024-05-21,46,548,548,1161731.0961128122
2024-05-22,46,550,550,1292001.7486504733
2024-05-23,46,552,552,2050685.8673543108
2024-05-24,46,554,554,2123495.3481164235
2024-05-25,46,555,555,4271679.4857318792
2024-05-26,46,556,556,4318219.6892671864
2024-05-27,46,557,557,4036311.6480552391
2024-05-28,46,558,558,3938368.862124336
2024-05-29,46,559,559,3892064.1556455591
2024-05-30,46,560,560,3789540.1144532692
2024-05-31,46,561,561,3828961.7858536202
2024-06-01,46,562,562,5033154.93717317
2024-06-02,46,563,563,5094604.8908916507
2024-06-03,46,564,564,5184039.9971860731
2024-06-04,46,566,566,5879192.1921763429
2024-06-05,46,567,567,5556760.0170940952
2024-06-06,46,568,568,5265457.1761600683
2024-06-07,46,569,569,4705765.05441471
2024-06-08,46,570,570,4217613.8241749071
2024-06-09,46,571,571,3492347.8891292298
2024-06-10,46,574,574,2655962.5852042241
2024-06-11,46,579,579,2421709.0580851045
2024-06-12,46,584,584,2305536.7622754318
2024-06-13,46,587,587,5014655.1466839882
2024-06-14,46,588,588,5481379.4179186961
2024-06-15,46,589,589,4762962.8190767989
2024-06-16,46,590,590,4536155.3769555455
2024-06-17,46,591,591,2919968.5708987936
2024-06-18,46,594,594,4854155.1583398106
2024-06-19,46,597,597,5813891.9236959685
2024-06-20,46,599,599,5603832.5354660964
2024-06-21,46,601,601,4364450.7290373119
2024-06-22,46,603,603,4102292.5371695599
2024-06-23,46,605,605,3446045.4523578081
2024-06-24,46,608,608,3257319.3827456608
2024-06-25,46,613,613,1967134.0114109828
2024-06-26,46,617,617,1916035.0780503256
2024-06-27,46,621,621,2304640.9113234831
2024-06-28,46,624,624,2623397.5118362838
2024-07-08,47,625,625,1784304.5492869555
2024-07-09,47,629,629,5275468.1158619998
2024-07-10,47,631,631,4546139.8779072883
2024-07-11,47,633,633,4475207.8630408123
2024-07-12,47,635,635,4439583.066321508
2024-07-13,47,637,637,4757018.4600196751
2024-07-14,47,638,638,5195944.5097484831
2024-07-15,47,640,640,5915931.1652107248
2024-07-16,47,642,642,5762313.1501699872
2024-07-17,47,644,644,4171017.3460589824
2024-07-18,47,647,647,4593663.5931173814
2024-07-19,47,648,648,4348933.6581571754
2024-07-20,47,650,650,4410144.3780290447
2024-07-21,47,652,652,5047715.1256526727
2024-07-22,47,653,653,5120720.5106720543
2024-07-23,47,654,654,5462951.8927128576
2024-07-24,47,655,655,5734527.0803130036
2024-07-25,47,656,656,5339108.1743837381
2024-07-26,47,658,658,3636096.4266137909
2024-07-27,47,664,664,1882190.2410739239
2024-07-28,47,667,667,1845431.2767026799
2024-07-29,47,669,669,2558170.4143043365
2024-08-05,48,670,670,3302496.3863434172
2024-08-06,48,672,672,3369318.1216470301
2024-08-07,48,674,674,3357000.8765196907
2024-08-08,48,676,676,3723826.433434308
2024-08-09,48,678,678,3727021.2207914521
2024-08-10,48,680,680,4358084.2854661876
2024-08-11,48,682,682,4409061.7513648765
2024-08-12,48,683,683,2079883.6157079367
2024-08-13,48,685,685,4904080.6761531718
2024-08-14,48,686,686,4898923.2105619358
2024-08-15,48,687,687,4578101.2809004039
2024-08-16,48,690,690,1414093.9593133037
2024-08-17,48,691,691,3641652.0183730298
2024-08-18,48,692,692,3230012.3835106781
2024-08-19,48,694,694,2984284.971762225
2024-08-20,48,695,695,3029844.2853072202
2024-08-21,48,696,696,2871811.0289225769
2024-08-22,48,697,697,3017778.8697854099
2024-08-23,48,699,699,2433446.5424236758
2025-06-14,49,700,700,2954199.3212936129
2025-06-15,49,704,704,2154019.1892327722
2025-07-14,50,707,707,3629074.5724596358
2025-07-15,50,708,708,4112021.5210533305
2025-07-16,50,709,709,5333191.738069837
2025-07-17,50,710,710,5332601.9339322392
2025-07-18,50,711,711,4951557.5029695313
2025-07-19,50,712,712,2394197.5570265381
2025-07-20,50,716,716,1293253.5302738247
2025-07-21,50,719,719,2638247.5059159016
2025-07-22,50,723,723,6045339.2514285985
2025-07-23,50,725,725,6105963.7710693981
2025-07-24,50,727,727,6274611.5399414133
2025-07-25,50,728,728,4453792.3628604989
2025-07-26,50,730,730,4324739.151746342
2025-07-27,50,732,732,4149819.2257139417
2025-07-28,50,733,733,3771689.0902658617
2025-07-29,50,734,734,2953494.0854587443
2025-07-30,50,736,736,3141401.7858711057
2025-07-31,50,737,737,3369651.9972953447
2025-08-01,50,739,739,2984893.8634309359
2025-08-07,51,740,740,2733752.5029116762
2025-08-08,51,741,741,2625020.3547204435
2025-08-09,51,742,742,2608960.2637560768
2025-08-10,51,744,744,2099119.1834573187
2025-08-11,51,746,746,2571080.2569182776
2025-08-12,51,748,748,2716327.694758499
2025-08-13,51,749,749,2772356.9728852585
2025-08-14,51,750,750,2572167.949652954
2025-08-15,51,752,752,2619195.5819368823
