compound_event_id,ellipse_id,cluster_id,date,area_km2
1,1,1,1983-07-13,790893.79823392816
2,9,9,1987-07-27,3617358.7046664478
3,13,13,1991-06-05,1391604.9362851549
4,19,19,1998-05-26,1691752.0450769467
5,25,25,1998-08-05,3719143.4633247466
6,48,48,1999-08-22,2980790.4908226882
7,53,53,2000-07-09,2786813.40424396
8,58,58,2000-07-30,3261364.380769941
9,62,62,2001-07-28,2678205.3747857241
10,67,67,2001-08-07,2349719.955294122
11,86,86,2002-07-19,4860803.7257024068
12,90,90,2002-07-31,2008285.8541831209
13,97,97,2002-08-07,897540.18527864467
14,104,104,2006-08-22,3158053.4917109548
15,120,120,2007-08-01,2984801.2881630221
16,130,130,2010-06-20,2090177.9550635067
17,143,143,2010-07-09,2342560.3317427742
18,161,161,2010-07-18,2349511.4431106183
19,164,164,2010-08-02,2267725.2931199414
20,194,194,2010-08-19,3585652.3950546649
21,205,205,2011-07-29,4079770.612327572
22,226,226,2012-07-14,3752825.0085132015
23,255,255,2015-07-16,1711514.1648443609
24,283,283,2015-08-14,4793893.8151622703
25,292,292,2016-06-07,1636214.7916851614
26,295,295,2016-07-17,2609060.0868099569
27,297,297,2016-08-03,2581618.0750895645
28,307,307,2017-07-03,4750157.6291427184
29,313,313,2017-07-17,2798038.8762947805
30,328,328,2017-07-27,3630768.1377028879
31,348,348,2017-08-06,4204450.8888818501
32,366,366,2018-07-12,3778092.6117174588
33,375,375,2019-06-26,3280705.556872033
34,383,383,2019-07-20,1484707.7099263561
35,388,388,2020-07-21,2142731.0761223878
36,396,396,2020-07-31,2416638.8374307705
37,413,413,2021-07-03,4213116.0050765891
38,426,426,2021-07-21,2773471.102127803
39,431,431,2021-07-27,2357307.6858878741
40,454,454,2021-08-08,4268339.1925416272
41,461,461,2021-08-28,2628545.6714319899
42,469,469,2022-07-21,2378837.9975668644
43,476,476,2023-07-12,1186516.1254582698
44,490,490,2023-07-25,6514507.3326763427
45,541,541,2023-08-26,4600821.3216738338
46,566,566,2024-06-04,5879192.1921763429
47,640,640,2024-07-15,5915931.1652107248
48,685,685,2024-08-13,4904080.6761531718
49,700,700,2025-06-14,2954199.3212936129
50,727,727,2025-07-24,6274611.5399414133
51,749,749,2025-08-13,2772356.9728852585
