zone_area_fraction,group,n_centroids_in_group,n_in_zone,percent_in_zone,mean_distance_to_zone_km,mean_area_weighted_rank
0.1,all_centroids,753,143,18.99070385126162,332.29206495794705,0.6475291119035156
0.1,daily_largest,395,119,30.126582278481013,224.49475903442445,0.730269327586691
0.1,event_largest,51,19,37.254901960784316,192.79836917745638,0.7603929976676799
0.2,all_centroids,753,267,35.45816733067729,214.74422663990265,0.6475291119035156
0.2,daily_largest,395,189,47.848101265822784,136.3076737571929,0.730269327586691
0.2,event_largest,51,29,56.86274509803921,114.56004545441742,0.7603929976676799
0.3,all_centroids,753,349,46.34794156706507,147.09034742418547,0.6475291119035156
0.3,daily_largest,395,245,62.0253164556962,87.63672572744362,0.730269327586691
0.3,event_largest,51,34,66.66666666666667,73.8190549020652,0.7603929976676799
0.5,all_centroids,753,537,71.31474103585657,62.826509769210844,0.6475291119035156
0.5,daily_largest,395,326,82.53164556962025,35.8201873560518,0.730269327586691
0.5,event_largest,51,45,88.23529411764706,31.29651322300053,0.7603929976676799
