dataset,dataset_label,n,config_id,configuration,settings_status,n_tail,xmin_km2,alpha,distance_definition,distance,p_value,p_lower,p_upper,bootstrap_complete,reps,n_undefined,n_flagged,mc_se,p_ci95_low,p_ci95_high,seed,seconds,software,status,flags,note
daily_maxima,Largest ellipse per event-day,395,M1,M1 Clauset reference algorithm (R translation; lower-rank KS),reference algorithm,43,4854155.1583398106,10.520776128248148,lower-rank KS,0.097752456459253345,0.1106,0.1106,0.1106,TRUE,5000,0,,0.0044354850918473391,0.102204,0.119594,20261019,51.790,R version 4.5.1 (2025-06-13 ucrt),ok,,
daily_maxima,Largest ellipse per event-day,395,M2,M2 Full-KS variant (same R code; full continuous KS),reference algorithm,43,4854155.1583398106,10.520776128248148,full KS,0.097752456459253345,0.2128,0.21279999999999999,0.21279999999999999,TRUE,5000,0,,0.0057881976469363935,0.201678,0.224363,20261020,55.580,R version 4.5.1 (2025-06-13 ucrt),ok,,
daily_maxima,Largest ellipse per event-day,395,M3 default,M3 poweRlaw 1.0.0 (default fitting settings),default fitting settings,NA,NA,NA,poweRlaw native KS,NA,,,,,5000,NA,,NA,,,20261069,0.020,poweRlaw 1.0.0,no_usable_fit,,estimate_xmin returned no finite cutoff with xmax=1e+05
daily_maxima,Largest ellipse per event-day,395,M3 adjusted,M3 poweRlaw 1.0.0 (adjusted: xmax = Inf),ADJUSTED fitting settings,43,4854155.1583398106,10.520764787398658,poweRlaw native KS,0.097752069778489492,0.1044,,,TRUE,5000,0,,0.004324364461975887,0.096226,0.113181,20261070,1161.250,poweRlaw 1.0.0,ok,,
daily_maxima,Largest ellipse per event-day,395,M4 default,M4 powerlaw 2.0.0 (default fitting settings),default fitting settings,337,1990879.0586375603,2.9969246058191374,powerlaw native KS (D),0.16794666350398688,0.001,,,TRUE,5000,0,0,0.0004469899327725402,0.000427,0.002339,20261089,839.818,powerlaw 2.0.0,ok,,LR vs lognormal R=-7.2707 p=0.0000; vs exponential R=-12.4656 p=0.0000
daily_maxima,Largest ellipse per event-day,395,M4 adjusted,"M4 powerlaw 2.0.0 (adjusted: alpha bounds [1, None])",ADJUSTED fitting settings,43,4854155.158339811,10.520776128248146,powerlaw native KS (D),0.09775245645925279,0.108,,,TRUE,5000,0,0,0.0043894418779612514,0.099696,0.116906,20261090,735.726,powerlaw 2.0.0,ok,,LR vs lognormal R=-1.1631 p=0.2448; vs exponential R=-2.1834 p=0.0290
event_maxima,Largest ellipse per event,51,M1,M1 Clauset reference algorithm (R translation; lower-rank KS),reference algorithm,19,3585652.3950546649,5.3480923823530473,lower-rank KS,0.13542915906538422,0.152,0.152,0.152,TRUE,5000,0,,0.0050773221288391776,0.142316,0.162218,20261119,1.570,R version 4.5.1 (2025-06-13 ucrt),ok,,
event_maxima,Largest ellipse per event,51,M2,M2 Full-KS variant (same R code; full continuous KS),reference algorithm,19,3585652.3950546649,5.3480923823530473,full KS,0.13542915906538422,0.336,0.33600000000000002,0.33600000000000002,TRUE,5000,0,,0.0066798802384473929,0.323038,0.349214,20261120,1.660,R version 4.5.1 (2025-06-13 ucrt),ok,,
event_maxima,Largest ellipse per event,51,M3 default,M3 poweRlaw 1.0.0 (default fitting settings),default fitting settings,NA,NA,NA,poweRlaw native KS,NA,,,,,5000,NA,,NA,,,20261569,0.000,poweRlaw 1.0.0,no_usable_fit,,estimate_xmin returned no finite cutoff with xmax=1e+05
event_maxima,Largest ellipse per event,51,M3 adjusted,M3 poweRlaw 1.0.0 (adjusted: xmax = Inf),ADJUSTED fitting settings,19,3585652.3950546649,5.3480870325240568,poweRlaw native KS,0.13542870794027329,0.1556,,,TRUE,5000,0,,0.005126180644495471,0.145818,0.165911,20261570,132.220,poweRlaw 1.0.0,ok,,
event_maxima,Largest ellipse per event,51,M4 default,M4 powerlaw 2.0.0 (default fitting settings),default fitting settings,43,2008285.854183121,2.9933385651585773,powerlaw native KS (D),0.1712527712305691,0.3088,,,TRUE,5000,0,0,0.006533644618434646,0.296145,0.321748,20261589,102.760,powerlaw 2.0.0,ok,,LR vs lognormal R=-2.2326 p=0.0256; vs exponential R=-3.5156 p=0.0004
event_maxima,Largest ellipse per event,51,M4 adjusted,"M4 powerlaw 2.0.0 (adjusted: alpha bounds [1, None])",ADJUSTED fitting settings,19,3585652.395054665,5.348092382353047,powerlaw native KS (D),0.13542915906538444,0.153,,,TRUE,5000,0,0,0.005090992044778699,0.143289,0.163244,20261590,96.764,powerlaw 2.0.0,ok,,LR vs lognormal R=-0.5674 p=0.5705; vs exponential R=-0.8335 p=0.4046
