date,era5_tmax_c,station_tmax_c,used_in_metrics,event_day,era5_at_or_above_p95,station_at_or_above_p95
2016-05-31,37.362892150878906,39.44444444444444,1,0,0,0
2016-06-01,39.89666748046875,45.0,1,0,0,1
2016-06-02,41.4346866607666,44.44444444444444,1,0,0,0
2016-06-03,42.577632904052734,,0,0,1,
2016-06-04,43.29454803466797,46.666666666666664,1,0,1,1
2016-06-05,43.73200607299805,,0,0,1,
2016-06-06,44.4785099029541,,0,0,1,
2016-06-07,43.01010513305664,46.666666666666664,1,1,1,1
2016-06-08,43.72550010681152,46.666666666666664,1,1,1,1
2016-06-09,43.62789344787598,,0,0,1,
2016-06-10,38.2548770904541,39.44444444444444,1,0,0,0
2016-06-11,39.423532485961914,42.22222222222222,1,0,0,0
2016-06-12,43.10310935974121,46.111111111111114,1,0,1,1
