"model","formula","param_class","parameter","value"
"baseline","~ lon + lat + mean_tmax_z + cv_tmax_z","fixed_effect","(Intercept)","-11.836051"
"baseline","~ lon + lat + mean_tmax_z + cv_tmax_z","fixed_effect","lon","-0.016194"
"baseline","~ lon + lat + mean_tmax_z + cv_tmax_z","fixed_effect","lat","0.080476"
"baseline","~ lon + lat + mean_tmax_z + cv_tmax_z","fixed_effect","mean_tmax_z","0.411467"
"baseline","~ lon + lat + mean_tmax_z + cv_tmax_z","fixed_effect","cv_tmax_z","-0.248319"
"baseline","~ lon + lat + mean_tmax_z + cv_tmax_z","covariance","var_sigma2","1.610221"
"baseline","~ lon + lat + mean_tmax_z + cv_tmax_z","covariance","scale_km","284.000271"
"baseline","~ lon + lat + mean_tmax_z + cv_tmax_z","covariance","phi","not available for this fitted LGCP object"
"variant1","~ lon + lat + mean_tmax_z","fixed_effect","(Intercept)","-11.333000"
"variant1","~ lon + lat + mean_tmax_z","fixed_effect","lon","-0.016074"
"variant1","~ lon + lat + mean_tmax_z","fixed_effect","lat","0.062461"
"variant1","~ lon + lat + mean_tmax_z","fixed_effect","mean_tmax_z","0.462530"
"variant1","~ lon + lat + mean_tmax_z","covariance","var_sigma2","1.651038"
"variant1","~ lon + lat + mean_tmax_z","covariance","scale_km","287.244919"
"variant1","~ lon + lat + mean_tmax_z","covariance","phi","not available for this fitted LGCP object"
"variant2","~ lon + lat + cv_tmax_z","fixed_effect","(Intercept)","-11.874123"
"variant2","~ lon + lat + cv_tmax_z","fixed_effect","lon","-0.012388"
"variant2","~ lon + lat + cv_tmax_z","fixed_effect","lat","0.078038"
"variant2","~ lon + lat + cv_tmax_z","fixed_effect","cv_tmax_z","-0.526744"
"variant2","~ lon + lat + cv_tmax_z","covariance","var_sigma2","1.417833"
"variant2","~ lon + lat + cv_tmax_z","covariance","scale_km","435.885456"
"variant2","~ lon + lat + cv_tmax_z","covariance","phi","not available for this fitted LGCP object"
"variant3","~ lon + lat + mean_tmax_z + std_tmax_z","fixed_effect","(Intercept)","-11.352611"
"variant3","~ lon + lat + mean_tmax_z + std_tmax_z","fixed_effect","lon","-0.016062"
"variant3","~ lon + lat + mean_tmax_z + std_tmax_z","fixed_effect","lat","0.063142"
"variant3","~ lon + lat + mean_tmax_z + std_tmax_z","fixed_effect","mean_tmax_z","0.464404"
"variant3","~ lon + lat + mean_tmax_z + std_tmax_z","fixed_effect","std_tmax_z","-0.007187"
"variant3","~ lon + lat + mean_tmax_z + std_tmax_z","covariance","var_sigma2","1.647219"
"variant3","~ lon + lat + mean_tmax_z + std_tmax_z","covariance","scale_km","287.707960"
"variant3","~ lon + lat + mean_tmax_z + std_tmax_z","covariance","phi","not available for this fitted LGCP object"
