cell_id,lat,lon,threshold_tmax_c,n_exceeding_days,n_heatwave_days,n_local_events
1,10.5,20.5,40.66599674224853,787,671,92
2,10.5,21.5,40.69135141372681,787,635,93
3,10.5,22.5,40.349666118621826,787,651,98
4,10.5,23.5,40.18190498352051,787,618,108
5,10.5,24.5,40.26812400817871,787,618,107
6,10.5,25.5,40.77502498626709,787,635,108
7,10.5,26.5,40.99828453063965,787,633,108
8,10.5,27.5,40.86523218154907,787,607,99
9,10.5,28.5,40.78154726028443,787,652,106
10,10.5,29.5,40.76412143707275,787,633,97
11,10.5,30.5,40.102669906616214,787,629,90
12,10.5,31.5,40.243832969665526,787,620,97
13,10.5,32.5,40.42373933792114,787,642,99
14,10.5,33.5,39.95198230743408,787,661,86
15,10.5,34.5,36.4715799331665,787,673,91
16,10.5,35.5,36.27366781234741,787,686,93
17,10.5,36.5,33.06363534927368,787,677,88
18,10.5,37.5,29.64508638381958,787,697,93
19,10.5,38.5,29.562091255187987,787,642,89
20,10.5,39.5,26.441111183166505,787,613,92
21,10.5,40.5,38.147265148162845,787,591,91
22,10.5,41.5,39.402459716796876,787,546,94
23,10.5,42.5,37.532423973083496,787,549,95
24,10.5,43.5,37.5742265701294,787,504,86
25,10.5,44.5,36.635450172424314,787,551,97
26,10.5,45.5,37.10930681228638,787,564,88
27,10.5,46.5,36.35909996032715,787,530,87
28,10.5,47.5,30.480284881591796,787,508,80
29,10.5,48.5,32.028009033203126,787,557,89
30,10.5,49.5,35.302658271789554,787,590,89
31,10.5,50.5,37.1447135925293,787,617,92
32,10.5,51.5,29.936208152770995,787,719,102
33,10.5,52.5,29.21080102920532,787,728,76
34,10.5,53.5,29.32789478302002,787,710,83
35,10.5,54.5,29.394972801208496,787,690,89
36,10.5,55.5,29.429044914245605,787,734,95
37,10.5,56.5,29.443052577972413,787,706,95
38,10.5,57.5,29.439513397216796,787,672,89
39,10.5,58.5,29.44697313308716,787,681,91
40,10.5,59.5,29.452744483947754,787,691,97
41,10.5,60.5,29.463330268859863,787,677,92
42,10.5,61.5,29.475450897216795,787,675,87
43,10.5,62.5,29.490172386169434,787,677,91
44,10.5,63.5,29.51997079849243,787,709,100
45,10.5,64.5,29.533885288238526,787,679,97
46,10.5,65.5,29.557630252838134,787,660,95
47,10.5,66.5,29.5626277923584,787,669,92
48,10.5,67.5,29.56505069732666,787,669,87
49,10.5,68.5,29.580049133300783,787,685,79
50,10.5,69.5,29.62247896194458,787,648,79
51,11.5,20.5,41.213529872894284,787,608,90
52,11.5,21.5,41.0560866355896,787,628,94
53,11.5,22.5,40.29299430847168,787,640,101
54,11.5,23.5,39.61082744598389,787,629,101
55,11.5,24.5,39.941488933563235,787,621,105
56,11.5,25.5,40.48457670211792,787,601,105
57,11.5,26.5,40.57905464172363,787,594,100
58,11.5,27.5,40.636376762390135,787,602,103
59,11.5,28.5,40.542578125,787,611,100
60,11.5,29.5,40.09824352264404,787,590,96
61,11.5,30.5,39.23637294769287,787,602,103
62,11.5,31.5,39.8914568901062,787,585,98
63,11.5,32.5,41.104078483581546,787,590,102
64,11.5,33.5,40.63156251907348,787,633,99
65,11.5,34.5,40.02709455490112,787,672,106
66,11.5,35.5,39.36004133224487,787,663,92
67,11.5,36.5,34.23562030792236,787,684,92
68,11.5,37.5,28.09499855041504,787,688,96
69,11.5,38.5,27.996496868133544,787,635,88
70,11.5,39.5,25.899058246612547,787,613,93
71,11.5,40.5,38.84936475753784,787,570,101
72,11.5,41.5,41.287210845947264,787,579,102
73,11.5,42.5,40.725430965423584,787,569,97
74,11.5,43.5,37.30237007141113,787,560,87
75,11.5,44.5,33.0835657119751,787,578,90
76,11.5,45.5,33.11638994216919,787,651,92
77,11.5,46.5,33.63083009719848,787,651,93
78,11.5,47.5,35.420994663238524,787,633,100
79,11.5,48.5,34.559495735168454,787,533,101
80,11.5,49.5,34.70381851196289,787,592,97
81,11.5,50.5,35.51139440536499,787,576,92
82,11.5,51.5,30.96195125579834,787,644,106
83,11.5,52.5,29.229345989227294,787,750,74
84,11.5,53.5,29.357911014556883,787,729,80
85,11.5,54.5,29.438836765289306,787,725,84
86,11.5,55.5,29.49519548416138,787,754,94
87,11.5,56.5,29.507162952423094,787,725,94
88,11.5,57.5,29.53541193008423,787,719,95
89,11.5,58.5,29.55556125640869,787,727,95
90,11.5,59.5,29.552281665802003,787,727,105
91,11.5,60.5,29.55127878189087,787,729,104
92,11.5,61.5,29.54126501083374,787,702,94
93,11.5,62.5,29.54404878616333,787,680,86
94,11.5,63.5,29.56609716415405,787,692,101
95,11.5,64.5,29.56613063812256,787,675,96
96,11.5,65.5,29.572643947601318,787,678,88
97,11.5,66.5,29.58321056365967,787,657,85
98,11.5,67.5,29.587234210968017,787,707,86
99,11.5,68.5,29.59742660522461,787,661,74
100,11.5,69.5,29.62469539642334,787,664,77
101,12.5,20.5,41.75795440673828,787,597,95
102,12.5,21.5,40.85965967178345,787,612,96
103,12.5,22.5,40.048886680603026,787,617,96
104,12.5,23.5,38.2866512298584,787,603,96
105,12.5,24.5,37.88503189086914,787,567,95
106,12.5,25.5,39.64250888824463,787,541,100
107,12.5,26.5,40.352470588684085,787,568,101
108,12.5,27.5,40.47410659790039,787,559,101
109,12.5,28.5,40.26182613372803,787,577,107
110,12.5,29.5,39.75888633728027,787,566,108
111,12.5,30.5,40.25068664550781,787,573,110
112,12.5,31.5,40.27394142150879,787,569,112
113,12.5,32.5,41.7652509689331,787,567,107
114,12.5,33.5,41.67613830566406,787,601,108
115,12.5,34.5,41.94987955093384,787,656,108
116,12.5,35.5,41.84471387863159,787,680,99
117,12.5,36.5,37.87747411727905,787,696,93
118,12.5,37.5,29.274601745605466,787,707,106
119,12.5,38.5,31.967369842529298,787,626,102
120,12.5,39.5,28.580982398986816,787,680,93
121,12.5,40.5,40.34546842575073,787,560,91
122,12.5,41.5,41.65397577285766,787,531,89
123,12.5,42.5,40.536591339111325,787,568,102
124,12.5,43.5,36.42385587692261,787,547,81
125,12.5,44.5,35.10604028701782,787,533,92
126,12.5,45.5,32.40552473068237,787,577,89
127,12.5,46.5,32.61430606842041,787,584,87
128,12.5,47.5,33.08613405227661,787,610,82
129,12.5,48.5,33.00402011871338,787,612,102
130,12.5,49.5,32.840340805053714,787,647,93
131,12.5,50.5,32.41552085876465,787,656,75
132,12.5,51.5,30.551724052429197,787,666,80
133,12.5,52.5,29.403044509887696,787,737,86
134,12.5,53.5,30.162611103057863,787,732,87
135,12.5,54.5,30.1761905670166,787,699,101
136,12.5,55.5,29.547298908233643,787,778,97
137,12.5,56.5,29.620316982269287,787,748,94
138,12.5,57.5,29.644334411621095,787,757,102
139,12.5,58.5,29.66891050338745,787,740,102
140,12.5,59.5,29.652007865905762,787,720,97
141,12.5,60.5,29.617767143249512,787,718,99
142,12.5,61.5,29.61809139251709,787,709,101
143,12.5,62.5,29.596454429626466,787,733,98
144,12.5,63.5,29.580790424346922,787,720,102
145,12.5,64.5,29.56199140548706,787,690,90
146,12.5,65.5,29.574974727630615,787,693,89
147,12.5,66.5,29.6033371925354,787,694,86
148,12.5,67.5,29.609624195098878,787,706,86
149,12.5,68.5,29.62798843383789,787,684,86
150,12.5,69.5,29.648426914215086,787,680,78
151,13.5,20.5,41.92564325332641,787,605,90
152,13.5,21.5,40.44681243896484,787,610,94
153,13.5,22.5,38.93304700851441,787,570,89
154,13.5,23.5,38.66246843338013,787,549,83
155,13.5,24.5,36.04968957901001,787,571,99
156,13.5,25.5,39.01331281661987,787,540,104
157,13.5,26.5,39.445800113677976,787,570,106
158,13.5,27.5,39.94452209472656,787,564,104
159,13.5,28.5,40.10529146194458,787,582,112
160,13.5,29.5,39.867035484313966,787,583,112
161,13.5,30.5,40.43211469650269,787,513,96
162,13.5,31.5,41.19899454116821,787,516,100
163,13.5,32.5,42.1070216178894,787,559,106
164,13.5,33.5,42.517460346221924,787,574,111
165,13.5,34.5,42.84559650421143,787,608,114
166,13.5,35.5,42.43072748184204,787,632,112
167,13.5,36.5,40.818068981170654,787,675,99
168,13.5,37.5,35.35849924087525,787,642,96
169,13.5,38.5,31.023349952697753,787,614,105
170,13.5,39.5,29.949838161468506,787,656,96
171,13.5,40.5,41.763412666320804,787,467,82
172,13.5,41.5,41.76847448348999,787,524,93
173,13.5,42.5,35.99050912857056,787,566,86
174,13.5,43.5,35.50847263336182,787,501,84
175,13.5,44.5,35.41040296554566,787,553,84
176,13.5,45.5,34.14549102783203,787,486,92
177,13.5,46.5,32.87768793106079,787,575,78
178,13.5,47.5,33.064669895172116,787,703,83
179,13.5,48.5,31.958356857299805,787,676,82
180,13.5,49.5,31.986549377441406,787,685,83
181,13.5,50.5,31.775152587890624,787,671,83
182,13.5,51.5,30.65697774887085,787,651,92
183,13.5,52.5,29.77393741607666,787,711,96
184,13.5,53.5,29.855499172210692,787,733,81
185,13.5,54.5,30.33005542755127,787,741,96
186,13.5,55.5,29.764643096923827,787,745,91
187,13.5,56.5,29.666357898712157,787,743,91
188,13.5,57.5,29.717931747436523,787,724,96
189,13.5,58.5,29.73872117996216,787,724,94
190,13.5,59.5,29.72137231826782,787,727,97
191,13.5,60.5,29.710704421997068,787,694,90
192,13.5,61.5,29.692374610900877,787,693,89
193,13.5,62.5,29.639367294311523,787,699,92
194,13.5,63.5,29.62794437408447,787,689,88
195,13.5,64.5,29.61976089477539,787,680,93
196,13.5,65.5,29.61135025024414,787,662,90
197,13.5,66.5,29.614225673675538,787,690,90
198,13.5,67.5,29.632108211517334,787,686,89
199,13.5,68.5,29.620499515533446,787,683,91
200,13.5,69.5,29.625324630737303,787,681,82
201,14.5,20.5,42.184064865112305,787,592,90
202,14.5,21.5,40.209409141540526,787,604,95
203,14.5,22.5,38.210811614990234,787,620,99
204,14.5,23.5,38.71646900177002,787,580,100
205,14.5,24.5,37.17589893341064,787,575,106
206,14.5,25.5,37.48221092224121,787,549,103
207,14.5,26.5,38.46566343307495,787,511,104
208,14.5,27.5,39.04086503982544,787,482,93
209,14.5,28.5,40.14224224090576,787,473,88
210,14.5,29.5,40.57589454650879,787,492,93
211,14.5,30.5,41.01481122970581,787,495,100
212,14.5,31.5,41.6884672164917,787,494,97
213,14.5,32.5,42.56605730056763,787,547,108
214,14.5,33.5,43.14834785461426,787,580,113
215,14.5,34.5,42.96521873474121,787,601,117
216,14.5,35.5,42.49797945022583,787,603,111
217,14.5,36.5,42.167770862579346,787,617,112
218,14.5,37.5,39.26500463485718,787,623,98
219,14.5,38.5,34.5112343788147,787,643,103
220,14.5,39.5,29.815729808807372,787,619,89
221,14.5,40.5,42.25271902084351,787,402,78
222,14.5,41.5,35.738161945343016,787,576,84
223,14.5,42.5,32.902130889892575,787,615,90
224,14.5,43.5,35.896703433990474,787,581,86
225,14.5,44.5,29.268339157104492,787,648,82
226,14.5,45.5,33.520387935638425,787,625,102
227,14.5,46.5,36.00484409332275,787,601,89
228,14.5,47.5,36.31999807357788,787,533,92
229,14.5,48.5,34.2719464302063,787,579,93
230,14.5,49.5,33.01411981582642,787,669,100
231,14.5,50.5,31.294692707061767,787,727,91
232,14.5,51.5,30.874419498443604,787,697,89
233,14.5,52.5,30.15371494293213,787,686,98
234,14.5,53.5,29.856517696380614,787,736,84
235,14.5,54.5,29.92851858139038,787,729,78
236,14.5,55.5,29.90926847457886,787,733,86
237,14.5,56.5,29.72680530548096,787,706,89
238,14.5,57.5,29.72052240371704,787,720,82
239,14.5,58.5,29.739995193481445,787,725,84
240,14.5,59.5,29.758776664733887,787,731,95
241,14.5,60.5,29.771880912780762,787,723,98
242,14.5,61.5,29.732760906219482,787,703,87
243,14.5,62.5,29.693164920806886,787,707,89
244,14.5,63.5,29.6946590423584,787,697,89
245,14.5,64.5,29.678658866882323,787,702,95
246,14.5,65.5,29.67665615081787,787,711,93
247,14.5,66.5,29.68371410369873,787,675,86
248,14.5,67.5,29.67796516418457,787,687,87
249,14.5,68.5,29.64601764678955,787,677,88
250,14.5,69.5,29.625304985046387,787,675,94
251,15.5,20.5,42.41749114990235,787,581,93
252,15.5,21.5,41.3208083152771,787,593,94
253,15.5,22.5,38.501293659210205,787,584,99
254,15.5,23.5,38.53483076095581,787,576,103
255,15.5,24.5,38.18727531433105,787,551,103
256,15.5,25.5,37.49161777496338,787,526,99
257,15.5,26.5,37.726717472076416,787,515,97
258,15.5,27.5,38.50698814392089,787,487,94
259,15.5,28.5,40.25204448699951,787,513,102
260,15.5,29.5,40.60409269332886,787,482,97
261,15.5,30.5,40.90299425125122,787,458,90
262,15.5,31.5,41.49624404907227,787,437,87
263,15.5,32.5,42.33668355941772,787,479,96
264,15.5,33.5,42.64198160171509,787,525,101
265,15.5,34.5,42.727959060668944,787,526,97
266,15.5,35.5,42.92830123901367,787,555,99
267,15.5,36.5,41.8975266456604,787,574,98
268,15.5,37.5,40.2644962310791,787,595,106
269,15.5,38.5,35.20246543884277,787,605,108
270,15.5,39.5,34.58691959381103,787,462,68
271,15.5,40.5,34.68958864212036,787,581,77
272,15.5,41.5,33.295738792419435,787,626,80
273,15.5,42.5,33.63117027282715,787,662,83
274,15.5,43.5,35.51122426986694,787,558,88
275,15.5,44.5,29.903650379180906,787,616,84
276,15.5,45.5,39.08556108474731,787,594,103
277,15.5,46.5,40.984897232055665,787,617,89
278,15.5,47.5,38.64046802520752,787,622,83
279,15.5,48.5,38.0837103843689,787,634,91
280,15.5,49.5,37.5697319984436,787,618,93
281,15.5,50.5,36.06902360916138,787,587,101
282,15.5,51.5,34.3491247177124,787,604,109
283,15.5,52.5,30.866568660736082,787,666,93
284,15.5,53.5,29.991454315185546,787,679,90
285,15.5,54.5,29.89129047393799,787,727,84
286,15.5,55.5,29.9028528213501,787,717,72
287,15.5,56.5,29.79473295211792,787,724,78
288,15.5,57.5,29.72618637084961,787,722,78
289,15.5,58.5,29.710371875762938,787,729,81
290,15.5,59.5,29.72031373977661,787,727,85
291,15.5,60.5,29.74445390701294,787,717,81
292,15.5,61.5,29.743342018127443,787,706,82
293,15.5,62.5,29.718634605407715,787,720,82
294,15.5,63.5,29.73512258529663,787,708,87
295,15.5,64.5,29.71937322616577,787,723,92
296,15.5,65.5,29.728209495544434,787,726,88
297,15.5,66.5,29.724072074890135,787,733,96
298,15.5,67.5,29.705320739746092,787,709,91
299,15.5,68.5,29.66593732833862,787,729,94
300,15.5,69.5,29.626427459716798,787,685,89
301,16.5,20.5,42.135641479492186,787,576,91
302,16.5,21.5,41.69174766540527,787,584,95
303,16.5,22.5,38.982659530639644,787,566,102
304,16.5,23.5,37.69375743865967,787,530,106
305,16.5,24.5,38.62446508407593,787,532,103
306,16.5,25.5,38.6951717376709,787,541,109
307,16.5,26.5,38.55895938873291,787,518,102
308,16.5,27.5,39.13989810943603,787,485,98
309,16.5,28.5,40.657956218719484,787,490,94
310,16.5,29.5,41.22729778289795,787,495,99
311,16.5,30.5,41.18011064529419,787,492,98
312,16.5,31.5,41.90073881149292,787,480,97
313,16.5,32.5,42.299917221069336,787,457,93
314,16.5,33.5,42.40664787292481,787,478,96
315,16.5,34.5,42.982563972473145,787,492,99
316,16.5,35.5,42.948077011108396,787,530,98
317,16.5,36.5,42.0442946434021,787,503,95
318,16.5,37.5,40.92585668563843,787,524,100
319,16.5,38.5,35.10836515426636,787,594,90
320,16.5,39.5,36.58542947769165,787,497,87
321,16.5,40.5,33.653522205352786,787,568,84
322,16.5,41.5,33.08667678833008,787,612,82
323,16.5,42.5,33.05685148239136,787,629,75
324,16.5,43.5,35.36935224533081,787,623,104
325,16.5,44.5,34.660681915283206,787,612,98
326,16.5,45.5,39.742257595062256,787,623,101
327,16.5,46.5,41.11567735671997,787,628,90
328,16.5,47.5,40.40549898147583,787,617,90
329,16.5,48.5,40.458812618255614,787,644,93
330,16.5,49.5,40.69526615142822,787,595,89
331,16.5,50.5,40.1196891784668,787,538,96
332,16.5,51.5,39.999670600891115,787,488,103
333,16.5,52.5,33.776018905639646,787,536,109
334,16.5,53.5,29.93730926513672,787,638,103
335,16.5,54.5,29.77355852127075,787,685,79
336,16.5,55.5,29.74729804992676,787,702,78
337,16.5,56.5,29.73798704147339,787,707,70
338,16.5,57.5,29.67850532531738,787,725,79
339,16.5,58.5,29.65279140472412,787,739,81
340,16.5,59.5,29.686584758758546,787,731,80
341,16.5,60.5,29.72233839035034,787,722,83
342,16.5,61.5,29.73445053100586,787,704,80
343,16.5,62.5,29.74493646621704,787,724,78
344,16.5,63.5,29.731221294403078,787,738,78
345,16.5,64.5,29.73613634109497,787,736,85
346,16.5,65.5,29.761817932128906,787,722,88
347,16.5,66.5,29.753804874420165,787,734,89
348,16.5,67.5,29.708705043792722,787,755,91
349,16.5,68.5,29.68283338546753,787,725,88
350,16.5,69.5,29.663213062286378,787,719,85
351,17.5,20.5,42.05628356933593,787,604,102
352,17.5,21.5,41.197362422943115,787,573,93
353,17.5,22.5,38.49675340652466,787,574,102
354,17.5,23.5,37.240308952331546,787,528,105
355,17.5,24.5,38.69505310058594,787,504,100
356,17.5,25.5,39.505054759979245,787,538,107
357,17.5,26.5,39.99276847839356,787,528,104
358,17.5,27.5,40.428115653991696,787,502,102
359,17.5,28.5,41.26915769577026,787,497,101
360,17.5,29.5,41.49842329025269,787,506,95
361,17.5,30.5,42.301162815093996,787,483,94
362,17.5,31.5,42.75668916702271,787,462,90
363,17.5,32.5,42.506549739837645,787,470,97
364,17.5,33.5,42.74010009765625,787,454,92
365,17.5,34.5,43.221021270751955,787,463,89
366,17.5,35.5,42.60819225311279,787,474,89
367,17.5,36.5,41.648224449157716,787,504,87
368,17.5,37.5,41.220719528198245,787,486,87
369,17.5,38.5,37.40327415466309,787,523,96
370,17.5,39.5,34.77790479660034,787,518,98
371,17.5,40.5,33.540395450592044,787,546,96
372,17.5,41.5,32.89645166397095,787,584,79
373,17.5,42.5,37.50722770690918,787,552,92
374,17.5,43.5,33.17773971557617,787,662,103
375,17.5,44.5,37.74574728012085,787,621,105
376,17.5,45.5,41.187385654449464,787,683,108
377,17.5,46.5,42.15646324157715,787,666,102
378,17.5,47.5,42.10847778320313,787,660,92
379,17.5,48.5,42.728775310516355,787,634,93
380,17.5,49.5,42.594712543487546,787,614,92
381,17.5,50.5,41.39183387756348,787,585,95
382,17.5,51.5,40.02820615768432,787,511,101
383,17.5,52.5,39.885916996002194,787,481,96
384,17.5,53.5,39.137052631378175,787,476,100
385,17.5,54.5,35.47151746749878,787,595,107
386,17.5,55.5,32.4018871307373,787,594,112
387,17.5,56.5,29.159138107299803,787,660,78
388,17.5,57.5,29.40627269744873,787,731,71
389,17.5,58.5,29.5253888130188,787,730,76
390,17.5,59.5,29.603806114196775,787,725,77
391,17.5,60.5,29.65941457748413,787,732,77
392,17.5,61.5,29.65861072540283,787,706,77
393,17.5,62.5,29.687457180023195,787,720,85
394,17.5,63.5,29.741271018981934,787,733,86
395,17.5,64.5,29.76020679473877,787,704,84
396,17.5,65.5,29.76077766418457,787,732,84
397,17.5,66.5,29.76544256210327,787,739,84
398,17.5,67.5,29.743468475341796,787,730,87
399,17.5,68.5,29.698359870910643,787,737,88
400,17.5,69.5,29.667576789855957,787,746,88
401,18.5,20.5,41.880568695068355,787,585,99
402,18.5,21.5,41.38853197097778,787,563,98
403,18.5,22.5,40.72442092895508,787,590,112
404,18.5,23.5,38.772379302978514,787,575,109
405,18.5,24.5,38.764993286132814,787,519,102
406,18.5,25.5,39.6739483833313,787,574,115
407,18.5,26.5,40.076201343536376,787,555,110
408,18.5,27.5,39.88448944091797,787,527,106
409,18.5,28.5,41.18533449172973,787,545,113
410,18.5,29.5,42.28883934020996,787,535,112
411,18.5,30.5,43.49322214126587,787,507,100
412,18.5,31.5,43.57145776748657,787,467,87
413,18.5,32.5,43.177551460266116,787,493,101
414,18.5,33.5,42.69700164794922,787,472,97
415,18.5,34.5,43.071630001068115,787,453,88
416,18.5,35.5,42.42036542892456,787,484,90
417,18.5,36.5,40.107435035705564,787,515,88
418,18.5,37.5,40.65775260925293,787,497,88
419,18.5,38.5,37.368473052978516,787,547,90
420,18.5,39.5,33.95427474975586,787,532,92
421,18.5,40.5,33.02846441268921,787,572,87
422,18.5,41.5,35.481310558319095,787,566,94
423,18.5,42.5,34.65965776443481,787,634,89
424,18.5,43.5,34.05784349441528,787,627,107
425,18.5,44.5,39.419127464294434,787,621,99
426,18.5,45.5,41.68339824676514,787,677,105
427,18.5,46.5,42.73241481781006,787,675,105
428,18.5,47.5,43.49951524734497,787,658,93
429,18.5,48.5,44.03609933853149,787,662,93
430,18.5,49.5,44.57740535736084,787,631,91
431,18.5,50.5,44.164702606201175,787,585,95
432,18.5,51.5,43.69393911361694,787,563,87
433,18.5,52.5,43.55164651870727,787,553,95
434,18.5,53.5,43.83277044296265,787,531,100
435,18.5,54.5,42.7983097076416,787,491,101
436,18.5,55.5,41.56384792327881,787,503,103
437,18.5,56.5,36.462383365631105,787,508,104
438,18.5,57.5,29.313254356384277,787,581,93
439,18.5,58.5,29.351475048065186,787,694,77
440,18.5,59.5,29.549553680419923,787,699,74
441,18.5,60.5,29.59875078201294,787,707,72
442,18.5,61.5,29.59264154434204,787,724,75
443,18.5,62.5,29.646284294128417,787,742,84
444,18.5,63.5,29.716886615753175,787,730,81
445,18.5,64.5,29.76396827697754,787,715,81
446,18.5,65.5,29.770226192474365,787,748,82
447,18.5,66.5,29.74753084182739,787,741,89
448,18.5,67.5,29.746590995788573,787,745,83
449,18.5,68.5,29.70736207962036,787,741,83
450,18.5,69.5,29.70220308303833,787,747,81
451,19.5,20.5,41.04804401397705,787,615,106
452,19.5,21.5,40.661514854431154,787,605,104
453,19.5,22.5,39.8430552482605,787,617,108
454,19.5,23.5,38.824170398712155,787,608,108
455,19.5,24.5,38.73578977584839,787,552,110
456,19.5,25.5,39.56499834060669,787,568,112
457,19.5,26.5,39.85908794403076,787,540,111
458,19.5,27.5,39.78149967193603,787,521,108
459,19.5,28.5,41.486847686767575,787,530,108
460,19.5,29.5,42.770763874053955,787,504,103
461,19.5,30.5,43.88143825531006,787,504,99
462,19.5,31.5,43.156466770172116,787,489,99
463,19.5,32.5,43.123608684539796,787,454,95
464,19.5,33.5,43.33325119018555,787,504,109
465,19.5,34.5,43.302350234985354,787,479,93
466,19.5,35.5,42.36441173553467,787,484,91
467,19.5,36.5,40.00364446640015,787,444,89
468,19.5,37.5,37.43890409469604,787,521,87
469,19.5,38.5,33.68008985519409,787,562,89
470,19.5,39.5,32.97859687805176,787,559,88
471,19.5,40.5,32.94764814376831,787,545,105
472,19.5,41.5,38.34650545120239,787,502,87
473,19.5,42.5,35.93962650299072,787,626,97
474,19.5,43.5,39.31603555679321,787,651,105
475,19.5,44.5,40.76234998703003,787,639,96
476,19.5,45.5,42.55776882171631,787,687,107
477,19.5,46.5,43.24750757217407,787,660,105
478,19.5,47.5,44.16501178741455,787,675,99
479,19.5,48.5,44.59532203674316,787,665,100
480,19.5,49.5,44.93615550994873,787,636,87
481,19.5,50.5,44.957823753356934,787,569,89
482,19.5,51.5,44.87633047103882,787,547,90
483,19.5,52.5,45.006815910339355,787,542,93
484,19.5,53.5,45.16584014892578,787,526,97
485,19.5,54.5,44.76269683837891,787,559,111
486,19.5,55.5,44.048101615905765,787,574,111
487,19.5,56.5,43.49467077255249,787,556,108
488,19.5,57.5,40.45096759796142,787,486,103
489,19.5,58.5,29.34051170349121,787,551,99
490,19.5,59.5,29.459036922454832,787,640,76
491,19.5,60.5,29.53565263748169,787,693,75
492,19.5,61.5,29.556616973876952,787,737,80
493,19.5,62.5,29.62039270401001,787,738,80
494,19.5,63.5,29.697567653656005,787,737,81
495,19.5,64.5,29.746319103240968,787,739,82
496,19.5,65.5,29.769213676452637,787,730,87
497,19.5,66.5,29.751011276245116,787,735,86
498,19.5,67.5,29.7426157951355,787,736,89
499,19.5,68.5,29.73691291809082,787,746,80
500,19.5,69.5,29.719077491760252,787,716,79
501,20.5,20.5,40.04093408584595,787,585,104
502,20.5,21.5,40.618304061889646,787,629,113
503,20.5,22.5,39.98321275711059,787,581,103
504,20.5,23.5,39.37804384231568,787,588,110
505,20.5,24.5,38.62040557861328,787,593,116
506,20.5,25.5,38.72248153686523,787,527,101
507,20.5,26.5,39.23938627243042,787,517,102
508,20.5,27.5,39.657203388214114,787,521,107
509,20.5,28.5,40.67988557815552,787,524,108
510,20.5,29.5,41.974094772338866,787,506,105
511,20.5,30.5,43.41006984710693,787,488,98
512,20.5,31.5,42.88948736190796,787,509,100
513,20.5,32.5,42.428752708435056,787,511,113
514,20.5,33.5,43.446528148651126,787,478,101
515,20.5,34.5,42.87603988647461,787,488,103
516,20.5,35.5,41.966142082214354,787,471,98
517,20.5,36.5,41.10907030105591,787,457,93
518,20.5,37.5,36.88124933242798,787,520,95
519,20.5,38.5,32.99730272293091,787,640,91
520,20.5,39.5,33.846184730529785,787,524,90
521,20.5,40.5,39.27061204910278,787,463,93
522,20.5,41.5,36.672744560241696,787,612,87
523,20.5,42.5,40.34588022232056,787,658,99
524,20.5,43.5,42.012421226501466,787,645,98
525,20.5,44.5,43.23890209197998,787,643,99
526,20.5,45.5,43.95721969604492,787,646,97
527,20.5,46.5,44.41307144165039,787,633,96
528,20.5,47.5,45.169907569885254,787,651,99
529,20.5,48.5,45.31981601715088,787,636,101
530,20.5,49.5,45.222596359252925,787,626,102
531,20.5,50.5,45.335176658630374,787,579,100
532,20.5,51.5,45.48178405761719,787,564,104
533,20.5,52.5,45.564778900146486,787,546,102
534,20.5,53.5,45.8123381614685,787,545,97
535,20.5,54.5,45.90157327651978,787,543,108
536,20.5,55.5,45.282879543304446,787,525,100
537,20.5,56.5,44.55814895629883,787,565,106
538,20.5,57.5,43.93135585784912,787,494,97
539,20.5,58.5,34.30382556915283,787,424,96
540,20.5,59.5,29.258365535736083,787,575,96
541,20.5,60.5,29.39827127456665,787,655,82
542,20.5,61.5,29.50728664398193,787,678,77
543,20.5,62.5,29.56317777633667,787,716,81
544,20.5,63.5,29.649880981445314,787,734,86
545,20.5,64.5,29.68775291442871,787,734,82
546,20.5,65.5,29.7233567237854,787,730,83
547,20.5,66.5,29.752731800079346,787,746,94
548,20.5,67.5,29.750858497619628,787,731,89
549,20.5,68.5,29.734141635894776,787,727,82
550,20.5,69.5,29.75680923461914,787,722,86
551,21.5,20.5,39.374216842651364,787,544,105
552,21.5,21.5,40.34822597503662,787,555,104
553,21.5,22.5,40.082736301422116,787,560,109
554,21.5,23.5,39.64423389434814,787,582,114
555,21.5,24.5,39.65434827804565,787,582,115
556,21.5,25.5,39.151043796539305,787,501,103
557,21.5,26.5,38.80345001220703,787,481,98
558,21.5,27.5,40.176412963867186,787,477,102
559,21.5,28.5,40.96111488342285,787,513,107
560,21.5,29.5,41.62602710723877,787,501,104
561,21.5,30.5,42.26391067504883,787,488,100
562,21.5,31.5,42.78726329803467,787,458,95
563,21.5,32.5,41.4774730682373,787,477,100
564,21.5,33.5,43.245321083068845,787,468,103
565,21.5,34.5,42.35211353302002,787,463,100
566,21.5,35.5,41.75111646652222,787,458,91
567,21.5,36.5,41.55334939956665,787,441,80
568,21.5,37.5,34.54794225692749,787,565,109
569,21.5,38.5,32.69652090072632,787,623,90
570,21.5,39.5,38.432200241088864,787,452,87
571,21.5,40.5,38.345532512664796,787,487,86
572,21.5,41.5,39.85759086608887,787,643,97
573,21.5,42.5,41.688625526428225,787,658,92
574,21.5,43.5,43.01175403594971,787,666,99
575,21.5,44.5,42.632220935821536,787,655,97
576,21.5,45.5,43.522186279296875,787,672,102
577,21.5,46.5,43.98398399353027,787,625,99
578,21.5,47.5,45.136588191986085,787,628,101
579,21.5,48.5,45.880264377593996,787,608,98
580,21.5,49.5,45.707505226135254,787,580,90
581,21.5,50.5,45.67267208099365,787,603,102
582,21.5,51.5,45.91581726074219,787,562,105
583,21.5,52.5,45.94071683883667,787,564,112
584,21.5,53.5,46.057953071594234,787,530,105
585,21.5,54.5,46.27626209259033,787,549,112
586,21.5,55.5,46.06062679290771,787,541,109
587,21.5,56.5,45.7552375793457,787,564,114
588,21.5,57.5,45.57471218109131,787,504,99
589,21.5,58.5,44.33025598526001,787,484,109
590,21.5,59.5,33.70216512680054,787,499,109
591,21.5,60.5,29.356715774536134,787,612,107
592,21.5,61.5,29.463347816467284,787,631,89
593,21.5,62.5,29.55107183456421,787,681,89
594,21.5,63.5,29.60353488922119,787,701,81
595,21.5,64.5,29.680095958709714,787,697,78
596,21.5,65.5,29.733947658538817,787,690,80
597,21.5,66.5,29.77382297515869,787,720,89
598,21.5,67.5,29.76543598175049,787,741,93
599,21.5,68.5,29.752567768096924,787,717,91
600,21.5,69.5,30.16779613494873,787,680,88
601,22.5,20.5,39.540137100219724,787,522,100
602,22.5,21.5,39.95054664611816,787,530,104
603,22.5,22.5,40.06478385925293,787,524,101
604,22.5,23.5,39.75872325897217,787,559,111
605,22.5,24.5,39.81347532272339,787,554,117
606,22.5,25.5,38.576269912719724,787,510,103
607,22.5,26.5,38.70227079391479,787,470,98
608,22.5,27.5,40.21612558364868,787,467,100
609,22.5,28.5,41.13370122909546,787,474,101
610,22.5,29.5,42.05861282348633,787,467,98
611,22.5,30.5,42.46583948135376,787,466,101
612,22.5,31.5,42.78976984024048,787,460,95
613,22.5,32.5,42.62279920578003,787,436,95
614,22.5,33.5,43.045994949340816,787,470,101
615,22.5,34.5,42.35821666717529,787,475,110
616,22.5,35.5,40.75113697052002,787,452,83
617,22.5,36.5,37.850808429718015,787,518,90
618,22.5,37.5,32.417396259307864,787,650,92
619,22.5,38.5,32.32249164581299,787,601,99
620,22.5,39.5,41.12828273773193,787,407,90
621,22.5,40.5,40.66923236846924,787,531,87
622,22.5,41.5,42.159853553771974,787,636,87
623,22.5,42.5,42.62345199584961,787,674,93
624,22.5,43.5,42.309866428375244,787,685,96
625,22.5,44.5,42.26534519195557,787,723,101
626,22.5,45.5,43.85675182342529,787,686,105
627,22.5,46.5,43.62869873046875,787,647,105
628,22.5,47.5,44.974623870849605,787,596,96
629,22.5,48.5,45.69084224700928,787,579,101
630,22.5,49.5,46.005242347717285,787,602,103
631,22.5,50.5,45.94765720367432,787,548,87
632,22.5,51.5,46.179357814788816,787,562,103
633,22.5,52.5,45.939913749694824,787,555,105
634,22.5,53.5,45.80382776260376,787,551,107
635,22.5,54.5,45.85211811065674,787,550,111
636,22.5,55.5,46.039208030700685,787,534,112
637,22.5,56.5,45.65454397201538,787,530,114
638,22.5,57.5,44.82843189239502,787,534,112
639,22.5,58.5,44.51555576324463,787,531,121
640,22.5,59.5,38.872245979309085,787,505,114
641,22.5,60.5,30.040633773803712,787,542,115
642,22.5,61.5,29.680066776275634,787,599,105
643,22.5,62.5,29.651664638519286,787,651,99
644,22.5,63.5,29.705293655395508,787,678,87
645,22.5,64.5,29.74097623825073,787,671,85
646,22.5,65.5,29.780069160461426,787,709,90
647,22.5,66.5,29.803333473205566,787,714,89
648,22.5,67.5,29.785940647125244,787,685,84
649,22.5,68.5,29.746276664733887,787,722,87
650,22.5,69.5,32.97215433120728,787,579,114
651,23.5,20.5,40.11865119934082,787,471,95
652,23.5,21.5,39.99175424575806,787,498,106
653,23.5,22.5,40.04106340408325,787,491,98
654,23.5,23.5,40.044316387176515,787,545,104
655,23.5,24.5,40.14582691192627,787,559,109
656,23.5,25.5,38.54954433441162,787,518,104
657,23.5,26.5,37.58944845199585,787,483,110
658,23.5,27.5,39.64925689697266,787,464,103
659,23.5,28.5,41.08902540206909,787,476,101
660,23.5,29.5,41.967937755584714,787,494,106
661,23.5,30.5,42.70075511932373,787,476,105
662,23.5,31.5,42.32802734375,787,443,100
663,23.5,32.5,42.040492153167726,787,470,106
664,23.5,33.5,42.4617115020752,787,464,104
665,23.5,34.5,41.99348449707031,787,520,119
666,23.5,35.5,39.14785089492798,787,476,96
667,23.5,36.5,32.15748720169067,787,642,82
668,23.5,37.5,32.04918775558472,787,594,83
669,23.5,38.5,34.08987941741943,787,447,95
670,23.5,39.5,42.34317502975464,787,438,94
671,23.5,40.5,41.78977737426758,787,591,95
672,23.5,41.5,42.41144132614136,787,649,85
673,23.5,42.5,42.5441987991333,787,687,90
674,23.5,43.5,42.368808841705324,787,676,85
675,23.5,44.5,42.87568635940552,787,700,93
676,23.5,45.5,43.743340492248535,787,702,96
677,23.5,46.5,43.28836908340454,787,670,106
678,23.5,47.5,44.548634719848636,787,599,99
679,23.5,48.5,45.63056917190552,787,583,106
680,23.5,49.5,46.28620386123657,787,583,103
681,23.5,50.5,46.10494737625122,787,575,98
682,23.5,51.5,46.18481369018555,787,502,93
683,23.5,52.5,45.34274091720581,787,533,98
684,23.5,53.5,45.0224365234375,787,514,98
685,23.5,54.5,45.00077819824219,787,501,101
686,23.5,55.5,45.23625078201294,787,443,96
687,23.5,56.5,43.678916454315186,787,503,109
688,23.5,57.5,41.26120958328247,787,455,106
689,23.5,58.5,39.08877067565918,787,527,115
690,23.5,59.5,33.99303407669067,787,528,117
691,23.5,60.5,31.493621158599854,787,549,109
692,23.5,61.5,30.368857288360594,787,560,108
693,23.5,62.5,30.012815952301025,787,544,104
694,23.5,63.5,29.965998077392577,787,612,95
695,23.5,64.5,29.904122161865235,787,645,89
696,23.5,65.5,29.91240530014038,787,655,87
697,23.5,66.5,29.930438709259032,787,679,85
698,23.5,67.5,29.84528512954712,787,703,85
699,23.5,68.5,31.778468322753906,787,536,103
700,23.5,69.5,39.051155948638915,787,570,112
701,24.5,20.5,40.24341640472412,787,453,91
702,24.5,21.5,40.492014694213864,787,466,94
703,24.5,22.5,40.16520881652832,787,496,99
704,24.5,23.5,40.59693603515625,787,506,100
705,24.5,24.5,40.574480056762695,787,529,108
706,24.5,25.5,38.96978950500488,787,460,102
707,24.5,26.5,37.94878177642822,787,421,96
708,24.5,27.5,39.07851247787475,787,435,99
709,24.5,28.5,40.683264064788816,787,455,99
710,24.5,29.5,41.19051122665405,787,449,95
711,24.5,30.5,42.27276678085327,787,459,103
712,24.5,31.5,40.80893878936767,787,460,102
713,24.5,32.5,41.63109359741211,787,454,101
714,24.5,33.5,43.21981248855591,787,467,106
715,24.5,34.5,41.61173763275146,787,482,108
716,24.5,35.5,34.77563638687134,787,568,97
717,24.5,36.5,31.700919342041015,787,638,80
718,24.5,37.5,34.15551996231079,787,469,95
719,24.5,38.5,41.25631332397461,787,416,93
720,24.5,39.5,42.151373291015624,787,592,103
721,24.5,40.5,43.26979808807373,787,636,97
722,24.5,41.5,42.69090061187744,787,692,97
723,24.5,42.5,42.691017627716064,787,689,90
724,24.5,43.5,42.12383394241333,787,691,93
725,24.5,44.5,42.41367473602295,787,691,99
726,24.5,45.5,43.61969223022461,787,678,102
727,24.5,46.5,43.43507165908814,787,666,96
728,24.5,47.5,44.92906665802002,787,632,105
729,24.5,48.5,45.23838386535645,787,582,106
730,24.5,49.5,45.669782638549805,787,561,101
731,24.5,50.5,45.76807479858398,787,543,97
732,24.5,51.5,42.49671878814697,787,440,93
733,24.5,52.5,36.999966335296634,787,605,107
734,24.5,53.5,37.90154113769531,787,579,102
735,24.5,54.5,40.90589790344238,787,456,91
736,24.5,55.5,44.22927370071411,787,468,100
737,24.5,56.5,41.314404296875,787,457,107
738,24.5,57.5,35.31925010681152,787,501,114
739,24.5,58.5,33.80822114944458,787,537,112
740,24.5,59.5,33.12524728775024,787,544,118
741,24.5,60.5,32.15830373764038,787,555,119
742,24.5,61.5,31.210251998901366,787,564,117
743,24.5,62.5,30.72141304016113,787,544,107
744,24.5,63.5,30.46152400970459,787,561,105
745,24.5,64.5,30.3445463180542,787,579,104
746,24.5,65.5,30.22907238006592,787,598,102
747,24.5,66.5,30.099162292480468,787,616,90
748,24.5,67.5,34.24008331298828,787,462,106
749,24.5,68.5,40.868443393707274,787,542,106
750,24.5,69.5,41.74151277542114,787,577,111
751,25.5,20.5,40.43601732254028,787,413,92
752,25.5,21.5,40.700598049163816,787,426,91
753,25.5,22.5,40.76390438079834,787,459,90
754,25.5,23.5,40.56321125030517,787,481,99
755,25.5,24.5,40.69028873443604,787,452,100
756,25.5,25.5,39.71679162979126,787,398,91
757,25.5,26.5,39.130108547210696,787,382,88
758,25.5,27.5,39.68017406463623,787,372,85
759,25.5,28.5,41.00317296981812,787,417,92
760,25.5,29.5,40.696405029296876,787,434,96
761,25.5,30.5,41.402276611328126,787,426,98
762,25.5,31.5,39.991065979003906,787,439,100
763,25.5,32.5,41.368617153167726,787,436,95
764,25.5,33.5,42.13206930160523,787,467,106
765,25.5,34.5,38.30885620117187,787,446,95
766,25.5,35.5,31.42652130126953,787,612,79
767,25.5,36.5,31.74788942337036,787,574,89
768,25.5,37.5,39.18469467163086,787,442,102
769,25.5,38.5,43.37251272201538,787,539,103
770,25.5,39.5,42.27997760772705,787,628,110
771,25.5,40.5,41.17593650817871,787,660,93
772,25.5,41.5,42.42156381607056,787,693,89
773,25.5,42.5,43.57680873870849,787,694,90
774,25.5,43.5,43.21724328994751,787,661,94
775,25.5,44.5,43.601736068725586,787,674,95
776,25.5,45.5,43.62972640991211,787,680,98
777,25.5,46.5,43.91834573745727,787,662,99
778,25.5,47.5,44.41743459701538,787,645,100
779,25.5,48.5,45.19680347442627,787,610,106
780,25.5,49.5,45.8016411781311,787,555,104
781,25.5,50.5,41.54321174621582,787,494,96
782,25.5,51.5,40.981606006622314,787,507,100
783,25.5,52.5,35.16225299835205,787,578,101
784,25.5,53.5,34.77063665390015,787,550,93
785,25.5,54.5,35.01577854156494,787,506,85
786,25.5,55.5,39.17372350692749,787,490,95
787,25.5,56.5,37.46533203125,787,476,107
788,25.5,57.5,34.66949405670166,787,520,106
789,25.5,58.5,36.76817111968994,787,487,114
790,25.5,59.5,37.814651775360105,787,492,116
791,25.5,60.5,38.399537086486816,787,554,123
792,25.5,61.5,40.79571714401245,787,548,112
793,25.5,62.5,38.080513095855714,787,529,109
794,25.5,63.5,37.523817253112796,787,522,109
795,25.5,64.5,36.870398139953615,787,518,105
796,25.5,65.5,36.55980825424194,787,543,115
797,25.5,66.5,35.449624156951906,787,520,116
798,25.5,67.5,40.21442594528198,787,557,120
799,25.5,68.5,43.08153076171875,787,575,114
800,25.5,69.5,43.46659183502197,787,617,108
801,26.5,20.5,40.67830419540405,787,403,87
802,26.5,21.5,41.048283672332765,787,417,90
803,26.5,22.5,40.922094631195066,787,417,91
804,26.5,23.5,40.54392623901367,787,423,98
805,26.5,24.5,40.77855367660523,787,389,89
806,26.5,25.5,39.94779300689697,787,374,86
807,26.5,26.5,39.59390954971313,787,384,88
808,26.5,27.5,40.14804821014404,787,376,84
809,26.5,28.5,40.4343783378601,787,364,82
810,26.5,29.5,39.831922340393064,787,367,84
811,26.5,30.5,39.81194877624512,787,384,91
812,26.5,31.5,40.561629676818846,787,396,92
813,26.5,32.5,41.593020820617674,787,450,101
814,26.5,33.5,40.64908266067505,787,461,102
815,26.5,34.5,33.07637729644775,787,537,91
816,26.5,35.5,31.359545612335204,787,561,88
817,26.5,36.5,35.93120965957642,787,426,97
818,26.5,37.5,40.26516695022583,787,501,107
819,26.5,38.5,41.138797760009766,787,635,96
820,26.5,39.5,40.01067819595337,787,647,107
821,26.5,40.5,40.920452404022214,787,650,90
822,26.5,41.5,42.11936264038086,787,713,96
823,26.5,42.5,42.66471185684204,787,708,88
824,26.5,43.5,43.80751600265503,787,676,90
825,26.5,44.5,44.18986473083496,787,670,90
826,26.5,45.5,43.946947765350345,787,667,92
827,26.5,46.5,44.552889347076416,787,650,96
828,26.5,47.5,45.26725196838379,787,639,94
829,26.5,48.5,46.15975046157837,787,607,106
830,26.5,49.5,46.289916801452634,787,524,102
831,26.5,50.5,37.11592903137207,787,531,105
832,26.5,51.5,35.545917987823486,787,618,103
833,26.5,52.5,34.724940586090085,787,574,100
834,26.5,53.5,34.68205461502075,787,529,92
835,26.5,54.5,36.06265058517456,787,477,95
836,26.5,55.5,35.256771850585935,787,548,98
837,26.5,56.5,35.590480136871335,787,525,103
838,26.5,57.5,39.32841510772705,787,465,99
839,26.5,58.5,42.42558345794678,787,526,105
840,26.5,59.5,43.40918731689453,787,541,109
841,26.5,60.5,41.83591728210449,787,530,105
842,26.5,61.5,41.90482263565063,787,555,103
843,26.5,62.5,42.263895988464355,787,583,113
844,26.5,63.5,41.942395973205564,787,552,105
845,26.5,64.5,41.62588777542114,787,539,112
846,26.5,65.5,42.89001178741455,787,547,102
847,26.5,66.5,41.91278896331787,787,614,113
848,26.5,67.5,43.43277988433838,787,617,106
849,26.5,68.5,45.64234266281128,787,613,108
850,26.5,69.5,45.275776386260986,787,642,112
851,27.5,20.5,40.43098907470703,787,447,101
852,27.5,21.5,41.29424419403076,787,406,92
853,27.5,22.5,40.90820684432983,787,369,87
854,27.5,23.5,40.42427701950073,787,394,96
855,27.5,24.5,40.41675434112548,787,381,92
856,27.5,25.5,39.90763530731201,787,380,91
857,27.5,26.5,39.70066947937012,787,375,85
858,27.5,27.5,39.840485382080075,787,376,86
859,27.5,28.5,40.11848945617676,787,365,81
860,27.5,29.5,39.63059730529785,787,354,80
861,27.5,30.5,40.36934471130371,787,346,79
862,27.5,31.5,40.316894340515134,787,399,92
863,27.5,32.5,38.7993745803833,787,453,105
864,27.5,33.5,37.25468740463257,787,446,96
865,27.5,34.5,32.48258562088013,787,589,98
866,27.5,35.5,34.01875457763672,787,458,93
867,27.5,36.5,39.851275253295896,787,529,115
868,27.5,37.5,38.18027315139771,787,600,93
869,27.5,38.5,39.573020458221436,787,629,94
870,27.5,39.5,39.572223567962645,787,641,89
871,27.5,40.5,40.76887111663818,787,664,95
872,27.5,41.5,41.04494113922119,787,694,93
873,27.5,42.5,42.706100940704346,787,700,92
874,27.5,43.5,43.64079303741455,787,677,89
875,27.5,44.5,44.31337127685547,787,694,93
876,27.5,45.5,44.81420106887818,787,683,91
877,27.5,46.5,45.60891351699829,787,671,100
878,27.5,47.5,46.147213745117185,787,644,104
879,27.5,48.5,46.554725360870364,787,579,101
880,27.5,49.5,39.70399332046509,787,496,78
881,27.5,50.5,35.380956172943115,787,545,103
882,27.5,51.5,35.19428281784057,787,514,100
883,27.5,52.5,36.34453868865967,787,477,97
884,27.5,53.5,41.23552284240723,787,457,106
885,27.5,54.5,41.46137866973877,787,506,103
886,27.5,55.5,42.12600517272949,787,476,103
887,27.5,56.5,39.88329906463623,787,423,95
888,27.5,57.5,42.793273735046384,787,452,96
889,27.5,58.5,44.21273708343506,787,573,106
890,27.5,59.5,44.85885286331177,787,579,107
891,27.5,60.5,43.029978561401364,787,595,108
892,27.5,61.5,39.67892780303955,787,625,102
893,27.5,62.5,40.6044204711914,787,605,105
894,27.5,63.5,42.99691276550293,787,590,107
895,27.5,64.5,41.76560945510864,787,576,108
896,27.5,65.5,39.054870223999025,787,555,103
897,27.5,66.5,39.71190586090088,787,573,103
898,27.5,67.5,44.13621416091919,787,594,103
899,27.5,68.5,46.43841943740845,787,625,104
900,27.5,69.5,46.1091983795166,787,625,116
901,28.5,20.5,40.201642227172854,787,411,92
902,28.5,21.5,40.90384588241577,787,405,93
903,28.5,22.5,40.35413036346435,787,371,87
904,28.5,23.5,39.77771759033203,787,400,95
905,28.5,24.5,39.63537626266479,787,389,92
906,28.5,25.5,39.420543384552005,787,373,91
907,28.5,26.5,39.34610815048218,787,361,85
908,28.5,27.5,39.244200706481934,787,345,80
909,28.5,28.5,39.008563899993895,787,358,83
910,28.5,29.5,39.498489475250246,787,361,83
911,28.5,30.5,39.921748352050784,787,365,82
912,28.5,31.5,39.09585971832276,787,397,95
913,28.5,32.5,36.35938911437988,787,398,96
914,28.5,33.5,35.27568845748901,787,437,90
915,28.5,34.5,36.28328247070313,787,513,104
916,28.5,35.5,38.04433937072754,787,510,93
917,28.5,36.5,38.85331935882568,787,572,90
918,28.5,37.5,39.560176372528076,787,614,94
919,28.5,38.5,40.29904832839966,787,611,91
920,28.5,39.5,40.22153043746948,787,641,91
921,28.5,40.5,40.56861696243286,787,654,88
922,28.5,41.5,41.827969551086426,787,688,96
923,28.5,42.5,42.769378376007076,787,695,86
924,28.5,43.5,43.425337886810304,787,696,85
925,28.5,44.5,44.48071203231812,787,699,90
926,28.5,45.5,45.196254348754884,787,694,98
927,28.5,46.5,45.70723485946655,787,691,97
928,28.5,47.5,46.354239559173585,787,664,99
929,28.5,48.5,43.786698722839354,787,512,100
930,28.5,49.5,36.18899002075195,787,525,103
931,28.5,50.5,35.545122909545896,787,491,106
932,28.5,51.5,39.92838497161865,787,482,97
933,28.5,52.5,42.795455360412596,787,473,103
934,28.5,53.5,41.23071479797363,787,536,107
935,28.5,54.5,40.1556263923645,787,556,106
936,28.5,55.5,39.06275796890259,787,544,101
937,28.5,56.5,38.08845920562744,787,606,106
938,28.5,57.5,39.81263656616211,787,586,111
939,28.5,58.5,40.428560161590575,787,570,94
940,28.5,59.5,43.121863174438474,787,587,101
941,28.5,60.5,39.331054496765134,787,606,100
942,28.5,61.5,38.62126293182373,787,632,106
943,28.5,62.5,44.02587604522705,787,564,99
944,28.5,63.5,45.90412664413452,787,569,100
945,28.5,64.5,44.2100191116333,787,583,104
946,28.5,65.5,41.846010494232175,787,603,106
947,28.5,66.5,35.814624309539795,787,588,121
948,28.5,67.5,43.29310369491577,787,600,104
949,28.5,68.5,46.60100765228272,787,587,104
950,28.5,69.5,45.53507108688355,787,617,118
951,29.5,20.5,40.42290210723877,787,377,89
952,29.5,21.5,40.438991928100585,787,402,93
953,29.5,22.5,39.60676155090332,787,414,99
954,29.5,23.5,39.523802471160884,787,374,87
955,29.5,24.5,39.26192359924316,787,377,85
956,29.5,25.5,39.21158266067505,787,384,90
957,29.5,26.5,39.48945684432984,787,384,91
958,29.5,27.5,40.136756896972656,787,371,88
959,29.5,28.5,38.806518363952634,787,355,82
960,29.5,29.5,38.08525037765503,787,351,82
961,29.5,30.5,38.80002937316895,787,352,83
962,29.5,31.5,38.515279388427736,787,374,88
963,29.5,32.5,35.60919704437256,787,429,90
964,29.5,33.5,34.98572120666504,787,425,89
965,29.5,34.5,34.71848516464233,787,452,96
966,29.5,35.5,36.38245363235474,787,540,99
967,29.5,36.5,38.76486473083496,787,605,98
968,29.5,37.5,38.92109594345093,787,611,97
969,29.5,38.5,40.88987951278686,787,587,94
970,29.5,39.5,41.10028591156006,787,644,97
971,29.5,40.5,41.8038607597351,787,669,94
972,29.5,41.5,42.45524730682373,787,693,97
973,29.5,42.5,43.33926267623901,787,698,96
974,29.5,43.5,43.95634460449219,787,674,90
975,29.5,44.5,44.77652044296264,787,706,94
976,29.5,45.5,45.40620203018189,787,684,98
977,29.5,46.5,45.825981044769286,787,672,98
978,29.5,47.5,46.80390396118164,787,608,100
979,29.5,48.5,39.85891599655152,787,475,107
980,29.5,49.5,36.554319286346434,787,462,97
981,29.5,50.5,37.204251766204834,787,410,92
982,29.5,51.5,42.68349256515503,787,474,103
983,29.5,52.5,37.01038904190064,787,628,104
984,29.5,53.5,37.0853494644165,787,660,85
985,29.5,54.5,36.35491857528687,787,678,87
986,29.5,55.5,36.79854164123535,787,690,96
987,29.5,56.5,32.969286632537845,787,657,86
988,29.5,57.5,31.83701162338257,787,670,92
989,29.5,58.5,42.452252292633055,787,622,112
990,29.5,59.5,46.22966346740723,787,627,107
991,29.5,60.5,38.092803955078125,787,635,101
992,29.5,61.5,41.190243816375734,787,550,98
993,29.5,62.5,42.899759674072264,787,563,101
994,29.5,63.5,40.848093032836914,787,589,114
995,29.5,64.5,41.914113998413086,787,587,102
996,29.5,65.5,42.790612602233885,787,580,105
997,29.5,66.5,36.245886421203615,787,595,107
998,29.5,67.5,40.3849720954895,787,589,109
999,29.5,68.5,44.02081413269043,787,599,109
1000,29.5,69.5,41.417623138427736,787,594,107
1001,30.5,20.5,39.05285940170288,787,389,89
1002,30.5,21.5,39.81332225799561,787,450,101
1003,30.5,22.5,39.748563289642334,787,450,99
1004,30.5,23.5,39.43227529525757,787,423,90
1005,30.5,24.5,38.685897731781004,787,400,85
1006,30.5,25.5,38.14119300842285,787,383,82
1007,30.5,26.5,37.3173885345459,787,360,85
1008,30.5,27.5,37.42073497772217,787,346,84
1009,30.5,28.5,37.166308116912845,787,338,81
1010,30.5,29.5,36.295383548736574,787,312,76
1011,30.5,30.5,37.652676773071285,787,339,80
1012,30.5,31.5,38.52490339279175,787,426,85
1013,30.5,32.5,37.64211711883545,787,377,84
1014,30.5,33.5,35.51487970352173,787,350,80
1015,30.5,34.5,35.76344718933105,787,346,76
1016,30.5,35.5,36.19933023452759,787,460,93
1017,30.5,36.5,37.277501010894774,787,555,101
1018,30.5,37.5,39.38690576553345,787,564,99
1019,30.5,38.5,41.47461910247802,787,588,99
1020,30.5,39.5,41.18081684112549,787,670,97
1021,30.5,40.5,41.755248069763184,787,676,92
1022,30.5,41.5,43.01170654296875,787,672,92
1023,30.5,42.5,44.017561721801755,787,651,89
1024,30.5,43.5,44.343378162384035,787,655,89
1025,30.5,44.5,44.90986022949219,787,661,88
1026,30.5,45.5,46.17609243392944,787,678,98
1027,30.5,46.5,47.26656055450439,787,659,102
1028,30.5,47.5,48.04681930541992,787,603,102
1029,30.5,48.5,46.99461870193481,787,503,103
1030,30.5,49.5,44.644740390777585,787,464,106
1031,30.5,50.5,43.87725172042847,787,494,104
1032,30.5,51.5,36.737945556640625,787,599,121
1033,30.5,52.5,33.514416408538814,787,698,88
1034,30.5,53.5,34.741568088531494,787,703,84
1035,30.5,54.5,37.34244079589844,787,697,85
1036,30.5,55.5,36.35344696044922,787,663,86
1037,30.5,56.5,36.29659814834595,787,674,90
1038,30.5,57.5,36.5992525100708,787,671,108
1039,30.5,58.5,47.6398003578186,787,622,108
1040,30.5,59.5,44.98696308135986,787,628,107
1041,30.5,60.5,40.17914600372315,787,593,100
1042,30.5,61.5,45.31061687469482,787,565,100
1043,30.5,62.5,45.151593112945555,787,601,109
1044,30.5,63.5,44.11357746124268,787,583,106
1045,30.5,64.5,43.06430635452271,787,593,105
1046,30.5,65.5,42.04553451538086,787,591,111
1047,30.5,66.5,38.75466222763061,787,602,111
1048,30.5,67.5,34.17125940322876,787,587,123
1049,30.5,68.5,36.92544078826904,787,576,113
1050,30.5,69.5,38.23292179107666,787,593,115
1051,31.5,20.5,36.79990634918213,787,435,95
1052,31.5,21.5,39.21630001068115,787,455,95
1053,31.5,22.5,39.00013246536255,787,420,95
1054,31.5,23.5,38.100044059753415,787,375,87
1055,31.5,24.5,36.44939994812011,787,335,82
1056,31.5,25.5,33.03204860687256,787,290,70
1057,31.5,26.5,31.951331329345702,787,318,74
1058,31.5,27.5,30.07535772323608,787,374,74
1059,31.5,28.5,28.86886348724365,787,502,73
1060,31.5,29.5,27.923602199554445,787,550,65
1061,31.5,30.5,31.16369171142578,787,394,77
1062,31.5,31.5,32.7984393119812,787,444,78
1063,31.5,32.5,30.334970092773435,787,501,83
1064,31.5,33.5,29.78785820007324,787,479,69
1065,31.5,34.5,32.53370628356934,787,323,68
1066,31.5,35.5,36.61459560394287,787,438,90
1067,31.5,36.5,36.67669801712036,787,527,100
1068,31.5,37.5,39.92054443359375,787,562,99
1069,31.5,38.5,40.26996669769287,787,605,97
1070,31.5,39.5,40.379244041442874,787,626,98
1071,31.5,40.5,41.16422128677368,787,643,89
1072,31.5,41.5,43.037265110015866,787,661,89
1073,31.5,42.5,44.24584045410156,787,672,98
1074,31.5,43.5,44.470386028289795,787,674,96
1075,31.5,44.5,46.06531753540039,787,690,103
1076,31.5,45.5,47.75468664169311,787,690,108
1077,31.5,46.5,48.31666841506958,787,648,102
1078,31.5,47.5,48.64279041290283,787,607,103
1079,31.5,48.5,48.5975959777832,787,547,105
1080,31.5,49.5,46.60081567764282,787,505,106
1081,31.5,50.5,36.56885986328125,787,604,111
1082,31.5,51.5,32.30032539367676,787,699,91
1083,31.5,52.5,34.71242694854736,787,690,89
1084,31.5,53.5,38.07858953475952,787,701,86
1085,31.5,54.5,36.99090814590454,787,671,93
1086,31.5,55.5,40.02696008682251,787,656,95
1087,31.5,56.5,37.01355562210083,787,642,104
1088,31.5,57.5,44.18630609512329,787,626,110
1089,31.5,58.5,46.237903118133545,787,643,109
1090,31.5,59.5,41.78558397293091,787,643,108
1091,31.5,60.5,41.02366619110107,787,559,107
1092,31.5,61.5,45.05758552551269,787,574,109
1093,31.5,62.5,45.780406856536864,787,610,102
1094,31.5,63.5,44.4896017074585,787,606,106
1095,31.5,64.5,43.55833234786987,787,619,110
1096,31.5,65.5,41.658664321899415,787,620,118
1097,31.5,66.5,39.06442241668701,787,612,112
1098,31.5,67.5,34.11765632629395,787,615,114
1099,31.5,68.5,34.64405193328857,787,545,116
1100,31.5,69.5,36.192892456054686,787,539,106
1101,32.5,20.5,31.804721736907958,787,376,85
1102,32.5,21.5,35.01856260299682,787,412,91
1103,32.5,22.5,35.977415561676025,787,387,91
1104,32.5,23.5,31.328376483917236,787,282,65
1105,32.5,24.5,27.85710096359253,787,457,78
1106,32.5,25.5,27.368506622314452,787,598,86
1107,32.5,26.5,27.37211675643921,787,621,78
1108,32.5,27.5,27.37997541427612,787,648,75
1109,32.5,28.5,27.17569408416748,787,678,68
1110,32.5,29.5,27.094936561584472,787,677,59
1111,32.5,30.5,27.18116874694824,787,663,61
1112,32.5,31.5,27.370592880249024,787,650,67
1113,32.5,32.5,27.630952548980712,787,660,80
1114,32.5,33.5,27.852852725982665,787,661,82
1115,32.5,34.5,28.529370498657226,787,595,75
1116,32.5,35.5,35.88349714279175,787,398,88
1117,32.5,36.5,36.12170743942261,787,529,100
1118,32.5,37.5,39.255220413208,787,629,104
1119,32.5,38.5,39.53887462615967,787,611,100
1120,32.5,39.5,39.40800266265869,787,617,95
1121,32.5,40.5,40.68385457992554,787,656,97
1122,32.5,41.5,42.37486877441406,787,655,96
1123,32.5,42.5,43.89824419021606,787,654,100
1124,32.5,43.5,44.14338445663452,787,642,94
1125,32.5,44.5,47.147356796264646,787,666,101
1126,32.5,45.5,47.98933296203613,787,652,106
1127,32.5,46.5,48.050858116149904,787,610,108
1128,32.5,47.5,47.03175172805786,787,599,104
1129,32.5,48.5,46.723007392883304,787,560,107
1130,32.5,49.5,39.90011053085327,787,549,109
1131,32.5,50.5,31.587354755401613,787,686,99
1132,32.5,51.5,35.974449157714844,787,677,89
1133,32.5,52.5,38.25113639831543,787,683,101
1134,32.5,53.5,38.76710138320923,787,647,103
1135,32.5,54.5,40.41189613342285,787,622,107
1136,32.5,55.5,40.96123647689819,787,595,100
1137,32.5,56.5,41.48865385055542,787,599,100
1138,32.5,57.5,43.30468416213989,787,637,107
1139,32.5,58.5,43.1009804725647,787,629,107
1140,32.5,59.5,36.549258422851565,787,617,119
1141,32.5,60.5,37.835811138153076,787,480,97
1142,32.5,61.5,44.002485847473146,787,568,109
1143,32.5,62.5,44.44238328933716,787,630,103
1144,32.5,63.5,41.868754386901855,787,626,106
1145,32.5,64.5,39.54568462371826,787,604,111
1146,32.5,65.5,38.696498203277585,787,607,111
1147,32.5,66.5,35.21507749557495,787,598,109
1148,32.5,67.5,34.162210083007814,787,618,110
1149,32.5,68.5,33.50860233306885,787,591,122
1150,32.5,69.5,33.31178827285766,787,580,114
1151,33.5,20.5,27.63462257385254,787,588,74
1152,33.5,21.5,27.47905263900757,787,571,77
1153,33.5,22.5,27.110823726654054,787,546,76
1154,33.5,23.5,26.844331550598145,787,615,82
1155,33.5,24.5,27.01563377380371,787,595,87
1156,33.5,25.5,27.273784637451172,787,650,83
1157,33.5,26.5,27.34891004562378,787,665,83
1158,33.5,27.5,27.07090072631836,787,665,79
1159,33.5,28.5,26.840560054779054,787,688,68
1160,33.5,29.5,26.857716369628907,787,658,66
1161,33.5,30.5,27.130387115478516,787,650,69
1162,33.5,31.5,27.455934524536133,787,628,85
1163,33.5,32.5,27.77451515197754,787,605,84
1164,33.5,33.5,27.975190734863283,787,629,84
1165,33.5,34.5,28.06999340057373,787,627,74
1166,33.5,35.5,30.63667058944702,787,508,98
1167,33.5,36.5,36.239830780029294,787,615,107
1168,33.5,37.5,38.83482885360718,787,604,104
1169,33.5,38.5,38.69362096786499,787,580,102
1170,33.5,39.5,39.23850030899048,787,582,102
1171,33.5,40.5,40.64639873504639,787,622,95
1172,33.5,41.5,42.01566143035888,787,624,95
1173,33.5,42.5,43.806872272491454,787,623,100
1174,33.5,43.5,45.10000171661377,787,625,100
1175,33.5,44.5,47.32761402130127,787,660,105
1176,33.5,45.5,47.43552742004395,787,648,109
1177,33.5,46.5,41.654062843322755,787,630,110
1178,33.5,47.5,39.40547142028809,787,612,109
1179,33.5,48.5,37.18441181182861,787,637,105
1180,33.5,49.5,33.51009311676025,787,639,100
1181,33.5,50.5,33.91953229904175,787,685,101
1182,33.5,51.5,35.114854431152345,787,640,98
1183,33.5,52.5,38.16035194396972,787,635,104
1184,33.5,53.5,41.06959285736084,787,598,98
1185,33.5,54.5,42.03399391174317,787,596,108
1186,33.5,55.5,43.00086574554443,787,589,109
1187,33.5,56.5,42.36741189956665,787,600,101
1188,33.5,57.5,41.33986282348633,787,633,114
1189,33.5,58.5,39.01876354217529,787,587,120
1190,33.5,59.5,34.144064807891844,787,511,110
1191,33.5,60.5,38.4501088142395,787,505,101
1192,33.5,61.5,40.768483352661136,787,533,107
1193,33.5,62.5,38.896687030792236,787,603,110
1194,33.5,63.5,34.43448905944824,787,644,115
1195,33.5,64.5,30.510092163085936,787,636,108
1196,33.5,65.5,32.586585998535156,787,664,115
1197,33.5,66.5,31.299552154541015,787,643,113
1198,33.5,67.5,27.21415548324585,787,652,121
1199,33.5,68.5,31.184154224395748,787,608,123
1200,33.5,69.5,29.642015838623045,787,556,115
1201,34.5,20.5,27.50278148651123,787,648,71
1202,34.5,21.5,27.26766195297241,787,650,72
1203,34.5,22.5,26.94413251876831,787,631,76
1204,34.5,23.5,26.85383520126343,787,662,93
1205,34.5,24.5,27.326102542877194,787,624,90
1206,34.5,25.5,27.71168394088745,787,614,91
1207,34.5,26.5,27.212367439270018,787,668,90
1208,34.5,27.5,26.59121217727661,787,679,72
1209,34.5,28.5,26.57606620788574,787,658,79
1210,34.5,29.5,27.045015239715575,787,590,82
1211,34.5,30.5,27.63989372253418,787,567,92
1212,34.5,31.5,28.01155138015747,787,580,88
1213,34.5,32.5,28.40922842025757,787,595,98
1214,34.5,33.5,28.71841878890991,787,590,101
1215,34.5,34.5,28.2658034324646,787,651,95
1216,34.5,35.5,28.426941776275633,787,620,97
1217,34.5,36.5,32.983446311950686,787,552,106
1218,34.5,37.5,36.55605754852295,787,582,105
1219,34.5,38.5,38.786471080780025,787,600,106
1220,34.5,39.5,40.12823820114136,787,597,105
1221,34.5,40.5,41.69262800216675,787,604,110
1222,34.5,41.5,42.771731281280516,787,607,103
1223,34.5,42.5,43.96397352218628,787,630,103
1224,34.5,43.5,44.53254776000976,787,586,96
1225,34.5,44.5,46.79614992141724,787,612,104
1226,34.5,45.5,45.50554885864258,787,609,109
1227,34.5,46.5,37.558753681182864,787,624,101
1228,34.5,47.5,36.94322166442871,787,649,102
1229,34.5,48.5,35.778843593597415,787,629,101
1230,34.5,49.5,35.509157466888425,787,635,104
1231,34.5,50.5,36.381864070892334,787,587,107
1232,34.5,51.5,40.424282455444335,787,602,115
1233,34.5,52.5,41.50876893997192,787,606,106
1234,34.5,53.5,43.124520206451415,787,591,99
1235,34.5,54.5,42.375482845306394,787,620,112
1236,34.5,55.5,43.72152156829834,787,588,105
1237,34.5,56.5,43.44785394668579,787,607,112
1238,34.5,57.5,41.84946432113647,787,613,118
1239,34.5,58.5,38.39921026229858,787,582,119
1240,34.5,59.5,39.15932950973511,787,565,114
1241,34.5,60.5,38.64677143096924,787,519,104
1242,34.5,61.5,38.287507152557374,787,507,99
1243,34.5,62.5,34.43909864425659,787,520,101
1244,34.5,63.5,29.291645812988282,787,497,93
1245,34.5,64.5,26.9037278175354,787,539,101
1246,34.5,65.5,26.19569683074951,787,594,103
1247,34.5,66.5,25.62442102432251,787,634,107
1248,34.5,67.5,24.541847705841064,787,614,110
1249,34.5,68.5,26.17701482772827,787,607,114
1250,34.5,69.5,31.02573709487915,787,547,120
1251,35.5,20.5,27.401390743255615,787,691,80
1252,35.5,21.5,27.221325874328613,787,691,86
1253,35.5,22.5,27.107074356079103,787,696,91
1254,35.5,23.5,27.43703689575195,787,652,98
1255,35.5,24.5,27.940154457092284,787,527,103
1256,35.5,25.5,29.484170627593993,787,488,98
1257,35.5,26.5,26.517074871063233,787,652,97
1258,35.5,27.5,26.494131088256836,787,638,88
1259,35.5,28.5,27.359510135650634,787,590,92
1260,35.5,29.5,27.990447425842284,787,572,89
1261,35.5,30.5,28.81535053253174,787,523,93
1262,35.5,31.5,28.889763259887694,787,576,100
1263,35.5,32.5,29.346610736846923,787,583,101
1264,35.5,33.5,32.72084035873413,787,587,106
1265,35.5,34.5,28.741848087310792,787,651,100
1266,35.5,35.5,28.514284133911133,787,640,92
1267,35.5,36.5,35.08065299987793,787,509,106
1268,35.5,37.5,38.70786943435669,787,562,104
1269,35.5,38.5,38.91814632415772,787,600,113
1270,35.5,39.5,40.343830299377444,787,621,117
1271,35.5,40.5,42.64488334655762,787,583,107
1272,35.5,41.5,43.36845254898071,787,589,106
1273,35.5,42.5,44.113655757904056,787,612,108
1274,35.5,43.5,45.38422470092773,787,605,107
1275,35.5,44.5,44.85134267807007,787,594,106
1276,35.5,45.5,41.40215330123901,787,622,110
1277,35.5,46.5,36.45611019134522,787,650,116
1278,35.5,47.5,35.67187633514404,787,654,113
1279,35.5,48.5,36.22282257080078,787,657,112
1280,35.5,49.5,34.668104839324954,787,579,104
1281,35.5,50.5,37.79011840820313,787,568,97
1282,35.5,51.5,39.18149766921997,787,617,106
1283,35.5,52.5,36.00310382843018,787,636,108
1284,35.5,53.5,37.50232124328613,787,600,98
1285,35.5,54.5,39.660874652862546,787,604,102
1286,35.5,55.5,41.519753742218015,787,634,110
1287,35.5,56.5,42.13371114730835,787,626,109
1288,35.5,57.5,39.41125316619873,787,634,118
1289,35.5,58.5,37.37106809616089,787,616,121
1290,35.5,59.5,34.621644115448,787,506,101
1291,35.5,60.5,34.261425495147705,787,462,100
1292,35.5,61.5,37.63264980316162,787,518,100
1293,35.5,62.5,37.75868215560913,787,574,102
1294,35.5,63.5,35.686461734771726,787,571,101
1295,35.5,64.5,29.14048824310303,787,568,112
1296,35.5,65.5,24.771944332122803,787,517,106
1297,35.5,66.5,22.77502384185791,787,535,97
1298,35.5,67.5,22.455591869354247,787,540,102
1299,35.5,68.5,24.938741874694824,787,586,99
1300,35.5,69.5,24.74128465652466,787,587,108
1301,36.5,20.5,27.337565612792968,787,702,80
1302,36.5,21.5,27.26081190109253,787,705,88
1303,36.5,22.5,27.695705032348634,787,654,94
1304,36.5,23.5,28.325690746307373,787,629,93
1305,36.5,24.5,26.84053726196289,787,662,82
1306,36.5,25.5,26.080053520202636,787,679,87
1307,36.5,26.5,26.24824924468994,787,615,93
1308,36.5,27.5,27.039430332183837,787,575,99
1309,36.5,28.5,28.991554069519044,787,554,95
1310,36.5,29.5,31.10181541442871,787,588,110
1311,36.5,30.5,30.918486404418946,787,571,112
1312,36.5,31.5,31.07749681472778,787,531,102
1313,36.5,32.5,29.62271614074707,787,615,118
1314,36.5,33.5,31.820799541473388,787,558,103
1315,36.5,34.5,29.35941114425659,787,630,102
1316,36.5,35.5,29.70956039428711,787,582,105
1317,36.5,36.5,35.01936264038086,787,515,100
1318,36.5,37.5,39.45454092025757,787,629,117
1319,36.5,38.5,41.1137149810791,787,612,113
1320,36.5,39.5,42.04565315246582,787,583,109
1321,36.5,40.5,42.31101531982422,787,582,110
1322,36.5,41.5,42.75013885498047,787,582,116
1323,36.5,42.5,43.53567018508911,787,598,106
1324,36.5,43.5,43.72642526626587,787,584,103
1325,36.5,44.5,40.62812881469726,787,608,103
1326,36.5,45.5,35.80080404281616,787,643,103
1327,36.5,46.5,35.689953517913814,787,614,103
1328,36.5,47.5,33.8046332359314,787,620,110
1329,36.5,48.5,34.37068357467651,787,545,101
1330,36.5,49.5,32.50336112976074,787,386,86
1331,36.5,50.5,31.08149061203003,787,563,109
1332,36.5,51.5,25.738603115081787,787,560,103
1333,36.5,52.5,27.450989723205563,787,482,95
1334,36.5,53.5,30.06869821548462,787,469,86
1335,36.5,54.5,31.465942668914796,787,537,98
1336,36.5,55.5,34.73302431106568,787,485,95
1337,36.5,56.5,39.17722826004028,787,562,101
1338,36.5,57.5,37.83614978790283,787,600,113
1339,36.5,58.5,35.20640125274658,787,554,107
1340,36.5,59.5,32.87582349777222,787,510,103
1341,36.5,60.5,37.06982660293579,787,451,94
1342,36.5,61.5,40.71038846969604,787,493,95
1343,36.5,62.5,40.46235942840576,787,518,99
1344,36.5,63.5,38.71855897903443,787,538,96
1345,36.5,64.5,38.305153942108156,787,586,114
1346,36.5,65.5,37.57944269180298,787,570,112
1347,36.5,66.5,36.24732656478882,787,583,104
1348,36.5,67.5,33.43909454345703,787,603,110
1349,36.5,68.5,36.27818660736084,787,607,114
1350,36.5,69.5,31.267183208465575,787,596,108
1351,37.5,20.5,27.123272705078126,787,704,84
1352,37.5,21.5,29.863584899902342,787,678,105
1353,37.5,22.5,32.76780681610107,787,568,115
1354,37.5,23.5,30.241436004638672,787,572,107
1355,37.5,24.5,27.598778343200685,787,644,95
1356,37.5,25.5,25.93326711654663,787,663,88
1357,37.5,26.5,26.556541156768798,787,583,98
1358,37.5,27.5,31.75828676223755,787,588,109
1359,37.5,28.5,35.43189582824707,787,618,115
1360,37.5,29.5,32.77096118927002,787,622,98
1361,37.5,30.5,32.764995861053464,787,564,107
1362,37.5,31.5,31.88797960281372,787,564,105
1363,37.5,32.5,31.253637027740478,787,579,103
1364,37.5,33.5,33.052132797241214,787,567,107
1365,37.5,34.5,29.720875644683836,787,615,108
1366,37.5,35.5,33.815371894836424,787,605,105
1367,37.5,36.5,34.91417856216431,787,599,106
1368,37.5,37.5,37.351756477355956,787,632,116
1369,37.5,38.5,40.26061363220215,787,638,117
1370,37.5,39.5,40.52125234603882,787,580,111
1371,37.5,40.5,40.526967430114745,787,598,116
1372,37.5,41.5,40.22384166717529,787,602,114
1373,37.5,42.5,38.74907474517822,787,635,118
1374,37.5,43.5,32.32882032394409,787,643,114
1375,37.5,44.5,31.356466007232665,787,664,106
1376,37.5,45.5,32.38702478408813,787,564,94
1377,37.5,46.5,33.5379843711853,787,604,97
1378,37.5,47.5,33.725848484039304,787,572,98
1379,37.5,48.5,31.67675323486328,787,452,89
1380,37.5,49.5,29.41852798461914,787,617,108
1381,37.5,50.5,28.72767381668091,787,628,91
1382,37.5,51.5,29.03965368270874,787,635,90
1383,37.5,52.5,29.45483112335205,787,628,92
1384,37.5,53.5,30.30113286972046,787,581,86
1385,37.5,54.5,37.48290576934814,787,418,72
1386,37.5,55.5,36.60298910140991,787,499,101
1387,37.5,56.5,34.626261138916014,787,517,103
1388,37.5,57.5,33.38398885726929,787,533,100
1389,37.5,58.5,30.912629318237304,787,473,97
1390,37.5,59.5,36.20717763900757,787,453,99
1391,37.5,60.5,41.33937397003174,787,535,110
1392,37.5,61.5,41.29363307952881,787,553,100
1393,37.5,62.5,40.9887508392334,787,539,103
1394,37.5,63.5,41.35936822891235,787,509,102
1395,37.5,64.5,42.052883529663085,787,541,109
1396,37.5,65.5,42.42832117080688,787,550,111
1397,37.5,66.5,40.992142581939696,787,566,114
1398,37.5,67.5,41.642009544372556,787,600,114
1399,37.5,68.5,40.75892419815064,787,590,112
1400,37.5,69.5,38.85436038970947,787,616,103
1401,38.5,20.5,26.82147331237793,787,665,86
1402,38.5,21.5,31.600002670288085,787,644,104
1403,38.5,22.5,31.240570640563966,787,556,113
1404,38.5,23.5,33.750792503356934,787,476,102
1405,38.5,24.5,28.807477378845213,787,486,93
1406,38.5,25.5,26.12427635192871,787,628,91
1407,38.5,26.5,28.63508071899414,787,591,100
1408,38.5,27.5,35.82793607711792,787,555,102
1409,38.5,28.5,35.6658842086792,787,618,101
1410,38.5,29.5,34.857786369323726,787,632,99
1411,38.5,30.5,31.75681104660034,787,617,100
1412,38.5,31.5,31.831531047821045,787,585,108
1413,38.5,32.5,33.325845623016356,787,538,107
1414,38.5,33.5,33.38708944320678,787,549,107
1415,38.5,34.5,32.37651662826538,787,572,109
1416,38.5,35.5,31.356270027160644,787,600,114
1417,38.5,36.5,30.00821256637573,787,623,111
1418,38.5,37.5,32.01917839050293,787,635,110
1419,38.5,38.5,35.22382564544678,787,609,102
1420,38.5,39.5,36.69030294418335,787,620,114
1421,38.5,40.5,37.89597616195679,787,638,114
1422,38.5,41.5,36.02022361755371,787,653,116
1423,38.5,42.5,31.03759899139404,787,652,107
1424,38.5,43.5,28.514033794403076,787,662,100
1425,38.5,44.5,28.34587182998657,787,625,102
1426,38.5,45.5,34.05598316192627,787,629,102
1427,38.5,46.5,30.969271755218504,787,579,105
1428,38.5,47.5,29.63800640106201,787,536,99
1429,38.5,48.5,28.593320083618163,787,511,99
1430,38.5,49.5,28.74948959350586,787,663,93
1431,38.5,50.5,28.772838878631593,787,623,90
1432,38.5,51.5,28.982244873046874,787,658,90
1433,38.5,52.5,29.857964706420898,787,614,81
1434,38.5,53.5,31.524303531646726,787,533,92
1435,38.5,54.5,39.43759765625,787,444,89
1436,38.5,55.5,40.16482458114624,787,446,92
1437,38.5,56.5,37.449341773986816,787,470,102
1438,38.5,57.5,36.8796802520752,787,486,96
1439,38.5,58.5,40.85264825820923,787,469,100
1440,38.5,59.5,41.962667846679686,787,502,102
1441,38.5,60.5,41.89766778945923,787,521,105
1442,38.5,61.5,41.642005443573,787,526,109
1443,38.5,62.5,41.68045558929443,787,512,107
1444,38.5,63.5,41.729007720947266,787,498,101
1445,38.5,64.5,42.050767993927,787,529,105
1446,38.5,65.5,41.11927795410156,787,574,104
1447,38.5,66.5,35.633451747894284,787,637,101
1448,38.5,67.5,30.552613162994383,787,640,107
1449,38.5,68.5,33.16852245330811,787,665,96
1450,38.5,69.5,32.45503644943237,787,643,98
1451,39.5,20.5,29.74827461242676,787,660,98
1452,39.5,21.5,31.64339561462402,787,631,115
1453,39.5,22.5,34.48712701797485,787,523,109
1454,39.5,23.5,28.16524076461792,787,552,91
1455,39.5,24.5,26.932536125183105,787,644,97
1456,39.5,25.5,26.423283100128174,787,626,96
1457,39.5,26.5,29.46634187698364,787,619,113
1458,39.5,27.5,33.12513628005981,787,492,102
1459,39.5,28.5,32.52268915176391,787,526,106
1460,39.5,29.5,31.939890098571777,787,609,110
1461,39.5,30.5,31.997588157653805,787,597,110
1462,39.5,31.5,33.958684825897215,787,585,104
1463,39.5,32.5,34.377496528625485,787,583,107
1464,39.5,33.5,34.06646680831909,787,595,113
1465,39.5,34.5,33.84989013671875,787,549,111
1466,39.5,35.5,32.64118194580078,787,524,110
1467,39.5,36.5,30.621380233764647,787,552,108
1468,39.5,37.5,30.722640323638917,787,591,105
1469,39.5,38.5,31.822565364837647,787,622,110
1470,39.5,39.5,30.84697046279907,787,634,108
1471,39.5,40.5,30.691032028198244,787,668,103
1472,39.5,41.5,29.18635673522949,787,668,100
1473,39.5,42.5,30.58312044143677,787,674,98
1474,39.5,43.5,27.908652973175048,787,665,99
1475,39.5,44.5,29.835446643829346,787,613,94
1476,39.5,45.5,32.87710161209106,787,600,102
1477,39.5,46.5,27.74348220825195,787,537,105
1478,39.5,47.5,34.40992336273193,787,627,109
1479,39.5,48.5,35.678417873382564,787,590,100
1480,39.5,49.5,31.254905033111573,787,619,102
1481,39.5,50.5,29.004298782348634,787,619,101
1482,39.5,51.5,29.078634643554686,787,589,92
1483,39.5,52.5,30.108833217620848,787,586,80
1484,39.5,53.5,34.59423723220825,787,535,99
1485,39.5,54.5,40.13995494842529,787,486,106
1486,39.5,55.5,40.71534357070923,787,502,104
1487,39.5,56.5,41.42886056900024,787,513,95
1488,39.5,57.5,41.833541011810304,787,507,98
1489,39.5,58.5,41.67615423202515,787,493,95
1490,39.5,59.5,41.44483642578125,787,513,100
1491,39.5,60.5,41.193222999572754,787,535,113
1492,39.5,61.5,40.92808351516724,787,510,111
1493,39.5,62.5,41.13684730529785,787,492,106
1494,39.5,63.5,41.03155193328857,787,529,110
1495,39.5,64.5,41.33668384552002,787,539,111
1496,39.5,65.5,40.56421051025391,787,577,115
1497,39.5,66.5,37.16441831588745,787,611,94
1498,39.5,67.5,30.26282329559326,787,587,103
1499,39.5,68.5,22.706947231292723,787,642,114
1500,39.5,69.5,20.252705574035645,787,641,110
1501,40.5,20.5,30.266975688934327,787,662,112
1502,40.5,21.5,31.411353111267086,787,596,117
1503,40.5,22.5,31.66540699005127,787,576,108
1504,40.5,23.5,31.421725940704345,787,594,98
1505,40.5,24.5,27.92101821899414,787,698,96
1506,40.5,25.5,28.00445690155029,787,668,93
1507,40.5,26.5,30.8707688331604,787,587,97
1508,40.5,27.5,30.262475204467773,787,485,90
1509,40.5,28.5,29.53970947265625,787,522,93
1510,40.5,29.5,30.614589118957518,787,503,93
1511,40.5,30.5,31.475538063049317,787,504,98
1512,40.5,31.5,30.89679412841797,787,566,105
1513,40.5,32.5,30.965418815612793,787,587,108
1514,40.5,33.5,32.50587158203125,787,550,105
1515,40.5,34.5,33.88527870178223,787,504,105
1516,40.5,35.5,32.14414367675781,787,456,99
1517,40.5,36.5,30.40290298461914,787,397,86
1518,40.5,37.5,27.601777458190917,787,469,95
1519,40.5,38.5,27.37485971450805,787,527,98
1520,40.5,39.5,26.91195468902588,787,548,107
1521,40.5,40.5,26.28426866531372,787,538,94
1522,40.5,41.5,26.391568088531493,787,576,95
1523,40.5,42.5,27.051798248291014,787,615,96
1524,40.5,43.5,28.343627929687496,787,628,95
1525,40.5,44.5,28.87104902267456,787,606,103
1526,40.5,45.5,23.861805820465086,787,571,105
1527,40.5,46.5,27.812585735321044,787,634,110
1528,40.5,47.5,37.16004228591919,787,656,104
1529,40.5,48.5,35.64321231842041,787,640,108
1530,40.5,49.5,32.72750816345215,787,569,105
1531,40.5,50.5,28.963026618957517,787,581,102
1532,40.5,51.5,28.80522232055664,787,627,105
1533,40.5,52.5,30.355329322814942,787,596,93
1534,40.5,53.5,37.95811491012573,787,526,97
1535,40.5,54.5,39.108913803100585,787,510,103
1536,40.5,55.5,40.25731248855591,787,546,105
1537,40.5,56.5,40.69268808364868,787,523,101
1538,40.5,57.5,41.05520095825195,787,521,105
1539,40.5,58.5,40.71290626525879,787,520,109
1540,40.5,59.5,40.47541828155517,787,517,105
1541,40.5,60.5,40.44216623306274,787,505,105
1542,40.5,61.5,40.42555475234985,787,490,104
1543,40.5,62.5,40.70904722213745,787,508,111
1544,40.5,63.5,40.9715048789978,787,511,109
1545,40.5,64.5,40.75020170211792,787,504,107
1546,40.5,65.5,38.55400953292846,787,527,113
1547,40.5,66.5,35.1383243560791,787,550,110
1548,40.5,67.5,35.41482515335083,787,529,107
1549,40.5,68.5,38.309765911102296,787,564,112
1550,40.5,69.5,36.26410264968872,787,571,115
1551,41.5,20.5,29.448182392120362,787,639,119
1552,41.5,21.5,31.411833667755126,787,606,115
1553,41.5,22.5,33.73679857254028,787,583,105
1554,41.5,23.5,31.42574405670166,787,631,111
1555,41.5,24.5,28.50703525543213,787,625,108
1556,41.5,25.5,31.30744571685791,787,645,106
1557,41.5,26.5,34.173746299743655,787,623,108
1558,41.5,27.5,32.00432643890381,787,537,101
1559,41.5,28.5,27.741802883148193,787,567,93
1560,41.5,29.5,27.511384105682374,787,589,90
1561,41.5,30.5,27.175961685180663,787,596,85
1562,41.5,31.5,26.224870204925537,787,559,86
1563,41.5,32.5,28.761714935302734,787,520,92
1564,41.5,33.5,28.908942031860352,787,565,102
1565,41.5,34.5,29.34020233154297,787,507,98
1566,41.5,35.5,29.730469226837158,787,477,83
1567,41.5,36.5,26.977085399627686,787,564,92
1568,41.5,37.5,25.944441509246825,787,671,70
1569,41.5,38.5,25.985859489440916,787,701,72
1570,41.5,39.5,25.796421813964844,787,652,76
1571,41.5,40.5,25.950984573364256,787,591,77
1572,41.5,41.5,25.630630111694334,787,438,84
1573,41.5,42.5,25.108405208587648,787,479,89
1574,41.5,43.5,24.5220853805542,787,567,102
1575,41.5,44.5,26.294371509552,787,622,107
1576,41.5,45.5,32.7392780303955,787,636,95
1577,41.5,46.5,33.30235681533813,787,628,98
1578,41.5,47.5,25.092269706726075,787,605,103
1579,41.5,48.5,27.287178421020506,787,584,105
1580,41.5,49.5,28.82712640762329,787,648,105
1581,41.5,50.5,28.303164196014404,787,622,92
1582,41.5,51.5,28.387983131408692,787,644,93
1583,41.5,52.5,29.68909044265747,787,670,96
1584,41.5,53.5,31.691087913513183,787,672,95
1585,41.5,54.5,35.605993843078615,787,543,95
1586,41.5,55.5,39.404014587402344,787,526,104
1587,41.5,56.5,39.88486986160278,787,525,104
1588,41.5,57.5,38.936111259460446,787,512,99
1589,41.5,58.5,40.48718156814575,787,513,104
1590,41.5,59.5,39.918323230743404,787,495,103
1591,41.5,60.5,39.59187803268433,787,499,103
1592,41.5,61.5,40.21473627090454,787,504,100
1593,41.5,62.5,40.27855844497681,787,509,108
1594,41.5,63.5,39.93323354721069,787,514,110
1595,41.5,64.5,39.71621809005737,787,506,110
1596,41.5,65.5,40.3719367980957,787,518,114
1597,41.5,66.5,40.07592010498047,787,540,112
1598,41.5,67.5,39.55410232543945,787,510,105
1599,41.5,68.5,39.073305702209474,787,585,116
1600,41.5,69.5,35.79963359832764,787,586,107
1601,42.5,20.5,29.805077743530273,787,615,118
1602,42.5,21.5,32.499596118927,787,589,110
1603,42.5,22.5,30.37771987915039,787,604,116
1604,42.5,23.5,28.42365274429321,787,577,111
1605,42.5,24.5,29.778155708312987,787,551,101
1606,42.5,25.5,31.96056385040283,787,593,107
1607,42.5,26.5,32.17160701751709,787,586,106
1608,42.5,27.5,29.602293682098388,787,534,98
1609,42.5,28.5,25.87336950302124,787,642,80
1610,42.5,29.5,25.8092791557312,787,696,79
1611,42.5,30.5,25.800495433807374,787,723,77
1612,42.5,31.5,25.804552459716795,787,702,76
1613,42.5,32.5,25.76234369277954,787,697,75
1614,42.5,33.5,25.450915718078612,787,659,79
1615,42.5,34.5,25.696384143829345,787,679,77
1616,42.5,35.5,26.129984188079835,787,748,73
1617,42.5,36.5,25.977419281005858,787,737,67
1618,42.5,37.5,26.281200504302976,787,744,68
1619,42.5,38.5,26.451466464996336,787,712,64
1620,42.5,39.5,26.5663179397583,787,698,70
1621,42.5,40.5,26.65195322036743,787,674,76
1622,42.5,41.5,28.08382997512817,787,508,75
1623,42.5,42.5,29.627598667144774,787,525,99
1624,42.5,43.5,26.702109718322752,787,605,103
1625,42.5,44.5,23.81104640960693,787,624,101
1626,42.5,45.5,23.920022392272948,787,614,109
1627,42.5,46.5,22.538604068756104,787,553,103
1628,42.5,47.5,25.060742568969726,787,544,101
1629,42.5,48.5,27.91933422088623,787,668,91
1630,42.5,49.5,27.973532676696777,787,644,92
1631,42.5,50.5,28.220912742614743,787,684,93
1632,42.5,51.5,28.19109172821045,787,643,93
1633,42.5,52.5,32.47726192474365,787,597,102
1634,42.5,53.5,37.05464391708374,787,616,103
1635,42.5,54.5,39.33469715118408,787,571,112
1636,42.5,55.5,39.25909719467163,787,562,105
1637,42.5,56.5,39.69419584274292,787,574,106
1638,42.5,57.5,37.6000452041626,787,595,105
1639,42.5,58.5,38.99323110580444,787,537,107
1640,42.5,59.5,38.26714611053467,787,558,106
1641,42.5,60.5,39.32931318283081,787,503,102
1642,42.5,61.5,39.91686878204346,787,497,105
1643,42.5,62.5,39.93609457015991,787,489,105
1644,42.5,63.5,39.25722703933716,787,502,112
1645,42.5,64.5,39.10180501937866,787,488,109
1646,42.5,65.5,39.5712571144104,787,516,111
1647,42.5,66.5,40.46848573684692,787,524,116
1648,42.5,67.5,40.68545389175415,787,507,108
1649,42.5,68.5,40.083903789520264,787,509,112
1650,42.5,69.5,36.759403991699216,787,565,106
1651,43.5,20.5,29.789593696594235,787,563,110
1652,43.5,21.5,32.41416149139404,787,550,111
1653,43.5,22.5,31.006567001342773,787,574,114
1654,43.5,23.5,32.17303018569946,787,542,108
1655,43.5,24.5,33.01696519851684,787,573,109
1656,43.5,25.5,32.84623985290527,787,575,110
1657,43.5,26.5,31.374822235107423,787,543,99
1658,43.5,27.5,30.946144390106202,787,598,100
1659,43.5,28.5,27.387818241119383,787,615,97
1660,43.5,29.5,25.73326015472412,787,722,78
1661,43.5,30.5,25.669441032409665,787,732,79
1662,43.5,31.5,25.740602588653566,787,726,73
1663,43.5,32.5,25.795912265777588,787,722,75
1664,43.5,33.5,25.888487529754638,787,716,78
1665,43.5,34.5,25.971395587921144,787,702,72
1666,43.5,35.5,26.040113639831542,787,722,76
1667,43.5,36.5,26.275403213500976,787,726,77
1668,43.5,37.5,26.558987522125243,787,715,79
1669,43.5,38.5,26.895223236083982,787,672,74
1670,43.5,39.5,27.018074417114256,787,654,81
1671,43.5,40.5,25.802056503295898,787,527,96
1672,43.5,41.5,23.662029933929443,787,463,89
1673,43.5,42.5,20.66829357147217,787,472,92
1674,43.5,43.5,23.80118293762207,787,559,107
1675,43.5,44.5,30.28179063796997,787,587,92
1676,43.5,45.5,32.17244424819946,787,595,94
1677,43.5,46.5,32.85655269622803,787,631,95
1678,43.5,47.5,31.276489067077634,787,575,89
1679,43.5,48.5,28.220937252044678,787,620,96
1680,43.5,49.5,28.174224281311034,787,671,96
1681,43.5,50.5,28.398975372314453,787,669,98
1682,43.5,51.5,32.62940845489502,787,570,91
1683,43.5,52.5,37.47268114089966,787,578,101
1684,43.5,53.5,38.7025405883789,787,577,111
1685,43.5,54.5,39.03872556686402,787,576,114
1686,43.5,55.5,38.51971435546875,787,552,103
1687,43.5,56.5,38.66302356719971,787,568,104
1688,43.5,57.5,39.07997436523438,787,529,105
1689,43.5,58.5,38.86151142120361,787,526,108
1690,43.5,59.5,38.86400737762451,787,520,106
1691,43.5,60.5,39.37885141372681,787,508,103
1692,43.5,61.5,39.5656455039978,787,500,106
1693,43.5,62.5,39.426699256896974,787,516,110
1694,43.5,63.5,39.01518621444702,787,489,105
1695,43.5,64.5,39.05887336730957,787,514,109
1696,43.5,65.5,39.337418174743654,787,495,106
1697,43.5,66.5,39.66193447113037,787,510,113
1698,43.5,67.5,39.63094844818115,787,509,112
1699,43.5,68.5,37.19805173873901,787,504,107
1700,43.5,69.5,35.94136905670166,787,475,103
1701,44.5,20.5,33.154818058013916,787,544,103
1702,44.5,21.5,32.38628883361816,787,561,107
1703,44.5,22.5,31.968688488006592,787,587,109
1704,44.5,23.5,33.673722171783446,787,577,104
1705,44.5,24.5,33.43509769439697,787,601,112
1706,44.5,25.5,33.13506603240967,787,600,117
1707,44.5,26.5,33.20360126495361,787,599,110
1708,44.5,27.5,32.780796718597415,787,593,108
1709,44.5,28.5,30.673617935180662,787,597,104
1710,44.5,29.5,26.235847759246827,787,680,84
1711,44.5,30.5,25.750618171691894,787,726,78
1712,44.5,31.5,25.697816944122316,787,729,84
1713,44.5,32.5,25.83226833343506,787,715,84
1714,44.5,33.5,26.55942974090576,787,698,88
1715,44.5,34.5,26.766797065734863,787,683,94
1716,44.5,35.5,26.29334316253662,787,698,89
1717,44.5,36.5,26.471861171722413,787,697,87
1718,44.5,37.5,27.54774351119995,787,673,90
1719,44.5,38.5,29.298163986206056,787,654,93
1720,44.5,39.5,30.688285160064694,787,562,94
1721,44.5,40.5,29.078530406951906,787,554,105
1722,44.5,41.5,29.80315246582031,787,551,99
1723,44.5,42.5,30.485221767425536,787,563,95
1724,44.5,43.5,33.42297811508179,787,578,96
1725,44.5,44.5,35.68742485046386,787,619,100
1726,44.5,45.5,36.31727781295776,787,616,101
1727,44.5,46.5,35.48518085479736,787,595,99
1728,44.5,47.5,30.643614864349363,787,563,95
1729,44.5,48.5,29.17557191848755,787,599,96
1730,44.5,49.5,29.071844482421874,787,626,97
1731,44.5,50.5,30.294845581054688,787,629,108
1732,44.5,51.5,37.21031293869019,787,565,106
1733,44.5,52.5,38.14755525588989,787,559,106
1734,44.5,53.5,37.59957637786865,787,549,104
1735,44.5,54.5,38.28535604476929,787,562,115
1736,44.5,55.5,38.68076591491699,787,540,109
1737,44.5,56.5,38.481000900268555,787,545,103
1738,44.5,57.5,37.96037006378174,787,527,111
1739,44.5,58.5,36.77026138305664,787,507,105
1740,44.5,59.5,34.08683214187622,787,492,105
1741,44.5,60.5,35.81059865951538,787,506,111
1742,44.5,61.5,39.062815284729005,787,536,105
1743,44.5,62.5,38.98966245651245,787,528,112
1744,44.5,63.5,38.70410003662109,787,506,110
1745,44.5,64.5,38.37095365524292,787,490,105
1746,44.5,65.5,38.42438058853149,787,511,109
1747,44.5,66.5,38.55968294143677,787,503,109
1748,44.5,67.5,37.66095285415649,787,486,108
1749,44.5,68.5,37.35021333694458,787,484,110
1750,44.5,69.5,38.100855922698976,787,444,102
1751,45.5,20.5,33.716334438323976,787,555,106
1752,45.5,21.5,32.527846813201904,787,574,107
1753,45.5,22.5,27.985311412811278,787,556,108
1754,45.5,23.5,27.11164741516113,787,572,113
1755,45.5,24.5,27.519191455841064,787,562,110
1756,45.5,25.5,27.04463605880737,787,564,108
1757,45.5,26.5,28.77997875213623,787,553,102
1758,45.5,27.5,32.57678737640381,787,578,103
1759,45.5,28.5,32.076206588745116,787,609,108
1760,45.5,29.5,30.522034454345704,787,613,104
1761,45.5,30.5,26.089188861846925,787,720,87
1762,45.5,31.5,25.96024541854858,787,724,87
1763,45.5,32.5,27.130061244964597,787,681,94
1764,45.5,33.5,30.719349098205562,787,638,98
1765,45.5,34.5,31.83609743118286,787,601,97
1766,45.5,35.5,28.927574825286865,787,576,96
1767,45.5,36.5,28.475967025756834,787,644,104
1768,45.5,37.5,29.62191066741943,787,596,103
1769,45.5,38.5,33.668397617340084,787,570,98
1770,45.5,39.5,33.976034545898436,787,564,95
1771,45.5,40.5,33.959909439086914,787,554,102
1772,45.5,41.5,33.89641447067261,787,571,105
1773,45.5,42.5,34.007167720794676,787,574,104
1774,45.5,43.5,35.036975574493404,787,613,106
1775,45.5,44.5,35.73404569625854,787,593,103
1776,45.5,45.5,36.430778694152835,787,590,105
1777,45.5,46.5,36.09292955398559,787,592,103
1778,45.5,47.5,32.98176612854004,787,592,100
1779,45.5,48.5,30.328117847442627,787,603,96
1780,45.5,49.5,30.13347282409668,787,630,99
1781,45.5,50.5,30.442320251464842,787,591,97
1782,45.5,51.5,32.68909387588501,787,590,109
1783,45.5,52.5,34.140719413757324,787,581,113
1784,45.5,53.5,35.965632915496826,787,556,106
1785,45.5,54.5,34.85579385757446,787,569,100
1786,45.5,55.5,38.41163845062256,787,544,110
1787,45.5,56.5,38.187195014953616,787,552,113
1788,45.5,57.5,37.749853420257566,787,554,116
1789,45.5,58.5,34.55772857666015,787,557,112
1790,45.5,59.5,33.223911666870116,787,565,106
1791,45.5,60.5,34.991636753082275,787,583,112
1792,45.5,61.5,38.194155025482175,787,557,116
1793,45.5,62.5,38.2137565612793,787,538,111
1794,45.5,63.5,37.922592067718504,787,502,111
1795,45.5,64.5,37.50397424697876,787,520,112
1796,45.5,65.5,37.65638046264648,787,507,112
1797,45.5,66.5,37.89054307937622,787,511,113
1798,45.5,67.5,37.69270105361938,787,499,108
1799,45.5,68.5,37.27133092880249,787,475,103
1800,45.5,69.5,37.2288592338562,787,466,101
