date,sequence_start_date,n_heatwave_cells,modal_cluster_counts,modal_frequency,n_pairs_retained,daily_eps,daily_min_samples_mean,daily_min_samples,sequence_eps,sequence_min_samples,n_clusters
1983-07-13,1983-07-13,379,4,19,19,2.6315789473684212,7.578947368421052,8,2.6315789473684212,8,4
1987-07-23,1987-07-23,390,1,23,23,3.5217391304347827,8.347826086956522,8,3.5217391304347827,9,1
1987-07-24,1987-07-23,444,1,31,31,3.2419354838709675,8.064516129032258,8,3.5217391304347827,9,1
1987-07-25,1987-07-23,504,1,24,24,3.3333333333333335,8.791666666666666,9,3.5217391304347827,9,1
1987-07-26,1987-07-23,521,1,24,24,3.375,9.0,9,3.5217391304347827,9,1
1987-07-27,1987-07-23,508,1,37,37,3.189189189189189,7.5675675675675675,8,3.5217391304347827,9,1
1991-06-04,1991-06-04,376,2,35,35,3.242857142857143,8.228571428571428,8,3.242857142857143,8,2
1991-06-05,1991-06-04,374,2,41,41,3.073170731707317,7.804878048780488,8,3.242857142857143,8,2
1998-05-24,1998-05-24,374,3,22,22,2.522727272727273,7.818181818181818,8,3.272727272727273,8,2
1998-05-25,1998-05-24,378,2,42,42,3.0238095238095237,7.4523809523809526,7,3.272727272727273,8,2
1998-05-26,1998-05-24,371,2,33,33,3.272727272727273,7.363636363636363,7,3.272727272727273,8,2
1998-08-01,1998-08-01,437,2,18,18,3.25,8.0,8,3.34375,8,2
1998-08-02,1998-08-01,539,1,32,32,3.34375,7.6875,8,3.34375,8,1
1998-08-03,1998-08-01,608,1,38,38,3.1578947368421053,7.657894736842105,8,3.34375,8,1
1998-08-04,1998-08-01,583,1,39,39,3.141025641025641,7.743589743589744,8,3.34375,8,1
1998-08-05,1998-08-01,556,1,39,39,3.141025641025641,7.743589743589744,8,3.34375,8,1
1998-08-06,1998-08-01,530,1,39,39,3.128205128205128,7.871794871794871,8,3.34375,8,1
1998-08-07,1998-08-01,454,3,41,41,3.0609756097560976,7.829268292682927,8,3.34375,8,3
1998-08-08,1998-08-01,429,2,40,40,2.9875,7.875,8,3.34375,8,2
1998-08-09,1998-08-01,434,2,45,45,2.8444444444444446,7.888888888888889,8,3.34375,8,2
1998-08-10,1998-08-01,444,2,47,47,2.9148936170212765,7.638297872340425,8,3.34375,8,2
1998-08-11,1998-08-01,412,2,36,36,3.2222222222222223,7.611111111111111,8,3.34375,8,2
1999-08-18,1999-08-18,420,4,28,28,2.7142857142857144,6.928571428571429,7,3.5714285714285716,8,4
1999-08-19,1999-08-18,487,3,21,21,3.5714285714285716,7.571428571428571,8,3.5714285714285716,8,3
1999-08-20,1999-08-18,507,2,25,25,3.54,7.72,8,3.5714285714285716,8,2
1999-08-21,1999-08-18,476,1,26,26,3.519230769230769,7.846153846153846,8,3.5714285714285716,8,1
1999-08-22,1999-08-18,431,1,24,24,3.5625,7.708333333333333,8,3.5714285714285716,8,1
2000-07-07,2000-07-07,386,2,20,20,3.175,8.25,8,3.3333333333333335,9,2
2000-07-08,2000-07-07,449,2,22,22,3.159090909090909,9.136363636363637,9,3.3333333333333335,9,2
2000-07-09,2000-07-07,420,1,18,18,3.3333333333333335,9.222222222222221,9,3.3333333333333335,9,1
2000-07-28,2000-07-28,453,2,32,32,2.953125,7.25,7,3.3846153846153846,9,2
2000-07-29,2000-07-28,558,1,27,27,3.0,8.222222222222221,8,3.3846153846153846,9,2
2000-07-30,2000-07-28,584,1,29,29,3.1206896551724137,7.413793103448276,7,3.3846153846153846,9,1
2000-07-31,2000-07-28,561,1,31,31,3.096774193548387,7.387096774193548,7,3.3846153846153846,9,1
2000-08-01,2000-07-28,454,1,26,26,3.3846153846153846,7.923076923076923,8,3.3846153846153846,9,1
2000-08-02,2000-07-28,380,1,29,29,3.310344827586207,8.620689655172415,9,3.3846153846153846,9,1
2001-07-28,2001-07-28,383,1,24,24,3.5625,7.708333333333333,8,3.5625,9,1
2001-07-29,2001-07-28,373,1,21,21,3.5,8.238095238095237,8,3.5625,9,2
2001-07-30,2001-07-28,380,2,21,21,2.6666666666666665,8.761904761904763,9,3.5625,9,2
2001-08-07,2001-08-07,382,3,28,28,3.4107142857142856,7.678571428571429,8,3.4107142857142856,10,3
2001-08-08,2001-08-07,421,3,27,27,2.962962962962963,8.0,8,3.4107142857142856,10,3
2001-08-09,2001-08-07,442,3,23,23,2.869565217391304,7.217391304347826,7,3.4107142857142856,10,3
2001-08-10,2001-08-07,438,1|2,15,30,2.9166666666666665,9.233333333333333,9,3.4107142857142856,10,2
2001-08-11,2001-08-07,447,1,25,25,2.84,9.8,10,3.4107142857142856,10,1
2001-08-12,2001-08-07,391,1,31,31,3.0806451612903225,9.161290322580646,9,3.4107142857142856,10,1
2002-07-16,2002-07-16,414,3,37,37,3.175675675675676,7.702702702702703,8,3.764705882352941,9,3
2002-07-17,2002-07-16,488,3,17,17,3.2058823529411766,9.352941176470589,9,3.764705882352941,9,2
2002-07-18,2002-07-16,584,2,19,19,2.763157894736842,7.947368421052632,8,3.764705882352941,9,1
2002-07-19,2002-07-16,572,1,17,17,3.764705882352941,7.764705882352941,8,3.764705882352941,9,1
2002-07-20,2002-07-16,461,3,36,36,2.9166666666666665,8.305555555555555,8,3.764705882352941,9,3
2002-07-31,2002-07-31,378,1,25,25,3.18,9.6,10,3.18,10,1
2002-08-06,2002-08-06,383,4,20,20,2.775,9.8,10,2.8448275862068964,10,4
2002-08-07,2002-08-06,374,3,29,29,2.8448275862068964,9.620689655172415,10,2.8448275862068964,10,3
2006-08-20,2006-08-20,405,5,15,15,2.2666666666666666,8.533333333333333,9,3.7916666666666665,9,2
2006-08-21,2006-08-20,455,5,36,36,2.861111111111111,8.333333333333334,8,3.7916666666666665,9,4
2006-08-22,2006-08-20,438,5,17,17,2.676470588235294,8.882352941176471,9,3.7916666666666665,9,3
2006-08-23,2006-08-20,377,1,12,12,3.7916666666666665,6.583333333333333,7,3.7916666666666665,9,2
2007-07-25,2007-07-25,408,2,26,26,3.0384615384615383,7.076923076923077,7,3.4210526315789473,9,2
2007-07-26,2007-07-25,455,1,31,31,3.2096774193548385,8.129032258064516,8,3.4210526315789473,9,1
2007-07-27,2007-07-25,450,1,34,34,3.1323529411764706,8.0,8,3.4210526315789473,9,1
2007-07-28,2007-07-25,483,2,21,21,2.857142857142857,6.857142857142857,7,3.4210526315789473,9,1
2007-07-29,2007-07-25,492,2,19,19,3.210526315789474,8.578947368421053,9,3.4210526315789473,9,2
2007-07-30,2007-07-25,478,2,19,19,3.4210526315789473,9.421052631578947,9,3.4210526315789473,9,2
2007-07-31,2007-07-25,410,2,28,28,3.267857142857143,8.75,9,3.4210526315789473,9,2
2007-08-01,2007-07-25,380,1,26,26,3.2884615384615383,9.076923076923077,9,3.4210526315789473,9,1
2010-06-18,2010-06-18,388,5,50,50,2.83,7.64,8,3.1486486486486487,8,5
2010-06-19,2010-06-18,444,4,37,37,3.1486486486486487,8.108108108108109,8,3.1486486486486487,8,4
2010-06-20,2010-06-18,502,3,42,42,3.0714285714285716,7.857142857142857,8,3.1486486486486487,8,3
2010-06-21,2010-06-18,462,3,31,31,2.838709677419355,7.645161290322581,8,3.1486486486486487,8,3
2010-06-22,2010-06-18,394,3,31,31,2.7096774193548385,8.290322580645162,8,3.1486486486486487,8,4
2010-07-08,2010-07-08,405,1,21,21,3.380952380952381,8.904761904761905,9,3.380952380952381,9,3
2010-07-09,2010-07-08,424,1,28,28,3.125,8.892857142857142,9,3.380952380952381,9,2
2010-07-10,2010-07-08,406,1,26,26,3.1346153846153846,9.384615384615385,9,3.380952380952381,9,1
2010-07-11,2010-07-08,427,2,37,37,3.0675675675675675,7.837837837837838,8,3.380952380952381,9,2
2010-07-12,2010-07-08,388,1,44,44,2.965909090909091,7.931818181818182,8,3.380952380952381,9,1
2010-07-13,2010-07-08,411,1,35,35,3.242857142857143,8.028571428571428,8,3.380952380952381,9,1
2010-07-16,2010-07-16,378,4,20,20,2.35,5.95,6,3.125,9,3
2010-07-17,2010-07-16,407,5,22,22,2.772727272727273,8.590909090909092,9,3.125,9,5
2010-07-18,2010-07-16,389,4,20,20,3.125,7.9,8,3.125,9,4
2010-08-01,2010-08-01,380,2,24,24,2.8333333333333335,7.333333333333333,7,2.840909090909091,8,2
2010-08-02,2010-08-01,377,2,22,22,2.840909090909091,6.681818181818182,7,2.840909090909091,8,2
2010-08-03,2010-08-01,382,3,29,29,2.689655172413793,7.862068965517241,8,2.840909090909091,8,3
2010-08-05,2010-08-05,405,4,31,31,2.5806451612903225,6.709677419354839,7,3.392857142857143,9,4
2010-08-06,2010-08-05,464,3,25,25,2.94,7.64,8,3.392857142857143,9,3
2010-08-07,2010-08-05,498,3,26,26,2.9423076923076925,7.384615384615385,7,3.392857142857143,9,3
2010-08-08,2010-08-05,460,2,21,21,3.357142857142857,7.666666666666667,8,3.392857142857143,9,3
2010-08-09,2010-08-05,462,1,28,28,3.392857142857143,7.214285714285714,7,3.392857142857143,9,1
2010-08-10,2010-08-05,468,1,33,33,3.287878787878788,7.606060606060606,8,3.392857142857143,9,1
2010-08-11,2010-08-05,505,1,49,49,2.857142857142857,7.877551020408164,8,3.392857142857143,9,1
2010-08-12,2010-08-05,529,1,44,44,3.0,7.863636363636363,8,3.392857142857143,9,1
2010-08-13,2010-08-05,533,1,30,30,3.2333333333333334,8.733333333333333,9,3.392857142857143,9,1
2010-08-14,2010-08-05,511,1,40,40,3.0125,8.2,8,3.392857142857143,9,1
2010-08-15,2010-08-05,525,1,44,44,2.977272727272727,7.5,8,3.392857142857143,9,1
2010-08-16,2010-08-05,517,2,27,27,2.685185185185185,8.962962962962964,9,3.392857142857143,9,2
2010-08-17,2010-08-05,489,2,25,25,2.94,7.52,8,3.392857142857143,9,2
2010-08-18,2010-08-05,493,1,39,39,3.1025641025641026,7.487179487179487,7,3.392857142857143,9,1
2010-08-19,2010-08-05,513,1,31,31,3.2419354838709675,8.064516129032258,8,3.392857142857143,9,1
2010-08-20,2010-08-05,493,1,32,32,3.15625,8.1875,8,3.392857142857143,9,1
2010-08-21,2010-08-05,398,2,23,23,3.0652173913043477,8.347826086956522,8,3.392857142857143,9,2
2011-07-26,2011-07-26,409,3,22,22,3.25,8.045454545454545,8,3.522727272727273,9,3
2011-07-27,2011-07-26,517,3,23,23,2.9347826086956523,8.434782608695652,8,3.522727272727273,9,3
2011-07-28,2011-07-26,574,1,30,30,3.35,8.1,8,3.522727272727273,9,1
2011-07-29,2011-07-26,611,1,28,28,3.4107142857142856,8.071428571428571,8,3.522727272727273,9,1
2011-07-30,2011-07-26,586,1,22,22,3.522727272727273,8.0,8,3.522727272727273,9,1
2011-07-31,2011-07-26,562,3,17,17,2.4705882352941178,8.705882352941176,9,3.522727272727273,9,1
2011-08-01,2011-07-26,588,3,17,17,2.9411764705882355,8.058823529411764,8,3.522727272727273,9,3
2011-08-02,2011-07-26,620,2,23,23,3.0652173913043477,9.217391304347826,9,3.522727272727273,9,3
2011-08-03,2011-07-26,553,3,24,24,2.9166666666666665,7.333333333333333,7,3.522727272727273,9,2
2011-08-04,2011-07-26,539,3|4,18,36,2.9305555555555554,6.75,7,3.522727272727273,9,4
2011-08-05,2011-07-26,470,4,28,28,3.0,6.214285714285714,6,3.522727272727273,9,4
2012-07-13,2012-07-13,449,2,28,28,3.0535714285714284,8.964285714285714,9,3.5681818181818183,9,2
2012-07-14,2012-07-13,587,2,30,30,3.1666666666666665,8.833333333333334,9,3.5681818181818183,9,2
2012-07-15,2012-07-13,597,3,25,25,2.84,8.24,8,3.5681818181818183,9,3
2012-07-16,2012-07-13,569,2,36,36,2.9444444444444446,8.777777777777779,9,3.5681818181818183,9,2
2012-07-17,2012-07-13,486,2,36,36,3.0972222222222223,8.305555555555555,8,3.5681818181818183,9,2
2012-07-18,2012-07-13,452,2,40,40,2.975,8.4,8,3.5681818181818183,9,2
2012-07-19,2012-07-13,470,2,29,29,3.2586206896551726,8.03448275862069,8,3.5681818181818183,9,2
2012-07-20,2012-07-13,465,2,33,33,3.303030303030303,7.96969696969697,8,3.5681818181818183,9,2
2012-07-21,2012-07-13,435,2,25,25,3.28,6.84,7,3.5681818181818183,9,2
2012-07-22,2012-07-13,453,2,33,33,3.212121212121212,7.787878787878788,8,3.5681818181818183,9,2
2012-07-23,2012-07-13,450,1,22,22,3.5681818181818183,7.181818181818182,7,3.5681818181818183,9,1
2012-07-24,2012-07-13,472,1,27,27,3.4074074074074074,7.444444444444445,7,3.5681818181818183,9,1
2012-07-25,2012-07-13,485,1,34,34,3.25,8.147058823529411,8,3.5681818181818183,9,1
2012-07-26,2012-07-13,455,1,45,45,2.966666666666667,7.6,8,3.5681818181818183,9,1
2012-07-27,2012-07-13,427,1,35,35,3.257142857142857,7.914285714285715,8,3.5681818181818183,9,1
2012-07-28,2012-07-13,421,2,19,19,2.8947368421052633,7.105263157894737,7,3.5681818181818183,9,1
2012-07-29,2012-07-13,393,2,18,18,3.0555555555555554,9.166666666666666,9,3.5681818181818183,9,3
2015-07-16,2015-07-16,388,3,16,16,2.96875,7.9375,8,2.96875,8,3
2015-07-28,2015-07-28,386,1,17,17,3.588235294117647,8.588235294117647,9,3.6538461538461537,10,1
2015-07-29,2015-07-28,499,3,14,14,2.892857142857143,8.428571428571429,8,3.6538461538461537,10,1
2015-07-30,2015-07-28,536,1,13,13,3.6538461538461537,9.23076923076923,9,3.6538461538461537,10,1
2015-07-31,2015-07-28,541,2,36,36,2.6805555555555554,7.361111111111111,7,3.6538461538461537,10,1
2015-08-01,2015-07-28,560,2,25,25,2.3,7.8,8,3.6538461538461537,10,1
2015-08-02,2015-07-28,656,1,46,46,2.9347826086956523,7.586956521739131,8,3.6538461538461537,10,1
2015-08-03,2015-07-28,705,1,34,34,3.2794117647058822,7.647058823529412,8,3.6538461538461537,10,1
2015-08-04,2015-07-28,705,1,34,34,3.2794117647058822,7.647058823529412,8,3.6538461538461537,10,1
2015-08-05,2015-07-28,662,1,39,39,3.128205128205128,7.666666666666667,8,3.6538461538461537,10,1
2015-08-06,2015-07-28,561,1,14,14,3.357142857142857,10.071428571428571,10,3.6538461538461537,10,1
2015-08-07,2015-07-28,449,2,19,19,3.0789473684210527,8.263157894736842,8,3.6538461538461537,10,1
2015-08-08,2015-07-28,438,2,16,16,3.625,8.625,9,3.6538461538461537,10,2
2015-08-09,2015-07-28,450,3,23,23,2.4347826086956523,8.956521739130435,9,3.6538461538461537,10,2
2015-08-10,2015-07-28,495,5,21,21,2.6904761904761907,8.761904761904763,9,3.6538461538461537,10,4
2015-08-11,2015-07-28,512,1|2,12,24,3.5,7.125,7,3.6538461538461537,10,2
2015-08-12,2015-07-28,504,4,12,12,2.7916666666666665,9.833333333333334,10,3.6538461538461537,10,3
2015-08-13,2015-07-28,473,2,14,14,3.4642857142857144,8.785714285714286,9,3.6538461538461537,10,2
2015-08-14,2015-07-28,441,1,19,19,3.6315789473684212,7.0,7,3.6538461538461537,10,1
2015-08-15,2015-07-28,487,2,24,24,3.1666666666666665,8.125,8,3.6538461538461537,10,2
2015-08-16,2015-07-28,490,1,18,18,3.638888888888889,6.888888888888889,7,3.6538461538461537,10,1
2015-08-17,2015-07-28,480,1,36,36,3.1944444444444446,7.444444444444445,7,3.6538461538461537,10,1
2015-08-18,2015-07-28,487,1,27,27,3.4444444444444446,7.333333333333333,7,3.6538461538461537,10,1
2015-08-19,2015-07-28,492,1,27,27,3.4444444444444446,7.333333333333333,7,3.6538461538461537,10,1
2015-08-20,2015-07-28,482,1,27,27,3.4444444444444446,7.333333333333333,7,3.6538461538461537,10,1
2016-06-07,2016-06-07,417,4,16,16,2.625,9.5625,10,3.6578947368421053,10,2
2016-06-08,2016-06-07,387,2,19,19,3.6578947368421053,7.473684210526316,7,3.6578947368421053,10,2
2016-07-17,2016-07-17,393,1,41,41,3.0609756097560976,7.634146341463414,8,3.0609756097560976,8,1
2016-07-18,2016-07-17,371,1,43,43,3.0232558139534884,7.604651162790698,8,3.0609756097560976,8,1
2016-08-03,2016-08-03,372,1,20,20,3.575,6.85,7,3.575,7,1
2017-06-30,2017-06-30,442,5,15,15,2.2,9.133333333333333,9,3.5952380952380953,9,3
2017-07-01,2017-06-30,536,4,24,24,3.0,8.75,9,3.5952380952380953,9,4
2017-07-02,2017-06-30,645,2,23,23,2.9347826086956523,8.695652173913043,9,3.5952380952380953,9,2
2017-07-03,2017-06-30,668,2,23,23,2.847826086956522,8.217391304347826,8,3.5952380952380953,9,1
2017-07-04,2017-06-30,618,1,21,21,3.5952380952380953,7.190476190476191,7,3.5952380952380953,9,1
2017-07-05,2017-06-30,520,3,20,20,2.5,8.9,9,3.5952380952380953,9,2
2017-07-06,2017-06-30,441,2,36,36,2.9722222222222223,8.833333333333334,9,3.5952380952380953,9,2
2017-07-17,2017-07-17,435,1,39,39,3.128205128205128,7.564102564102564,8,3.5,9,1
2017-07-18,2017-07-17,430,1,21,21,3.5,9.0,9,3.5,9,1
2017-07-22,2017-07-22,410,3,22,22,2.9318181818181817,6.909090909090909,7,3.5217391304347827,9,2
2017-07-23,2017-07-22,438,3,26,26,2.6923076923076925,7.8076923076923075,8,3.5217391304347827,9,3
2017-07-24,2017-07-22,382,3,24,24,3.125,9.125,9,3.5217391304347827,9,3
2017-07-25,2017-07-22,394,2,25,25,3.38,8.44,8,3.5217391304347827,9,2
2017-07-26,2017-07-22,437,2,23,23,3.5217391304347827,8.391304347826088,8,3.5217391304347827,9,2
2017-07-27,2017-07-22,469,2,30,30,3.316666666666667,8.333333333333334,8,3.5217391304347827,9,2
2017-07-28,2017-07-22,415,2,26,26,3.3846153846153846,8.423076923076923,8,3.5217391304347827,9,2
2017-07-29,2017-07-22,372,3,36,36,3.0,7.472222222222222,7,3.5217391304347827,9,3
2017-07-30,2017-07-22,374,4,23,23,3.4782608695652173,7.565217391304348,8,3.5217391304347827,9,4
2017-08-01,2017-08-01,394,3,18,18,3.388888888888889,8.61111111111111,9,3.611111111111111,9,3
2017-08-02,2017-08-01,419,2,17,17,3.176470588235294,7.411764705882353,7,3.611111111111111,9,2
2017-08-03,2017-08-01,403,2,31,31,3.1129032258064515,7.161290322580645,7,3.611111111111111,9,2
2017-08-04,2017-08-01,457,2,34,34,3.1470588235294117,7.852941176470588,8,3.611111111111111,9,2
2017-08-05,2017-08-01,507,1,39,39,3.1153846153846154,8.102564102564102,8,3.611111111111111,9,1
2017-08-06,2017-08-01,567,1,32,32,3.046875,8.5,9,3.611111111111111,9,1
2017-08-07,2017-08-01,627,3,27,27,2.5,7.666666666666667,8,3.611111111111111,9,2
2017-08-08,2017-08-01,631,3,19,19,2.736842105263158,8.105263157894736,8,3.611111111111111,9,2
2017-08-09,2017-08-01,647,3,17,17,2.5588235294117645,6.882352941176471,7,3.611111111111111,9,3
2017-08-10,2017-08-01,561,2,19,19,3.1842105263157894,7.947368421052632,8,3.611111111111111,9,1
2017-08-11,2017-08-01,467,3,19,19,2.973684210526316,8.421052631578947,8,3.611111111111111,9,2
2017-08-12,2017-08-01,454,2,18,18,3.611111111111111,7.833333333333333,8,3.611111111111111,9,2
2017-08-13,2017-08-01,371,2,20,20,3.6,7.8,8,3.611111111111111,9,2
2018-07-09,2018-07-09,472,1,28,28,3.4285714285714284,7.428571428571429,7,3.5434782608695654,9,1
2018-07-10,2018-07-09,568,1,31,31,3.306451612903226,7.225806451612903,7,3.5434782608695654,9,1
2018-07-11,2018-07-09,522,1,29,29,3.3793103448275863,7.310344827586207,7,3.5434782608695654,9,1
2018-07-12,2018-07-09,530,1,23,23,3.5434782608695654,8.173913043478262,8,3.5434782608695654,9,1
2018-07-13,2018-07-09,462,2,23,23,3.4130434782608696,7.869565217391305,8,3.5434782608695654,9,2
2018-07-14,2018-07-09,397,4,23,23,3.4782608695652173,8.521739130434783,9,3.5434782608695654,9,4
2018-07-15,2018-07-09,377,3,24,24,2.5625,7.958333333333333,8,3.5434782608695654,9,2
2019-06-26,2019-06-26,411,2,9,9,3.6666666666666665,6.222222222222222,6,3.6666666666666665,8,1
2019-06-27,2019-06-26,391,4,16,16,2.90625,8.25,8,3.6666666666666665,8,2
2019-07-18,2019-07-18,387,2,44,44,2.8295454545454546,8.318181818181818,8,2.988372093023256,8,2
2019-07-19,2019-07-18,401,2,44,44,2.8181818181818183,8.136363636363637,8,2.988372093023256,8,2
2019-07-20,2019-07-18,401,2,43,43,2.988372093023256,7.953488372093023,8,2.988372093023256,8,2
2020-07-19,2020-07-19,380,2,45,45,2.966666666666667,7.644444444444445,8,3.1,8,2
2020-07-20,2020-07-19,430,2,46,46,2.902173913043478,7.934782608695652,8,3.1,8,2
2020-07-21,2020-07-19,399,2,35,35,3.1,8.4,8,3.1,8,2
2020-07-29,2020-07-29,385,4,27,27,2.462962962962963,7.592592592592593,8,3.338709677419355,8,3
2020-07-30,2020-07-29,387,3,31,31,3.338709677419355,7.419354838709677,7,3.338709677419355,8,3
2020-07-31,2020-07-29,374,3,21,21,3.0238095238095237,6.333333333333333,6,3.338709677419355,8,2
2021-06-28,2021-06-28,377,3,22,22,2.9545454545454546,7.909090909090909,8,3.6875,9,3
2021-06-29,2021-06-28,419,3,30,30,2.8833333333333333,7.733333333333333,8,3.6875,9,3
2021-06-30,2021-06-28,415,4,20,20,3.025,8.85,9,3.6875,9,3
2021-07-01,2021-06-28,433,5,18,18,2.5833333333333335,8.277777777777779,8,3.6875,9,3
2021-07-02,2021-06-28,453,2,16,16,3.6875,6.8125,7,3.6875,9,2
2021-07-03,2021-06-28,465,2,16,16,3.65625,6.6875,7,3.6875,9,2
2021-07-04,2021-06-28,440,1,18,18,3.6666666666666665,7.0,7,3.6875,9,1
2021-07-05,2021-06-28,407,2,28,28,3.267857142857143,8.142857142857142,8,3.6875,9,2
2021-07-06,2021-06-28,391,3,26,26,2.9615384615384617,6.653846153846154,7,3.6875,9,2
2021-07-07,2021-06-28,389,2,33,33,3.1666666666666665,7.96969696969697,8,3.6875,9,2
2021-07-08,2021-06-28,385,2,30,30,3.3666666666666667,7.766666666666667,8,3.6875,9,2
2021-07-18,2021-07-18,375,1,35,35,3.142857142857143,8.257142857142858,8,3.4615384615384617,8,1
2021-07-19,2021-07-18,416,1,41,41,3.073170731707317,7.682926829268292,8,3.4615384615384617,8,1
2021-07-20,2021-07-18,450,1,36,36,3.236111111111111,8.0,8,3.4615384615384617,8,1
2021-07-21,2021-07-18,425,1,26,26,3.4615384615384617,8.26923076923077,8,3.4615384615384617,8,1
2021-07-26,2021-07-26,440,4,30,30,2.65,8.166666666666666,8,3.5476190476190474,8,3
2021-07-27,2021-07-26,432,2,21,21,3.5476190476190474,6.904761904761905,7,3.5476190476190474,8,2
2021-07-28,2021-07-26,389,3,45,45,2.966666666666667,7.8,8,3.5476190476190474,8,3
2021-07-31,2021-07-31,376,3,36,36,3.0972222222222223,8.277777777777779,8,3.5681818181818183,8,3
2021-08-01,2021-07-31,435,3,24,24,2.8541666666666665,7.125,7,3.5681818181818183,8,2
2021-08-02,2021-07-31,507,3,33,33,2.803030303030303,6.242424242424242,6,3.5681818181818183,8,3
2021-08-03,2021-07-31,555,3,46,46,2.9456521739130435,7.6521739130434785,8,3.5681818181818183,8,3
2021-08-04,2021-07-31,603,2,24,24,3.5625,7.625,8,3.5681818181818183,8,2
2021-08-05,2021-07-31,617,2,25,25,3.54,7.72,8,3.5681818181818183,8,2
2021-08-06,2021-07-31,612,2,38,38,3.1578947368421053,7.552631578947368,8,3.5681818181818183,8,2
2021-08-07,2021-07-31,543,2,22,22,3.5681818181818183,7.2727272727272725,7,3.5681818181818183,8,2
2021-08-08,2021-07-31,474,2,24,24,3.4791666666666665,7.041666666666667,7,3.5681818181818183,8,2
2021-08-09,2021-07-31,401,5,29,29,2.8620689655172415,7.689655172413793,8,3.5681818181818183,8,5
2021-08-28,2021-08-28,387,1,15,15,3.7666666666666666,8.266666666666667,8,3.7666666666666666,8,1
2022-07-19,2022-07-19,423,2,40,40,3.05,8.075,8,3.05,8,2
2022-07-20,2022-07-19,436,3,33,33,3.0454545454545454,8.0,8,3.05,8,4
2022-07-21,2022-07-19,423,3,30,30,2.8333333333333335,7.7,8,3.05,8,2
2022-07-22,2022-07-19,428,3,35,35,2.8285714285714287,7.057142857142857,7,3.05,8,3
2023-07-12,2023-07-12,379,4,25,25,2.84,8.32,8,2.84,8,4
2023-07-15,2023-07-15,451,2,27,27,2.7222222222222223,7.2592592592592595,7,3.764705882352941,9,1
2023-07-16,2023-07-15,491,1,23,23,3.0217391304347827,9.434782608695652,9,3.764705882352941,9,1
2023-07-17,2023-07-15,548,2,32,32,3.25,8.5,9,3.764705882352941,9,2
2023-07-18,2023-07-15,564,1,16,16,3.65625,7.5625,8,3.764705882352941,9,1
2023-07-19,2023-07-15,586,1,26,26,3.480769230769231,7.384615384615385,7,3.764705882352941,9,1
2023-07-20,2023-07-15,630,1,28,28,3.4285714285714284,7.428571428571429,7,3.764705882352941,9,1
2023-07-21,2023-07-15,662,1,17,17,3.764705882352941,7.764705882352941,8,3.764705882352941,9,1
2023-07-22,2023-07-15,721,3,21,21,3.5,7.571428571428571,8,3.764705882352941,9,3
2023-07-23,2023-07-15,708,2,21,21,3.0,7.333333333333333,7,3.764705882352941,9,1
2023-07-24,2023-07-15,692,1,23,23,3.4782608695652173,7.608695652173913,8,3.764705882352941,9,1
2023-07-25,2023-07-15,650,1,36,36,3.138888888888889,7.861111111111111,8,3.764705882352941,9,1
2023-07-26,2023-07-15,630,1,35,35,3.2714285714285714,7.885714285714286,8,3.764705882352941,9,1
2023-07-27,2023-07-15,552,1,31,31,3.3225806451612905,8.161290322580646,8,3.764705882352941,9,1
2023-07-28,2023-07-15,469,3,28,28,3.0535714285714284,7.964285714285714,8,3.764705882352941,9,2
2023-07-29,2023-07-15,423,3,24,24,3.4375,8.416666666666666,8,3.764705882352941,9,2
2023-07-30,2023-07-15,398,4,22,22,3.522727272727273,7.363636363636363,7,3.764705882352941,9,4
2023-07-31,2023-07-15,419,4,34,34,3.25,7.5,8,3.764705882352941,9,4
2023-08-01,2023-07-15,488,4,21,21,3.238095238095238,8.380952380952381,8,3.764705882352941,9,4
2023-08-02,2023-07-15,545,5,17,17,2.8823529411764706,8.0,8,3.764705882352941,9,4
2023-08-03,2023-07-15,633,3,19,19,3.0789473684210527,8.631578947368421,9,3.764705882352941,9,2
2023-08-04,2023-07-15,591,3,14,14,3.25,6.428571428571429,6,3.764705882352941,9,1
2023-08-05,2023-07-15,563,3,16,16,3.0625,7.4375,7,3.764705882352941,9,1
2023-08-06,2023-07-15,514,1,25,25,3.42,7.96,8,3.764705882352941,9,1
2023-08-07,2023-07-15,472,1,19,19,3.6315789473684212,7.0,7,3.764705882352941,9,1
2023-08-08,2023-07-15,412,2,29,29,3.396551724137931,7.413793103448276,7,3.764705882352941,9,2
2023-08-09,2023-07-15,401,5,16,16,2.15625,7.75,8,3.764705882352941,9,1
2023-08-10,2023-07-15,423,2,21,21,3.5238095238095237,6.761904761904762,7,3.764705882352941,9,2
2023-08-11,2023-07-15,398,2,21,21,3.4761904761904763,8.380952380952381,8,3.764705882352941,9,2
2023-08-13,2023-08-13,390,1,18,18,3.5277777777777777,7.111111111111111,7,3.7333333333333334,9,1
2023-08-14,2023-08-13,442,1,31,31,3.338709677419355,7.516129032258065,8,3.7333333333333334,9,1
2023-08-15,2023-08-13,452,1,29,29,3.3448275862068964,8.137931034482758,8,3.7333333333333334,9,1
2023-08-16,2023-08-13,462,2,20,20,3.05,8.45,8,3.7333333333333334,9,1
2023-08-17,2023-08-13,459,2,34,34,3.2794117647058822,7.735294117647059,8,3.7333333333333334,9,2
2023-08-18,2023-08-13,432,1,26,26,3.423076923076923,8.26923076923077,8,3.7333333333333334,9,1
2023-08-19,2023-08-13,428,1,30,30,3.3,8.3,8,3.7333333333333334,9,1
2023-08-20,2023-08-13,436,1,33,33,3.303030303030303,7.666666666666667,8,3.7333333333333334,9,1
2023-08-21,2023-08-13,449,1,30,30,3.3666666666666667,7.933333333333334,8,3.7333333333333334,9,1
2023-08-22,2023-08-13,442,1,25,25,3.48,7.84,8,3.7333333333333334,9,1
2023-08-23,2023-08-13,504,3,17,17,2.7058823529411766,8.352941176470589,8,3.7333333333333334,9,2
2023-08-24,2023-08-13,618,1,32,32,3.34375,7.6875,8,3.7333333333333334,9,1
2023-08-25,2023-08-13,619,1,31,31,3.370967741935484,8.064516129032258,8,3.7333333333333334,9,1
2023-08-26,2023-08-13,560,2,18,18,2.9166666666666665,8.555555555555555,9,3.7333333333333334,9,1
2023-08-27,2023-08-13,484,1,15,15,3.7333333333333334,8.733333333333333,9,3.7333333333333334,9,1
2023-08-28,2023-08-13,403,2|3,13,26,3.519230769230769,7.846153846153846,8,3.7333333333333334,9,2
2024-05-20,2024-05-20,425,2,53,53,2.7547169811320753,7.69811320754717,8,3.6470588235294117,11,2
2024-05-21,2024-05-20,454,2,51,51,2.8137254901960786,7.803921568627451,8,3.6470588235294117,11,2
2024-05-22,2024-05-20,441,2,46,46,2.891304347826087,8.152173913043478,8,3.6470588235294117,11,2
2024-05-23,2024-05-20,416,2,26,26,3.3846153846153846,7.923076923076923,8,3.6470588235294117,11,2
2024-05-24,2024-05-20,413,2,34,34,3.2794117647058822,7.852941176470588,8,3.6470588235294117,11,2
2024-05-25,2024-05-20,413,1,26,26,3.480769230769231,7.384615384615385,7,3.6470588235294117,11,1
2024-05-26,2024-05-20,421,1,33,33,3.287878787878788,7.484848484848484,7,3.6470588235294117,11,1
2024-05-27,2024-05-20,443,1,36,36,3.2222222222222223,7.611111111111111,8,3.6470588235294117,11,1
2024-05-28,2024-05-20,476,1,36,36,3.2222222222222223,7.611111111111111,8,3.6470588235294117,11,1
2024-05-29,2024-05-20,470,1,36,36,3.1666666666666665,8.194444444444445,8,3.6470588235294117,11,1
2024-05-30,2024-05-20,474,1,23,23,3.5,8.695652173913043,9,3.6470588235294117,11,1
2024-05-31,2024-05-20,501,2,25,25,3.36,7.12,7,3.6470588235294117,11,1
2024-06-01,2024-05-20,542,3,23,23,2.1739130434782608,8.130434782608695,8,3.6470588235294117,11,1
2024-06-02,2024-05-20,496,1|4,17,34,2.8529411764705883,7.588235294117647,8,3.6470588235294117,11,1
2024-06-03,2024-05-20,526,2,17,17,3.6470588235294117,6.882352941176471,7,3.6470588235294117,11,2
2024-06-04,2024-05-20,605,2,19,19,3.5,6.7894736842105265,7,3.6470588235294117,11,1
2024-06-05,2024-05-20,650,2,32,32,2.9375,6.5625,7,3.6470588235294117,11,1
2024-06-06,2024-05-20,690,2,32,32,2.921875,6.53125,7,3.6470588235294117,11,1
2024-06-07,2024-05-20,654,1,40,40,2.975,8.225,8,3.6470588235294117,11,1
2024-06-08,2024-05-20,599,1,46,46,2.9456521739130435,7.673913043478261,8,3.6470588235294117,11,1
2024-06-09,2024-05-20,484,2,28,28,2.75,8.25,8,3.6470588235294117,11,1
2024-06-10,2024-05-20,415,4,32,32,2.828125,8.53125,9,3.6470588235294117,11,4
2024-06-11,2024-05-20,400,5,26,26,2.8076923076923075,8.884615384615385,9,3.6470588235294117,11,5
2024-06-12,2024-05-20,416,5,22,22,3.0681818181818183,8.045454545454545,8,3.6470588235294117,11,5
2024-06-13,2024-05-20,539,3,15,15,3.2666666666666666,6.733333333333333,7,3.6470588235294117,11,2
2024-06-14,2024-05-20,608,1,21,21,3.5952380952380953,7.190476190476191,7,3.6470588235294117,11,1
2024-06-15,2024-05-20,612,1,23,23,3.4347826086956523,8.130434782608695,8,3.6470588235294117,11,1
2024-06-16,2024-05-20,570,2,28,28,2.8392857142857144,7.535714285714286,8,3.6470588235294117,11,1
2024-06-17,2024-05-20,638,3,19,19,3.3157894736842106,9.842105263157896,10,3.6470588235294117,11,3
2024-06-18,2024-05-20,649,3,15,15,3.2666666666666666,7.066666666666666,7,3.6470588235294117,11,3
2024-06-19,2024-05-20,729,2,19,19,3.5526315789473686,7.578947368421052,8,3.6470588235294117,11,2
2024-06-20,2024-05-20,769,3,25,25,3.04,7.24,7,3.6470588235294117,11,2
2024-06-21,2024-05-20,755,2,26,26,3.3076923076923075,8.807692307692308,9,3.6470588235294117,11,2
2024-06-22,2024-05-20,652,3,30,30,2.95,7.833333333333333,8,3.6470588235294117,11,2
2024-06-23,2024-05-20,554,3,24,24,3.125,7.833333333333333,8,3.6470588235294117,11,3
2024-06-24,2024-05-20,506,3,23,23,3.5217391304347827,8.347826086956522,8,3.6470588235294117,11,3
2024-06-25,2024-05-20,474,4,14,14,2.642857142857143,8.571428571428571,9,3.6470588235294117,11,3
2024-06-26,2024-05-20,414,3,11,11,3.0,11.090909090909092,11,3.6470588235294117,11,4
2024-06-27,2024-05-20,427,4,12,12,3.0416666666666665,8.833333333333334,9,3.6470588235294117,11,4
2024-06-28,2024-05-20,376,3,18,18,3.5,9.166666666666666,9,3.6470588235294117,11,3
2024-07-08,2024-07-08,405,3,19,19,3.5,7.473684210526316,7,3.6176470588235294,10,4
2024-07-09,2024-07-08,517,3,20,20,3.35,7.55,8,3.6176470588235294,10,2
2024-07-10,2024-07-08,631,2,23,23,2.9782608695652173,8.391304347826088,8,3.6176470588235294,10,2
2024-07-11,2024-07-08,698,3,16,16,2.40625,7.6875,8,3.6176470588235294,10,2
2024-07-12,2024-07-08,716,1,17,17,3.411764705882353,9.411764705882353,9,3.6176470588235294,10,2
2024-07-13,2024-07-08,658,1,21,21,3.119047619047619,9.523809523809524,10,3.6176470588235294,10,1
2024-07-14,2024-07-08,609,2,20,20,2.925,6.5,7,3.6176470588235294,10,1
2024-07-15,2024-07-08,587,3,14,14,2.5714285714285716,6.714285714285714,7,3.6176470588235294,10,2
2024-07-16,2024-07-08,562,2,28,28,3.4285714285714284,7.428571428571429,7,3.6176470588235294,10,2
2024-07-17,2024-07-08,581,3,34,34,3.264705882352941,7.529411764705882,8,3.6176470588235294,10,3
2024-07-18,2024-07-08,601,2,23,23,3.5652173913043477,7.434782608695652,7,3.6176470588235294,10,2
2024-07-19,2024-07-08,613,2,22,22,3.5,7.0,7,3.6176470588235294,10,2
2024-07-20,2024-07-08,592,2,26,26,3.4038461538461537,7.269230769230769,7,3.6176470588235294,10,2
2024-07-21,2024-07-08,667,1,36,36,3.2222222222222223,7.666666666666667,8,3.6176470588235294,10,1
2024-07-22,2024-07-08,671,1,18,18,3.361111111111111,9.88888888888889,10,3.6176470588235294,10,1
2024-07-23,2024-07-08,659,1,19,19,3.5,9.368421052631579,9,3.6176470588235294,10,1
2024-07-24,2024-07-08,614,1,27,27,3.5,8.0,8,3.6176470588235294,10,1
2024-07-25,2024-07-08,566,2,25,25,3.54,7.76,8,3.6176470588235294,10,2
2024-07-26,2024-07-08,515,3,17,17,3.6176470588235294,6.588235294117647,7,3.6176470588235294,10,3
2024-07-27,2024-07-08,501,4,21,21,3.142857142857143,8.952380952380953,9,3.6176470588235294,10,4
2024-07-28,2024-07-08,486,3,24,24,3.1041666666666665,9.625,10,3.6176470588235294,10,3
2024-07-29,2024-07-08,413,2,13,13,3.4615384615384617,7.0,7,3.6176470588235294,10,2
2024-08-05,2024-08-05,410,2,27,27,3.3333333333333335,7.62962962962963,8,3.611111111111111,9,2
2024-08-06,2024-08-05,419,2,25,25,3.44,7.76,8,3.611111111111111,9,2
2024-08-07,2024-08-05,420,2,17,17,3.5588235294117645,6.823529411764706,7,3.611111111111111,9,2
2024-08-08,2024-08-05,388,2,18,18,3.611111111111111,8.055555555555555,8,3.611111111111111,9,2
2024-08-09,2024-08-05,394,3,11,11,3.409090909090909,6.909090909090909,7,3.611111111111111,9,2
2024-08-10,2024-08-05,414,4,13,13,2.576923076923077,7.0,7,3.611111111111111,9,2
2024-08-11,2024-08-05,450,4,16,16,2.375,8.25,8,3.611111111111111,9,1
2024-08-12,2024-08-05,445,3,17,17,2.8529411764705883,8.882352941176471,9,3.611111111111111,9,2
2024-08-13,2024-08-05,519,2,18,18,2.75,7.888888888888889,8,3.611111111111111,9,1
2024-08-14,2024-08-05,517,3,16,16,2.5,8.25,8,3.611111111111111,9,1
2024-08-15,2024-08-05,485,3,14,14,2.9285714285714284,8.285714285714286,8,3.611111111111111,9,1
2024-08-16,2024-08-05,428,3,20,20,3.25,7.95,8,3.611111111111111,9,3
2024-08-17,2024-08-05,391,3,23,23,2.6739130434782608,8.130434782608695,8,3.611111111111111,9,1
2024-08-18,2024-08-05,377,2,17,17,3.323529411764706,7.705882352941177,8,3.611111111111111,9,2
2024-08-19,2024-08-05,396,1,29,29,3.2586206896551726,7.827586206896552,8,3.611111111111111,9,1
2024-08-20,2024-08-05,399,1,22,22,3.5681818181818183,7.636363636363637,8,3.611111111111111,9,1
2024-08-21,2024-08-05,401,1,22,22,3.590909090909091,7.363636363636363,7,3.611111111111111,9,1
2024-08-22,2024-08-05,421,1,27,27,3.5,8.0,8,3.611111111111111,9,1
2024-08-23,2024-08-05,405,2,31,31,2.870967741935484,8.0,8,3.611111111111111,9,2
2025-06-14,2025-06-14,376,3,19,19,3.1315789473684212,7.0,7,3.3793103448275863,7,3
2025-06-15,2025-06-14,395,4,29,29,3.3793103448275863,7.344827586206897,7,3.3793103448275863,7,4
2025-07-14,2025-07-14,397,1,29,29,3.2413793103448274,8.379310344827585,8,3.6470588235294117,10,1
2025-07-15,2025-07-14,376,1,21,21,3.5476190476190474,8.047619047619047,8,3.6470588235294117,10,1
2025-07-16,2025-07-14,398,2,11,11,3.4545454545454546,5.7272727272727275,6,3.6470588235294117,10,1
2025-07-17,2025-07-14,474,1,16,16,3.53125,9.8125,10,3.6470588235294117,10,1
2025-07-18,2025-07-14,463,1,21,21,3.5714285714285716,8.142857142857142,8,3.6470588235294117,10,1
2025-07-19,2025-07-14,436,2,17,17,3.6470588235294117,8.117647058823529,8,3.6470588235294117,10,2
2025-07-20,2025-07-14,451,5,14,14,3.0,7.428571428571429,7,3.6470588235294117,10,5
2025-07-21,2025-07-14,534,4,15,15,3.033333333333333,7.6,8,3.6470588235294117,10,4
2025-07-22,2025-07-14,745,2,28,28,3.25,7.178571428571429,7,3.6470588235294117,10,2
2025-07-23,2025-07-14,793,2,28,28,3.4642857142857144,8.0,8,3.6470588235294117,10,2
2025-07-24,2025-07-14,825,1,21,21,3.642857142857143,7.666666666666667,8,3.6470588235294117,10,1
2025-07-25,2025-07-14,771,2,23,23,3.130434782608696,9.434782608695652,9,3.6470588235294117,10,2
2025-07-26,2025-07-14,730,2,26,26,3.269230769230769,9.153846153846153,9,3.6470588235294117,10,2
2025-07-27,2025-07-14,698,2,25,25,2.98,6.04,6,3.6470588235294117,10,1
2025-07-28,2025-07-14,624,1,18,18,3.388888888888889,9.277777777777779,9,3.6470588235294117,10,1
2025-07-29,2025-07-14,512,2,15,15,3.6333333333333333,7.466666666666667,7,3.6470588235294117,10,2
2025-07-30,2025-07-14,481,3,15,15,2.966666666666667,7.333333333333333,7,3.6470588235294117,10,1
2025-07-31,2025-07-14,430,3,17,17,2.6470588235294117,7.529411764705882,8,3.6470588235294117,10,1
2025-08-01,2025-07-14,376,2,17,17,3.1470588235294117,8.0,8,3.6470588235294117,10,2
2025-08-07,2025-08-07,404,1,23,23,3.282608695652174,9.391304347826088,9,3.4285714285714284,9,1
2025-08-08,2025-08-07,438,1,28,28,3.2857142857142856,8.928571428571429,9,3.4285714285714284,9,1
2025-08-09,2025-08-07,468,2,28,28,3.107142857142857,8.785714285714286,9,3.4285714285714284,9,2
2025-08-10,2025-08-07,460,2,24,24,2.8958333333333335,9.25,9,3.4285714285714284,9,2
2025-08-11,2025-08-07,478,2,33,33,3.242424242424242,8.393939393939394,8,3.4285714285714284,9,2
2025-08-12,2025-08-07,467,3,14,14,2.9642857142857144,6.428571428571429,6,3.4285714285714284,9,1
2025-08-13,2025-08-07,460,2,19,19,2.9473684210526314,7.2105263157894735,7,3.4285714285714284,9,1
2025-08-14,2025-08-07,466,2,21,21,3.4285714285714284,9.142857142857142,9,3.4285714285714284,9,2
2025-08-15,2025-08-07,421,2,22,22,3.227272727272727,9.090909090909092,9,3.4285714285714284,9,2
