sequence_start_date,end_date,n_days,sequence_eps,sequence_min_samples
1983-07-13,1983-07-13,1,2.6315789473684212,8
1987-07-23,1987-07-27,5,3.5217391304347827,9
1991-06-04,1991-06-05,2,3.242857142857143,8
1998-05-24,1998-05-26,3,3.272727272727273,8
1998-08-01,1998-08-11,11,3.34375,8
1999-08-18,1999-08-22,5,3.5714285714285716,8
2000-07-07,2000-07-09,3,3.3333333333333335,9
2000-07-28,2000-08-02,6,3.3846153846153846,9
2001-07-28,2001-07-30,3,3.5625,9
2001-08-07,2001-08-12,6,3.4107142857142856,10
2002-07-16,2002-07-20,5,3.764705882352941,9
2002-07-31,2002-07-31,1,3.18,10
2002-08-06,2002-08-07,2,2.8448275862068964,10
2006-08-20,2006-08-23,4,3.7916666666666665,9
2007-07-25,2007-08-01,8,3.4210526315789473,9
2010-06-18,2010-06-22,5,3.1486486486486487,8
2010-07-08,2010-07-13,6,3.380952380952381,9
2010-07-16,2010-07-18,3,3.125,9
2010-08-01,2010-08-03,3,2.840909090909091,8
2010-08-05,2010-08-21,17,3.392857142857143,9
2011-07-26,2011-08-05,11,3.522727272727273,9
2012-07-13,2012-07-29,17,3.5681818181818183,9
2015-07-16,2015-07-16,1,2.96875,8
2015-07-28,2015-08-20,24,3.6538461538461537,10
2016-06-07,2016-06-08,2,3.6578947368421053,10
2016-07-17,2016-07-18,2,3.0609756097560976,8
2016-08-03,2016-08-03,1,3.575,7
2017-06-30,2017-07-06,7,3.5952380952380953,9
2017-07-17,2017-07-18,2,3.5,9
2017-07-22,2017-07-30,9,3.5217391304347827,9
2017-08-01,2017-08-13,13,3.611111111111111,9
2018-07-09,2018-07-15,7,3.5434782608695654,9
2019-06-26,2019-06-27,2,3.6666666666666665,8
2019-07-18,2019-07-20,3,2.988372093023256,8
2020-07-19,2020-07-21,3,3.1,8
2020-07-29,2020-07-31,3,3.338709677419355,8
2021-06-28,2021-07-08,11,3.6875,9
2021-07-18,2021-07-21,4,3.4615384615384617,8
2021-07-26,2021-07-28,3,3.5476190476190474,8
2021-07-31,2021-08-09,10,3.5681818181818183,8
2021-08-28,2021-08-28,1,3.7666666666666666,8
2022-07-19,2022-07-22,4,3.05,8
2023-07-12,2023-07-12,1,2.84,8
2023-07-15,2023-08-11,28,3.764705882352941,9
2023-08-13,2023-08-28,16,3.7333333333333334,9
2024-05-20,2024-06-28,40,3.6470588235294117,11
2024-07-08,2024-07-29,22,3.6176470588235294,10
2024-08-05,2024-08-23,19,3.611111111111111,9
2025-06-14,2025-06-15,2,3.3793103448275863,7
2025-07-14,2025-08-01,19,3.6470588235294117,10
2025-08-07,2025-08-15,9,3.4285714285714284,9
