metric,value
days_analyzed,395.0
pct_same_component_count,92.40506329113924
pct_identical_partition,75.18987341772151
pct_very_similar_partition_ARI_ge_0.90,89.36708860759494
median_ARI_incl_noise,1.0
median_ARI_excl_both_noise,1.0
median_NMI_incl_noise,1.0
median_NMI_excl_both_noise,1.0
median_matched_IoU_A_vs_B,1.0
median_matched_centroid_km_A_vs_B,0.0
n_tie_cases_method_A,6.0
n_tie_cases_method_B,7.0
zero_component_days_A,0.0
zero_component_days_B,0.0
mean_selected_eps_A,3.1534277082426825
mean_selected_eps_B,3.103109301551221
A_splits_vs_B_days,15.0
A_merges_vs_B_days,15.0
A_over_splitting_days_vs_baseline,0.0
A_over_merging_days_vs_baseline,393.0
B_over_splitting_days_vs_baseline,0.0
B_over_merging_days_vs_baseline,394.0
A_median_IoU_vs_baseline,0.9703087885985748
B_median_IoU_vs_baseline,0.9714285714285714
A_median_ARI_incl_vs_baseline,0.763075838833415
B_median_ARI_incl_vs_baseline,0.7522611863652342
