method,date,original_lon,original_lat,method_lon,method_lat,shift_km,weight_sum,mean_pct_rank
Tmax,2010-08-01,40.23015873015873,34.62433862433863,40.60195013784334,33.723469996223024,105.96938716971304,13682.474941253662,98.05199695274673
Tmax,2010-08-02,39.42780748663102,34.99465240641711,39.79983369790102,34.15128924639017,99.88439208410492,13118.689569473267,97.72582862556177
Tmax,2010-08-03,39.022427440633244,35.29155672823219,39.38308554074492,34.47839499012229,96.32611370396046,13134.59373664856,96.94252956811589
Tmax,2010-08-04,38.840782122905026,36.05865921787709,39.1863825719932,35.31566720911099,88.4157316726557,12340.844121932983,97.01817683562753
Tmax,2010-08-05,39.58436724565757,36.00868486352357,39.91349433848638,35.3597335145647,78.13078433851251,14159.928131103516,96.75487913592522
Tmax,2010-08-06,40.95140388768898,36.45464362850972,41.325452059405876,35.919801880756594,68.3684306518239,16672.520389556885,97.20442494223032
Tmax,2010-08-07,41.35311871227364,35.7897384305835,41.75242977724207,35.145042974900264,80.38186596873732,18260.266538619995,97.48153426851616
Tmax,2010-08-08,41.44541484716157,35.88646288209607,41.928938560662175,35.10153133271519,97.75242526060683,16698.911363601685,96.97575084586522
Tmax,2010-08-09,41.67391304347826,35.31956521739131,42.35396222857037,34.34751600926281,124.7807736087686,16772.025066375732,96.76022310994713
Tmax,2010-08-10,40.782051282051285,35.07905982905983,41.509840797051986,34.07669973674063,130.0016378708972,16946.618007659912,96.80855743570193
Tmax,2010-08-11,40.246534653465346,34.67029702970297,40.97388916301077,33.68204025884895,128.80236084728043,18475.873155593872,97.0284447430637
Tmax,2010-08-12,39.316635160680526,34.47920604914934,40.018458267630166,33.51831883017989,125.0480531337318,19248.88377380371,96.96229683563627
Tmax,2010-08-13,38.569418386491556,34.61632270168855,39.3036174571374,33.72536063337499,120.04049149937254,19388.295867919922,97.1867186339537
Tmax,2010-08-14,37.593933463796475,35.451076320939336,38.258227432327395,34.71624559269639,101.75147703860598,18278.283475875854,97.27514567679806
Tmax,2010-08-15,37.14190476190476,35.07142857142857,37.85016512885583,34.37251343446867,101.25631360357704,18708.545179367065,96.975763847285
Tmax,2010-08-16,36.96138996138996,34.43629343629344,37.66506928038802,33.69534459613356,104.94859627186086,18519.054594039917,97.26810302487009
Tmax,2010-08-17,37.442740286298566,33.215746421267895,38.06540789677972,32.401853462389,107.71660364116691,17559.003915786743,96.94601606417562
Tmax,2010-08-18,37.441295546558706,33.23886639676113,37.995703641584576,32.4370740011742,103.22535394777529,17523.453718185425,96.49242427750364
Tmax,2010-08-19,38.052529182879375,33.1011673151751,38.59581820637939,32.36912984639152,96.06670857497845,18364.345081329346,96.97548573850102
Tmax,2010-08-20,38.13967611336032,32.649797570850204,38.50908275976111,31.951186586541006,85.18369046938228,17769.457317352295,97.32492026570723
Tmax,2010-08-21,38.608040201005025,31.188442211055275,39.044196187586266,30.67150141415657,71.03605046523667,14659.959951400757,97.22039157536315
Exceed,2010-08-01,40.23015873015873,34.62433862433863,38.26967776143968,37.34628277268964,350.71120027303834,703.206861305237,98.05199695274673
Exceed,2010-08-02,39.42780748663102,34.99465240641711,38.36994924838932,37.645182435284134,309.93761313739304,550.8543992042543,97.72582862556177
Exceed,2010-08-03,39.022427440633244,35.29155672823219,37.795510287981635,37.85635817826957,305.858010314855,491.11522436141985,96.94252956811589
Exceed,2010-08-04,38.840782122905026,36.05865921787709,38.06822280725132,39.29021039906928,366.1197555052651,501.81896848678616,97.01817683562753
Exceed,2010-08-05,39.58436724565757,36.00868486352357,39.38046729741118,39.62615766991335,403.0960763317308,582.0346964836124,96.75487913592522
Exceed,2010-08-06,40.95140388768898,36.45464362850972,40.497399745023365,39.38436515705965,328.5645477119301,752.1713321685793,97.20442494223032
Exceed,2010-08-07,41.35311871227364,35.7897384305835,40.36210703700581,38.68891770006542,334.4734719203618,845.2640486717227,97.48153426851616
Exceed,2010-08-08,41.44541484716157,35.88646288209607,39.0476345681831,39.451077337806396,449.55643081828794,655.2733656883242,96.97575084586522
Exceed,2010-08-09,41.67391304347826,35.31956521739131,39.67835455847835,39.58844190828077,506.87730442000884,596.4329786300661,96.76022310994713
Exceed,2010-08-10,40.782051282051285,35.07905982905983,39.682325280894446,39.7102018687974,524.6329846791035,634.4990011215212,96.80855743570193
Exceed,2010-08-11,40.246534653465346,34.67029702970297,39.382754224412636,38.65726893456964,450.48211972035,718.2282061576846,97.0284447430637
Exceed,2010-08-12,39.316635160680526,34.47920604914934,37.8659456010708,37.94240174824011,406.94677673898025,721.0686841964723,96.96229683563627
Exceed,2010-08-13,38.569418386491556,34.61632270168855,36.69412859006702,38.09078921790435,421.7391067170788,732.4126217842105,97.1867186339537
Exceed,2010-08-14,37.593933463796475,35.451076320939336,35.86356077617937,39.217193081959046,446.3442401518847,740.370667076111,97.27514567679806
Exceed,2010-08-15,37.14190476190476,35.07142857142857,35.289980773493454,39.62694701421351,532.9438329534463,710.144299411774,96.975763847285
Exceed,2010-08-16,36.96138996138996,34.43629343629344,35.14429134931816,38.07398709604894,436.5660249757307,720.8462903022769,97.26810302487009
Exceed,2010-08-17,37.442740286298566,33.215746421267895,35.82213531227932,36.46486300651674,390.82587095426175,576.5188211441042,96.94601606417562
Exceed,2010-08-18,37.441295546558706,33.23886639676113,37.85942230669721,35.804435355895045,288.1623964824787,515.375174045563,96.49242427750364
Exceed,2010-08-19,38.052529182879375,33.1011673151751,38.7144506246803,34.88068848167541,207.30327594517888,631.4180529594423,96.97548573850102
Exceed,2010-08-20,38.13967611336032,32.649797570850204,36.85405897094028,33.65103968611311,163.6461694254596,678.3996862411502,97.32492026570723
Exceed,2010-08-21,38.608040201005025,31.188442211055275,38.191783651755834,31.805800627776254,79.27244732209566,481.62201719284076,97.22039157536315
PercentileAbove95,2010-08-01,40.23015873015873,34.62433862433863,39.120176055555966,35.54619891267062,144.06494735292395,1287.3713305375525,98.05199695274673
PercentileAbove95,2010-08-02,39.42780748663102,34.99465240641711,38.685916431922315,35.73329881612345,106.28762911125752,1162.793874698183,97.72582862556177
PercentileAbove95,2010-08-03,39.022427440633244,35.29155672823219,37.80393596775076,36.311846107387176,158.1227919905513,1079.4058965561062,96.94252956811589
PercentileAbove95,2010-08-04,38.840782122905026,36.05865921787709,37.94368453645478,37.57046219398841,186.31908836345738,1048.6376922099378,97.01817683562753
PercentileAbove95,2010-08-05,39.58436724565757,36.00868486352357,38.8402250478754,37.55378003651476,184.3527711263669,1138.7418985894014,96.75487913592522
PercentileAbove95,2010-08-06,40.95140388768898,36.45464362850972,40.31229108395989,38.13512332194368,195.4455535855327,1369.406531960859,97.20442494223032
PercentileAbove95,2010-08-07,41.35311871227364,35.7897384305835,40.36734127584442,37.20180892796824,180.25411246623585,1533.075994408438,97.48153426851616
PercentileAbove95,2010-08-08,41.44541484716157,35.88646288209607,39.35652533923302,37.6785891867481,272.92058166747336,1225.4981573262169,96.97575084586522
PercentileAbove95,2010-08-09,41.67391304347826,35.31956521739131,40.01466621220495,37.25709233695788,262.08097378144845,1196.8147159740752,96.76022310994713
PercentileAbove95,2010-08-10,40.782051282051285,35.07905982905983,39.43214936953687,37.88002490098144,334.3962760758809,1188.5938492819926,96.80855743570193
PercentileAbove95,2010-08-11,40.246534653465346,34.67029702970297,39.335817138738705,36.776334412132435,248.47187991738218,1385.8997331300034,97.0284447430637
PercentileAbove95,2010-08-12,39.316635160680526,34.47920604914934,38.29024096586441,35.86208286106292,180.05974008212843,1486.1348328885501,96.96229683563627
PercentileAbove95,2010-08-13,38.569418386491556,34.61632270168855,37.470594608030986,36.077452330892484,190.81567514628048,1533.7241072563222,97.1867186339537
PercentileAbove95,2010-08-14,37.593933463796475,35.451076320939336,36.2514980932173,37.05867319758044,215.74963997628097,1461.064302960986,97.27514567679806
PercentileAbove95,2010-08-15,37.14190476190476,35.07142857142857,35.4615527692552,37.20146071664518,281.15068677266225,1448.4470707840896,96.975763847285
PercentileAbove95,2010-08-16,36.96138996138996,34.43629343629344,35.64382170162073,36.06011249415664,216.84766702087566,1516.9170161392803,97.26810302487009
PercentileAbove95,2010-08-17,37.442740286298566,33.215746421267895,35.8614508174587,34.753661864402766,224.97627226322325,1341.218706315923,96.94601606417562
PercentileAbove95,2010-08-18,37.441295546558706,33.23886639676113,36.6340705867706,34.74247134018879,183.21464083597087,1265.718642775448,96.49242427750364
PercentileAbove95,2010-08-19,38.052529182879375,33.1011673151751,37.51129771245422,33.95231720658051,107.23905409269285,1456.7213114754097,96.97548573850102
PercentileAbove95,2010-08-20,38.13967611336032,32.649797570850204,36.807287042093144,33.11894921233138,135.06172906594904,1527.8313635785994,97.32492026570723
PercentileAbove95,2010-08-21,38.608040201005025,31.188442211055275,37.52591778752479,31.292577766237773,103.6449551918558,1184.4249586986912,97.22039157536315
Hybrid,2010-08-01,40.23015873015873,34.62433862433863,38.4378450392801,36.65977272489262,278.6243035239052,25549.674637874436,98.05199695274673
Hybrid,2010-08-02,39.42780748663102,34.99465240641711,38.49278554118202,37.03530889975987,242.2655719353992,19314.149737195665,97.72582862556177
Hybrid,2010-08-03,39.022427440633244,35.29155672823219,37.97608647589673,37.285055513163215,240.9599675765454,17023.952188754265,96.94252956811589
Hybrid,2010-08-04,38.840782122905026,36.05865921787709,38.18597854764287,38.79580281085573,310.1486150596261,17208.184503329503,97.01817683562753
Hybrid,2010-08-05,39.58436724565757,36.00868486352357,39.56028302585013,39.205151239767645,355.83697601499705,19783.349497111085,96.75487913592522
Hybrid,2010-08-06,40.95140388768898,36.45464362850972,40.867748655624844,39.04875600341371,288.87044559447514,26215.958320441016,97.20442494223032
Hybrid,2010-08-07,41.35311871227364,35.7897384305835,40.64949418816273,38.183820815709296,273.75478668887973,30083.140619234895,97.48153426851616
Hybrid,2010-08-08,41.44541484716157,35.88646288209607,39.37237013962772,38.90150851340255,382.44655570397373,22889.16694271107,96.97575084586522
Hybrid,2010-08-09,41.67391304347826,35.31956521739131,40.18871559902719,38.866985873264106,416.33750796103,20702.181768963186,96.76022310994713
Hybrid,2010-08-10,40.782051282051285,35.07905982905983,40.156614560517525,39.03118931731152,443.4458692427332,21833.54340983233,96.80855743570193
Hybrid,2010-08-11,40.246534653465346,34.67029702970297,39.88852390347344,37.849250120099896,355.3371843525808,25273.80850025396,97.0284447430637
Hybrid,2010-08-12,39.316635160680526,34.47920604914934,38.50631940905663,37.09120258602947,299.8338022317051,25534.578326571387,96.96229683563627
Hybrid,2010-08-13,38.569418386491556,34.61632270168855,37.22397670821758,37.298542079395396,322.25898996637665,25693.908561314012,97.1867186339537
Hybrid,2010-08-14,37.593933463796475,35.451076320939336,36.298475270009654,38.71240681576866,380.8440736162969,25165.870621988106,97.27514567679806
Hybrid,2010-08-15,37.14190476190476,35.07142857142857,35.68745045521688,39.27366710816864,485.2574660225371,23821.41709699316,96.975763847285
Hybrid,2010-08-16,36.96138996138996,34.43629343629344,35.66749949724924,37.49154454350481,359.5361799395408,24589.307445632694,97.26810302487009
Hybrid,2010-08-17,37.442740286298566,33.215746421267895,36.33075396941499,35.74367912937698,299.3384795058575,19651.297824340698,96.94601606417562
Hybrid,2010-08-18,37.441295546558706,33.23886639676113,38.38553327562327,35.04906905815315,219.48802795505605,17511.50456119305,96.49242427750364
Hybrid,2010-08-19,38.052529182879375,33.1011673151751,39.344584292269964,34.28390788748965,177.9223671108587,22680.981867834213,96.97548573850102
Hybrid,2010-08-20,38.13967611336032,32.649797570850204,37.24446506511282,33.042888838191615,94.4688538893328,24830.167040180357,97.32492026570723
Hybrid,2010-08-21,38.608040201005025,31.188442211055275,38.58437816799784,31.39861004182712,23.503907245112305,18097.786448295446,97.22039157536315
